[06-Sep-2026 20:53:42 America/Bogota] SQLite requested path: C:\xampp\htdocs\nombre_de_empresa\database\database.db
[06-Sep-2026 20:53:42 America/Bogota] SQLite directory exists: yes
[06-Sep-2026 20:53:42 America/Bogota] SQLite directory writable: yes
[06-Sep-2026 20:53:42 America/Bogota] SQLite file exists: yes
[06-Sep-2026 20:53:42 America/Bogota] SQLite file writable: yes
[06-Sep-2026 20:53:42 America/Bogota] Conectando SQLite con DSN: sqlite:C:\xampp\htdocs\nombre_de_empresa\database\database.db
[06-Sep-2026 20:53:42 America/Bogota] SQLite requested path: C:\xampp\htdocs\nombre_de_empresa\database\database.db
[06-Sep-2026 20:53:42 America/Bogota] SQLite directory exists: yes
[06-Sep-2026 20:53:42 America/Bogota] SQLite directory writable: yes
[06-Sep-2026 20:53:42 America/Bogota] SQLite file exists: yes
[06-Sep-2026 20:53:42 America/Bogota] SQLite file writable: yes
[06-Sep-2026 20:53:42 America/Bogota] Conectando SQLite con DSN: sqlite:C:\xampp\htdocs\nombre_de_empresa\database\database.db
[06-Sep-2026 20:53:42 America/Bogota] SQLite requested path: C:\xampp\htdocs\nombre_de_empresa\database\database.db
[06-Sep-2026 20:53:42 America/Bogota] SQLite directory exists: yes
[06-Sep-2026 20:53:42 America/Bogota] SQLite directory writable: yes
[06-Sep-2026 20:53:42 America/Bogota] SQLite file exists: yes
[06-Sep-2026 20:53:42 America/Bogota] SQLite file writable: yes
[06-Sep-2026 20:53:42 America/Bogota] Conectando SQLite con DSN: sqlite:C:\xampp\htdocs\nombre_de_empresa\database\database.db
[06-Sep-2026 20:53:42 America/Bogota] SQLite requested path: C:\xampp\htdocs\nombre_de_empresa\database\database.db
[06-Sep-2026 20:53:42 America/Bogota] SQLite directory exists: yes
[06-Sep-2026 20:53:42 America/Bogota] SQLite directory writable: yes
[06-Sep-2026 20:53:42 America/Bogota] SQLite file exists: yes
[06-Sep-2026 20:53:42 America/Bogota] SQLite file writable: yes
[06-Sep-2026 20:53:42 America/Bogota] Conectando SQLite con DSN: sqlite:C:\xampp\htdocs\nombre_de_empresa\database\database.db
[06-Sep-2026 20:53:48 America/Bogota] SQLite requested path: C:\xampp\htdocs\nombre_de_empresa\database\database.db
[06-Sep-2026 20:53:48 America/Bogota] SQLite directory exists: yes
[06-Sep-2026 20:53:48 America/Bogota] SQLite directory writable: yes
[06-Sep-2026 20:53:48 America/Bogota] SQLite file exists: yes
[06-Sep-2026 20:53:48 America/Bogota] SQLite file writable: yes
[06-Sep-2026 20:53:48 America/Bogota] Conectando SQLite con DSN: sqlite:C:\xampp\htdocs\nombre_de_empresa\database\database.db
[06-Sep-2026 20:53:48 America/Bogota] SQLite requested path: C:\xampp\htdocs\nombre_de_empresa\database\database.db
[06-Sep-2026 20:53:48 America/Bogota] SQLite directory exists: yes
[06-Sep-2026 20:53:48 America/Bogota] SQLite directory writable: yes
[06-Sep-2026 20:53:48 America/Bogota] SQLite file exists: yes
[06-Sep-2026 20:53:48 America/Bogota] SQLite file writable: yes
[06-Sep-2026 20:53:48 America/Bogota] Conectando SQLite con DSN: sqlite:C:\xampp\htdocs\nombre_de_empresa\database\database.db
[06-Sep-2026 20:53:48 America/Bogota] SQLite requested path: C:\xampp\htdocs\nombre_de_empresa\database\database.db
[06-Sep-2026 20:53:48 America/Bogota] SQLite directory exists: yes
[06-Sep-2026 20:53:48 America/Bogota] SQLite directory writable: yes
[06-Sep-2026 20:53:48 America/Bogota] SQLite file exists: yes
[06-Sep-2026 20:53:48 America/Bogota] SQLite file writable: yes
[06-Sep-2026 20:53:48 America/Bogota] Conectando SQLite con DSN: sqlite:C:\xampp\htdocs\nombre_de_empresa\database\database.db
[06-Sep-2026 20:53:49 America/Bogota] SQLite requested path: C:\xampp\htdocs\nombre_de_empresa\database\database.db
[06-Sep-2026 20:53:49 America/Bogota] SQLite directory exists: yes
[06-Sep-2026 20:53:49 America/Bogota] SQLite directory writable: yes
[06-Sep-2026 20:53:49 America/Bogota] SQLite file exists: yes
[06-Sep-2026 20:53:49 America/Bogota] SQLite file writable: yes
[06-Sep-2026 20:53:49 America/Bogota] Conectando SQLite con DSN: sqlite:C:\xampp\htdocs\nombre_de_empresa\database\database.db
[06-Sep-2026 20:53:59 America/Bogota] SQLite requested path: C:\xampp\htdocs\nombre_de_empresa\database\database.db
[06-Sep-2026 20:53:59 America/Bogota] SQLite directory exists: yes
[06-Sep-2026 20:53:59 America/Bogota] SQLite directory writable: yes
[06-Sep-2026 20:53:59 America/Bogota] SQLite file exists: yes
[06-Sep-2026 20:53:59 America/Bogota] SQLite file writable: yes
[06-Sep-2026 20:53:59 America/Bogota] Conectando SQLite con DSN: sqlite:C:\xampp\htdocs\nombre_de_empresa\database\database.db
[06-Sep-2026 20:53:59 America/Bogota] SQLite requested path: C:\xampp\htdocs\nombre_de_empresa\database\database.db
[06-Sep-2026 20:53:59 America/Bogota] SQLite directory exists: yes
[06-Sep-2026 20:53:59 America/Bogota] SQLite directory writable: yes
[06-Sep-2026 20:53:59 America/Bogota] SQLite file exists: yes
[06-Sep-2026 20:53:59 America/Bogota] SQLite file writable: yes
[06-Sep-2026 20:53:59 America/Bogota] Conectando SQLite con DSN: sqlite:C:\xampp\htdocs\nombre_de_empresa\database\database.db
[06-Sep-2026 20:54:14 America/Bogota] SQLite requested path: C:\xampp\htdocs\nombre_de_empresa\database\database.db
[06-Sep-2026 20:54:14 America/Bogota] SQLite directory exists: yes
[06-Sep-2026 20:54:14 America/Bogota] SQLite directory writable: yes
[06-Sep-2026 20:54:14 America/Bogota] SQLite file exists: yes
[06-Sep-2026 20:54:14 America/Bogota] SQLite file writable: yes
[06-Sep-2026 20:54:14 America/Bogota] Conectando SQLite con DSN: sqlite:C:\xampp\htdocs\nombre_de_empresa\database\database.db
[06-Sep-2026 20:54:14 America/Bogota] SQLite requested path: C:\xampp\htdocs\nombre_de_empresa\database\database.db
[06-Sep-2026 20:54:14 America/Bogota] SQLite directory exists: yes
[06-Sep-2026 20:54:14 America/Bogota] SQLite directory writable: yes
[06-Sep-2026 20:54:14 America/Bogota] SQLite file exists: yes
[06-Sep-2026 20:54:14 America/Bogota] SQLite file writable: yes
[06-Sep-2026 20:54:14 America/Bogota] Conectando SQLite con DSN: sqlite:C:\xampp\htdocs\nombre_de_empresa\database\database.db
[06-Sep-2026 20:54:14 America/Bogota] SQLite requested path: C:\xampp\htdocs\nombre_de_empresa\database\database.db
[06-Sep-2026 20:54:14 America/Bogota] SQLite directory exists: yes
[06-Sep-2026 20:54:14 America/Bogota] SQLite directory writable: yes
[06-Sep-2026 20:54:14 America/Bogota] SQLite file exists: yes
[06-Sep-2026 20:54:14 America/Bogota] SQLite file writable: yes
[06-Sep-2026 20:54:14 America/Bogota] Conectando SQLite con DSN: sqlite:C:\xampp\htdocs\nombre_de_empresa\database\database.db
[06-Sep-2026 20:54:14 America/Bogota] SQLite requested path: C:\xampp\htdocs\nombre_de_empresa\database\database.db
[06-Sep-2026 20:54:14 America/Bogota] SQLite directory exists: yes
[06-Sep-2026 20:54:14 America/Bogota] SQLite directory writable: yes
[06-Sep-2026 20:54:14 America/Bogota] SQLite file exists: yes
[06-Sep-2026 20:54:14 America/Bogota] SQLite file writable: yes
[06-Sep-2026 20:54:14 America/Bogota] Conectando SQLite con DSN: sqlite:C:\xampp\htdocs\nombre_de_empresa\database\database.db
[06-Sep-2026 20:57:42 America/Bogota] SQLite requested path: C:\xampp\htdocs\nombre_de_empresa\database\database.db
[06-Sep-2026 20:57:42 America/Bogota] SQLite directory exists: yes
[06-Sep-2026 20:57:42 America/Bogota] SQLite directory writable: yes
[06-Sep-2026 20:57:42 America/Bogota] SQLite file exists: yes
[06-Sep-2026 20:57:42 America/Bogota] SQLite file writable: yes
[06-Sep-2026 20:57:42 America/Bogota] Conectando SQLite con DSN: sqlite:C:\xampp\htdocs\nombre_de_empresa\database\database.db
[06-Sep-2026 20:57:42 America/Bogota] SQLite requested path: C:\xampp\htdocs\nombre_de_empresa\database\database.db
[06-Sep-2026 20:57:42 America/Bogota] SQLite directory exists: yes
[06-Sep-2026 20:57:42 America/Bogota] SQLite directory writable: yes
[06-Sep-2026 20:57:42 America/Bogota] SQLite file exists: yes
[06-Sep-2026 20:57:42 America/Bogota] SQLite file writable: yes
[06-Sep-2026 20:57:42 America/Bogota] Conectando SQLite con DSN: sqlite:C:\xampp\htdocs\nombre_de_empresa\database\database.db
[06-Sep-2026 20:57:42 America/Bogota] SQLite requested path: C:\xampp\htdocs\nombre_de_empresa\database\database.db
[06-Sep-2026 20:57:42 America/Bogota] SQLite directory exists: yes
[06-Sep-2026 20:57:42 America/Bogota] SQLite directory writable: yes
[06-Sep-2026 20:57:42 America/Bogota] SQLite file exists: yes
[06-Sep-2026 20:57:42 America/Bogota] SQLite file writable: yes
[06-Sep-2026 20:57:42 America/Bogota] Conectando SQLite con DSN: sqlite:C:\xampp\htdocs\nombre_de_empresa\database\database.db
[06-Sep-2026 20:57:42 America/Bogota] SQLite requested path: C:\xampp\htdocs\nombre_de_empresa\database\database.db
[06-Sep-2026 20:57:42 America/Bogota] SQLite directory exists: yes
[06-Sep-2026 20:57:42 America/Bogota] SQLite directory writable: yes
[06-Sep-2026 20:57:42 America/Bogota] SQLite file exists: yes
[06-Sep-2026 20:57:42 America/Bogota] SQLite file writable: yes
[06-Sep-2026 20:57:42 America/Bogota] Conectando SQLite con DSN: sqlite:C:\xampp\htdocs\nombre_de_empresa\database\database.db
[06-Sep-2026 20:57:52 America/Bogota] SQLite requested path: C:\xampp\htdocs\nombre_de_empresa\database\database.db
[06-Sep-2026 20:57:52 America/Bogota] SQLite directory exists: yes
[06-Sep-2026 20:57:52 America/Bogota] SQLite directory writable: yes
[06-Sep-2026 20:57:52 America/Bogota] SQLite file exists: yes
[06-Sep-2026 20:57:52 America/Bogota] SQLite file writable: yes
[06-Sep-2026 20:57:52 America/Bogota] Conectando SQLite con DSN: sqlite:C:\xampp\htdocs\nombre_de_empresa\database\database.db
[06-Sep-2026 20:57:52 America/Bogota] SQLite requested path: C:\xampp\htdocs\nombre_de_empresa\database\database.db
[06-Sep-2026 20:57:52 America/Bogota] SQLite directory exists: yes
[06-Sep-2026 20:57:52 America/Bogota] SQLite directory writable: yes
[06-Sep-2026 20:57:52 America/Bogota] SQLite file exists: yes
[06-Sep-2026 20:57:52 America/Bogota] SQLite file writable: yes
[06-Sep-2026 20:57:52 America/Bogota] Conectando SQLite con DSN: sqlite:C:\xampp\htdocs\nombre_de_empresa\database\database.db
[06-Sep-2026 20:57:52 America/Bogota] SQLite requested path: C:\xampp\htdocs\nombre_de_empresa\database\database.db
[06-Sep-2026 20:57:52 America/Bogota] SQLite directory exists: yes
[06-Sep-2026 20:57:52 America/Bogota] SQLite directory writable: yes
[06-Sep-2026 20:57:52 America/Bogota] SQLite file exists: yes
[06-Sep-2026 20:57:52 America/Bogota] SQLite file writable: yes
[06-Sep-2026 20:57:52 America/Bogota] Conectando SQLite con DSN: sqlite:C:\xampp\htdocs\nombre_de_empresa\database\database.db
[06-Sep-2026 20:57:52 America/Bogota] SQLite requested path: C:\xampp\htdocs\nombre_de_empresa\database\database.db
[06-Sep-2026 20:57:52 America/Bogota] SQLite directory exists: yes
[06-Sep-2026 20:57:52 America/Bogota] SQLite directory writable: yes
[06-Sep-2026 20:57:52 America/Bogota] SQLite file exists: yes
[06-Sep-2026 20:57:52 America/Bogota] SQLite file writable: yes
[06-Sep-2026 20:57:52 America/Bogota] Conectando SQLite con DSN: sqlite:C:\xampp\htdocs\nombre_de_empresa\database\database.db
[06-Sep-2026 20:58:21 America/Bogota] SQLite requested path: C:\xampp\htdocs\nombre_de_empresa\database\database.db
[06-Sep-2026 20:58:21 America/Bogota] SQLite directory exists: yes
[06-Sep-2026 20:58:21 America/Bogota] SQLite directory writable: yes
[06-Sep-2026 20:58:21 America/Bogota] SQLite file exists: yes
[06-Sep-2026 20:58:21 America/Bogota] SQLite file writable: yes
[06-Sep-2026 20:58:21 America/Bogota] Conectando SQLite con DSN: sqlite:C:\xampp\htdocs\nombre_de_empresa\database\database.db
[06-Sep-2026 20:58:21 America/Bogota] SQLite requested path: C:\xampp\htdocs\nombre_de_empresa\database\database.db
[06-Sep-2026 20:58:21 America/Bogota] SQLite directory exists: yes
[06-Sep-2026 20:58:21 America/Bogota] SQLite directory writable: yes
[06-Sep-2026 20:58:21 America/Bogota] SQLite file exists: yes
[06-Sep-2026 20:58:21 America/Bogota] SQLite file writable: yes
[06-Sep-2026 20:58:21 America/Bogota] Conectando SQLite con DSN: sqlite:C:\xampp\htdocs\nombre_de_empresa\database\database.db
[06-Sep-2026 20:58:21 America/Bogota] SQLite requested path: C:\xampp\htdocs\nombre_de_empresa\database\database.db
[06-Sep-2026 20:58:21 America/Bogota] SQLite directory exists: yes
[06-Sep-2026 20:58:21 America/Bogota] SQLite directory writable: yes
[06-Sep-2026 20:58:21 America/Bogota] SQLite file exists: yes
[06-Sep-2026 20:58:21 America/Bogota] SQLite file writable: yes
[06-Sep-2026 20:58:21 America/Bogota] Conectando SQLite con DSN: sqlite:C:\xampp\htdocs\nombre_de_empresa\database\database.db
[06-Sep-2026 20:58:21 America/Bogota] SQLite requested path: C:\xampp\htdocs\nombre_de_empresa\database\database.db
[06-Sep-2026 20:58:21 America/Bogota] SQLite directory exists: yes
[06-Sep-2026 20:58:21 America/Bogota] SQLite directory writable: yes
[06-Sep-2026 20:58:21 America/Bogota] SQLite file exists: yes
[06-Sep-2026 20:58:21 America/Bogota] SQLite file writable: yes
[06-Sep-2026 20:58:21 America/Bogota] Conectando SQLite con DSN: sqlite:C:\xampp\htdocs\nombre_de_empresa\database\database.db
[06-Sep-2026 20:58:27 America/Bogota] SQLite requested path: C:\xampp\htdocs\nombre_de_empresa\database\database.db
[06-Sep-2026 20:58:27 America/Bogota] SQLite directory exists: yes
[06-Sep-2026 20:58:27 America/Bogota] SQLite directory writable: yes
[06-Sep-2026 20:58:27 America/Bogota] SQLite file exists: yes
[06-Sep-2026 20:58:27 America/Bogota] SQLite file writable: yes
[06-Sep-2026 20:58:27 America/Bogota] Conectando SQLite con DSN: sqlite:C:\xampp\htdocs\nombre_de_empresa\database\database.db
[06-Sep-2026 20:58:27 America/Bogota] SQLite requested path: C:\xampp\htdocs\nombre_de_empresa\database\database.db
[06-Sep-2026 20:58:27 America/Bogota] SQLite directory exists: yes
[06-Sep-2026 20:58:27 America/Bogota] SQLite directory writable: yes
[06-Sep-2026 20:58:27 America/Bogota] SQLite file exists: yes
[06-Sep-2026 20:58:27 America/Bogota] SQLite file writable: yes
[06-Sep-2026 20:58:27 America/Bogota] Conectando SQLite con DSN: sqlite:C:\xampp\htdocs\nombre_de_empresa\database\database.db
[06-Sep-2026 20:58:27 America/Bogota] SQLite requested path: C:\xampp\htdocs\nombre_de_empresa\database\database.db
[06-Sep-2026 20:58:27 America/Bogota] SQLite directory exists: yes
[06-Sep-2026 20:58:27 America/Bogota] SQLite directory writable: yes
[06-Sep-2026 20:58:27 America/Bogota] SQLite file exists: yes
[06-Sep-2026 20:58:27 America/Bogota] SQLite file writable: yes
[06-Sep-2026 20:58:27 America/Bogota] Conectando SQLite con DSN: sqlite:C:\xampp\htdocs\nombre_de_empresa\database\database.db
[06-Sep-2026 20:58:27 America/Bogota] SQLite requested path: C:\xampp\htdocs\nombre_de_empresa\database\database.db
[06-Sep-2026 20:58:27 America/Bogota] SQLite directory exists: yes
[06-Sep-2026 20:58:27 America/Bogota] SQLite directory writable: yes
[06-Sep-2026 20:58:27 America/Bogota] SQLite file exists: yes
[06-Sep-2026 20:58:27 America/Bogota] SQLite file writable: yes
[06-Sep-2026 20:58:27 America/Bogota] Conectando SQLite con DSN: sqlite:C:\xampp\htdocs\nombre_de_empresa\database\database.db
[06-Sep-2026 20:59:27 America/Bogota] SQLite requested path: C:\xampp\htdocs\nombre_de_empresa\database\database.db
[06-Sep-2026 20:59:27 America/Bogota] SQLite directory exists: yes
[06-Sep-2026 20:59:27 America/Bogota] SQLite directory writable: yes
[06-Sep-2026 20:59:27 America/Bogota] SQLite file exists: yes
[06-Sep-2026 20:59:27 America/Bogota] SQLite file writable: yes
[06-Sep-2026 20:59:27 America/Bogota] Conectando SQLite con DSN: sqlite:C:\xampp\htdocs\nombre_de_empresa\database\database.db
[06-Sep-2026 20:59:27 America/Bogota] SQLite requested path: C:\xampp\htdocs\nombre_de_empresa\database\database.db
[06-Sep-2026 20:59:27 America/Bogota] SQLite directory exists: yes
[06-Sep-2026 20:59:27 America/Bogota] SQLite directory writable: yes
[06-Sep-2026 20:59:27 America/Bogota] SQLite file exists: yes
[06-Sep-2026 20:59:27 America/Bogota] SQLite file writable: yes
[06-Sep-2026 20:59:27 America/Bogota] Conectando SQLite con DSN: sqlite:C:\xampp\htdocs\nombre_de_empresa\database\database.db
[06-Sep-2026 20:59:27 America/Bogota] SQLite requested path: C:\xampp\htdocs\nombre_de_empresa\database\database.db
[06-Sep-2026 20:59:27 America/Bogota] SQLite directory exists: yes
[06-Sep-2026 20:59:27 America/Bogota] SQLite directory writable: yes
[06-Sep-2026 20:59:27 America/Bogota] SQLite file exists: yes
[06-Sep-2026 20:59:27 America/Bogota] SQLite file writable: yes
[06-Sep-2026 20:59:27 America/Bogota] Conectando SQLite con DSN: sqlite:C:\xampp\htdocs\nombre_de_empresa\database\database.db
[06-Sep-2026 20:59:27 America/Bogota] SQLite requested path: C:\xampp\htdocs\nombre_de_empresa\database\database.db
[06-Sep-2026 20:59:27 America/Bogota] SQLite directory exists: yes
[06-Sep-2026 20:59:27 America/Bogota] SQLite directory writable: yes
[06-Sep-2026 20:59:27 America/Bogota] SQLite file exists: yes
[06-Sep-2026 20:59:27 America/Bogota] SQLite file writable: yes
[06-Sep-2026 20:59:27 America/Bogota] Conectando SQLite con DSN: sqlite:C:\xampp\htdocs\nombre_de_empresa\database\database.db
[06-Sep-2026 21:00:03 America/Bogota] SQLite requested path: C:\xampp\htdocs\nombre_de_empresa\database\database.db
[06-Sep-2026 21:00:03 America/Bogota] SQLite directory exists: yes
[06-Sep-2026 21:00:03 America/Bogota] SQLite directory writable: yes
[06-Sep-2026 21:00:03 America/Bogota] SQLite file exists: yes
[06-Sep-2026 21:00:03 America/Bogota] SQLite file writable: yes
[06-Sep-2026 21:00:03 America/Bogota] Conectando SQLite con DSN: sqlite:C:\xampp\htdocs\nombre_de_empresa\database\database.db
[06-Sep-2026 21:00:03 America/Bogota] SQLite requested path: C:\xampp\htdocs\nombre_de_empresa\database\database.db
[06-Sep-2026 21:00:03 America/Bogota] SQLite directory exists: yes
[06-Sep-2026 21:00:03 America/Bogota] SQLite directory writable: yes
[06-Sep-2026 21:00:03 America/Bogota] SQLite file exists: yes
[06-Sep-2026 21:00:03 America/Bogota] SQLite file writable: yes
[06-Sep-2026 21:00:03 America/Bogota] Conectando SQLite con DSN: sqlite:C:\xampp\htdocs\nombre_de_empresa\database\database.db
[06-Sep-2026 21:00:03 America/Bogota] SQLite requested path: C:\xampp\htdocs\nombre_de_empresa\database\database.db
[06-Sep-2026 21:00:03 America/Bogota] SQLite directory exists: yes
[06-Sep-2026 21:00:03 America/Bogota] SQLite directory writable: yes
[06-Sep-2026 21:00:03 America/Bogota] SQLite file exists: yes
[06-Sep-2026 21:00:03 America/Bogota] SQLite file writable: yes
[06-Sep-2026 21:00:03 America/Bogota] Conectando SQLite con DSN: sqlite:C:\xampp\htdocs\nombre_de_empresa\database\database.db
[06-Sep-2026 21:00:03 America/Bogota] SQLite requested path: C:\xampp\htdocs\nombre_de_empresa\database\database.db
[06-Sep-2026 21:00:03 America/Bogota] SQLite directory exists: yes
[06-Sep-2026 21:00:03 America/Bogota] SQLite directory writable: yes
[06-Sep-2026 21:00:03 America/Bogota] SQLite file exists: yes
[06-Sep-2026 21:00:03 America/Bogota] SQLite file writable: yes
[06-Sep-2026 21:00:03 America/Bogota] Conectando SQLite con DSN: sqlite:C:\xampp\htdocs\nombre_de_empresa\database\database.db
[06-Sep-2026 21:01:01 America/Bogota] SQLite requested path: C:\xampp\htdocs\nombre_de_empresa\database\database.db
[06-Sep-2026 21:01:01 America/Bogota] SQLite directory exists: yes
[06-Sep-2026 21:01:01 America/Bogota] SQLite directory writable: yes
[06-Sep-2026 21:01:01 America/Bogota] SQLite file exists: yes
[06-Sep-2026 21:01:01 America/Bogota] SQLite file writable: yes
[06-Sep-2026 21:01:01 America/Bogota] Conectando SQLite con DSN: sqlite:C:\xampp\htdocs\nombre_de_empresa\database\database.db
[06-Sep-2026 21:01:01 America/Bogota] SQLite requested path: C:\xampp\htdocs\nombre_de_empresa\database\database.db
[06-Sep-2026 21:01:01 America/Bogota] SQLite directory exists: yes
[06-Sep-2026 21:01:01 America/Bogota] SQLite directory writable: yes
[06-Sep-2026 21:01:01 America/Bogota] SQLite file exists: yes
[06-Sep-2026 21:01:01 America/Bogota] SQLite file writable: yes
[06-Sep-2026 21:01:01 America/Bogota] Conectando SQLite con DSN: sqlite:C:\xampp\htdocs\nombre_de_empresa\database\database.db
[06-Sep-2026 21:01:01 America/Bogota] SQLite requested path: C:\xampp\htdocs\nombre_de_empresa\database\database.db
[06-Sep-2026 21:01:01 America/Bogota] SQLite directory exists: yes
[06-Sep-2026 21:01:01 America/Bogota] SQLite directory writable: yes
[06-Sep-2026 21:01:01 America/Bogota] SQLite file exists: yes
[06-Sep-2026 21:01:01 America/Bogota] SQLite file writable: yes
[06-Sep-2026 21:01:01 America/Bogota] Conectando SQLite con DSN: sqlite:C:\xampp\htdocs\nombre_de_empresa\database\database.db
[06-Sep-2026 21:01:01 America/Bogota] SQLite requested path: C:\xampp\htdocs\nombre_de_empresa\database\database.db
[06-Sep-2026 21:01:01 America/Bogota] SQLite directory exists: yes
[06-Sep-2026 21:01:01 America/Bogota] SQLite directory writable: yes
[06-Sep-2026 21:01:01 America/Bogota] SQLite file exists: yes
[06-Sep-2026 21:01:01 America/Bogota] SQLite file writable: yes
[06-Sep-2026 21:01:01 America/Bogota] Conectando SQLite con DSN: sqlite:C:\xampp\htdocs\nombre_de_empresa\database\database.db
[06-Sep-2026 21:01:36 America/Bogota] SQLite requested path: C:\xampp\htdocs\nombre_de_empresa\database\database.db
[06-Sep-2026 21:01:36 America/Bogota] SQLite directory exists: yes
[06-Sep-2026 21:01:36 America/Bogota] SQLite directory writable: yes
[06-Sep-2026 21:01:36 America/Bogota] SQLite file exists: yes
[06-Sep-2026 21:01:36 America/Bogota] SQLite file writable: yes
[06-Sep-2026 21:01:36 America/Bogota] Conectando SQLite con DSN: sqlite:C:\xampp\htdocs\nombre_de_empresa\database\database.db
[06-Sep-2026 21:01:36 America/Bogota] SQLite requested path: C:\xampp\htdocs\nombre_de_empresa\database\database.db
[06-Sep-2026 21:01:36 America/Bogota] SQLite directory exists: yes
[06-Sep-2026 21:01:36 America/Bogota] SQLite directory writable: yes
[06-Sep-2026 21:01:36 America/Bogota] SQLite file exists: yes
[06-Sep-2026 21:01:36 America/Bogota] SQLite file writable: yes
[06-Sep-2026 21:01:36 America/Bogota] Conectando SQLite con DSN: sqlite:C:\xampp\htdocs\nombre_de_empresa\database\database.db
[06-Sep-2026 21:01:36 America/Bogota] SQLite requested path: C:\xampp\htdocs\nombre_de_empresa\database\database.db
[06-Sep-2026 21:01:36 America/Bogota] SQLite directory exists: yes
[06-Sep-2026 21:01:36 America/Bogota] SQLite directory writable: yes
[06-Sep-2026 21:01:36 America/Bogota] SQLite file exists: yes
[06-Sep-2026 21:01:36 America/Bogota] SQLite file writable: yes
[06-Sep-2026 21:01:36 America/Bogota] Conectando SQLite con DSN: sqlite:C:\xampp\htdocs\nombre_de_empresa\database\database.db
[06-Sep-2026 21:01:36 America/Bogota] SQLite requested path: C:\xampp\htdocs\nombre_de_empresa\database\database.db
[06-Sep-2026 21:01:36 America/Bogota] SQLite directory exists: yes
[06-Sep-2026 21:01:36 America/Bogota] SQLite directory writable: yes
[06-Sep-2026 21:01:36 America/Bogota] SQLite file exists: yes
[06-Sep-2026 21:01:36 America/Bogota] SQLite file writable: yes
[06-Sep-2026 21:01:36 America/Bogota] Conectando SQLite con DSN: sqlite:C:\xampp\htdocs\nombre_de_empresa\database\database.db
[06-Sep-2026 21:01:51 America/Bogota] SQLite requested path: C:\xampp\htdocs\nombre_de_empresa\database\database.db
[06-Sep-2026 21:01:51 America/Bogota] SQLite directory exists: yes
[06-Sep-2026 21:01:51 America/Bogota] SQLite directory writable: yes
[06-Sep-2026 21:01:51 America/Bogota] SQLite file exists: yes
[06-Sep-2026 21:01:51 America/Bogota] SQLite file writable: yes
[06-Sep-2026 21:01:51 America/Bogota] Conectando SQLite con DSN: sqlite:C:\xampp\htdocs\nombre_de_empresa\database\database.db
[06-Sep-2026 21:01:51 America/Bogota] SQLite requested path: C:\xampp\htdocs\nombre_de_empresa\database\database.db
[06-Sep-2026 21:01:51 America/Bogota] SQLite directory exists: yes
[06-Sep-2026 21:01:51 America/Bogota] SQLite directory writable: yes
[06-Sep-2026 21:01:51 America/Bogota] SQLite file exists: yes
[06-Sep-2026 21:01:51 America/Bogota] SQLite file writable: yes
[06-Sep-2026 21:01:51 America/Bogota] Conectando SQLite con DSN: sqlite:C:\xampp\htdocs\nombre_de_empresa\database\database.db
[06-Sep-2026 21:01:51 America/Bogota] SQLite requested path: C:\xampp\htdocs\nombre_de_empresa\database\database.db
[06-Sep-2026 21:01:51 America/Bogota] SQLite directory exists: yes
[06-Sep-2026 21:01:51 America/Bogota] SQLite directory writable: yes
[06-Sep-2026 21:01:51 America/Bogota] SQLite file exists: yes
[06-Sep-2026 21:01:51 America/Bogota] SQLite file writable: yes
[06-Sep-2026 21:01:51 America/Bogota] Conectando SQLite con DSN: sqlite:C:\xampp\htdocs\nombre_de_empresa\database\database.db
[06-Sep-2026 21:01:51 America/Bogota] SQLite requested path: C:\xampp\htdocs\nombre_de_empresa\database\database.db
[06-Sep-2026 21:01:51 America/Bogota] SQLite directory exists: yes
[06-Sep-2026 21:01:51 America/Bogota] SQLite directory writable: yes
[06-Sep-2026 21:01:51 America/Bogota] SQLite file exists: yes
[06-Sep-2026 21:01:51 America/Bogota] SQLite file writable: yes
[06-Sep-2026 21:01:51 America/Bogota] Conectando SQLite con DSN: sqlite:C:\xampp\htdocs\nombre_de_empresa\database\database.db
[06-Sep-2026 21:03:04 America/Bogota] SQLite requested path: C:\xampp\htdocs\nombre_de_empresa\database\database.db
[06-Sep-2026 21:03:04 America/Bogota] SQLite directory exists: yes
[06-Sep-2026 21:03:04 America/Bogota] SQLite directory writable: yes
[06-Sep-2026 21:03:04 America/Bogota] SQLite file exists: yes
[06-Sep-2026 21:03:04 America/Bogota] SQLite file writable: yes
[06-Sep-2026 21:03:04 America/Bogota] Conectando SQLite con DSN: sqlite:C:\xampp\htdocs\nombre_de_empresa\database\database.db
[06-Sep-2026 21:03:04 America/Bogota] SQLite requested path: C:\xampp\htdocs\nombre_de_empresa\database\database.db
[06-Sep-2026 21:03:04 America/Bogota] SQLite directory exists: yes
[06-Sep-2026 21:03:04 America/Bogota] SQLite directory writable: yes
[06-Sep-2026 21:03:04 America/Bogota] SQLite file exists: yes
[06-Sep-2026 21:03:04 America/Bogota] SQLite file writable: yes
[06-Sep-2026 21:03:04 America/Bogota] Conectando SQLite con DSN: sqlite:C:\xampp\htdocs\nombre_de_empresa\database\database.db
[06-Sep-2026 21:03:04 America/Bogota] SQLite requested path: C:\xampp\htdocs\nombre_de_empresa\database\database.db
[06-Sep-2026 21:03:04 America/Bogota] SQLite directory exists: yes
[06-Sep-2026 21:03:04 America/Bogota] SQLite directory writable: yes
[06-Sep-2026 21:03:04 America/Bogota] SQLite file exists: yes
[06-Sep-2026 21:03:04 America/Bogota] SQLite file writable: yes
[06-Sep-2026 21:03:04 America/Bogota] Conectando SQLite con DSN: sqlite:C:\xampp\htdocs\nombre_de_empresa\database\database.db
[06-Sep-2026 21:03:04 America/Bogota] SQLite requested path: C:\xampp\htdocs\nombre_de_empresa\database\database.db
[06-Sep-2026 21:03:04 America/Bogota] SQLite directory exists: yes
[06-Sep-2026 21:03:04 America/Bogota] SQLite directory writable: yes
[06-Sep-2026 21:03:04 America/Bogota] SQLite file exists: yes
[06-Sep-2026 21:03:04 America/Bogota] SQLite file writable: yes
[06-Sep-2026 21:03:04 America/Bogota] Conectando SQLite con DSN: sqlite:C:\xampp\htdocs\nombre_de_empresa\database\database.db
[06-Sep-2026 21:03:10 America/Bogota] SQLite requested path: C:\xampp\htdocs\nombre_de_empresa\database\database.db
[06-Sep-2026 21:03:10 America/Bogota] SQLite directory exists: yes
[06-Sep-2026 21:03:10 America/Bogota] SQLite directory writable: yes
[06-Sep-2026 21:03:10 America/Bogota] SQLite file exists: yes
[06-Sep-2026 21:03:10 America/Bogota] SQLite file writable: yes
[06-Sep-2026 21:03:10 America/Bogota] Conectando SQLite con DSN: sqlite:C:\xampp\htdocs\nombre_de_empresa\database\database.db
[06-Sep-2026 21:03:10 America/Bogota] SQLite requested path: C:\xampp\htdocs\nombre_de_empresa\database\database.db
[06-Sep-2026 21:03:10 America/Bogota] SQLite directory exists: yes
[06-Sep-2026 21:03:10 America/Bogota] SQLite directory writable: yes
[06-Sep-2026 21:03:10 America/Bogota] SQLite file exists: yes
[06-Sep-2026 21:03:10 America/Bogota] SQLite file writable: yes
[06-Sep-2026 21:03:10 America/Bogota] Conectando SQLite con DSN: sqlite:C:\xampp\htdocs\nombre_de_empresa\database\database.db
[06-Sep-2026 21:03:10 America/Bogota] SQLite requested path: C:\xampp\htdocs\nombre_de_empresa\database\database.db
[06-Sep-2026 21:03:10 America/Bogota] SQLite directory exists: yes
[06-Sep-2026 21:03:10 America/Bogota] SQLite directory writable: yes
[06-Sep-2026 21:03:10 America/Bogota] SQLite file exists: yes
[06-Sep-2026 21:03:10 America/Bogota] SQLite file writable: yes
[06-Sep-2026 21:03:10 America/Bogota] Conectando SQLite con DSN: sqlite:C:\xampp\htdocs\nombre_de_empresa\database\database.db
[06-Sep-2026 21:03:10 America/Bogota] SQLite requested path: C:\xampp\htdocs\nombre_de_empresa\database\database.db
[06-Sep-2026 21:03:10 America/Bogota] SQLite directory exists: yes
[06-Sep-2026 21:03:10 America/Bogota] SQLite directory writable: yes
[06-Sep-2026 21:03:10 America/Bogota] SQLite file exists: yes
[06-Sep-2026 21:03:10 America/Bogota] SQLite file writable: yes
[06-Sep-2026 21:03:10 America/Bogota] Conectando SQLite con DSN: sqlite:C:\xampp\htdocs\nombre_de_empresa\database\database.db
[06-Sep-2026 21:05:01 America/Bogota] SQLite requested path: C:\xampp\htdocs\nombre_de_empresa\database\database.db
[06-Sep-2026 21:05:01 America/Bogota] SQLite directory exists: yes
[06-Sep-2026 21:05:01 America/Bogota] SQLite directory writable: yes
[06-Sep-2026 21:05:01 America/Bogota] SQLite file exists: yes
[06-Sep-2026 21:05:01 America/Bogota] SQLite file writable: yes
[06-Sep-2026 21:05:01 America/Bogota] Conectando SQLite con DSN: sqlite:C:\xampp\htdocs\nombre_de_empresa\database\database.db
[06-Sep-2026 21:05:01 America/Bogota] SQLite requested path: C:\xampp\htdocs\nombre_de_empresa\database\database.db
[06-Sep-2026 21:05:01 America/Bogota] SQLite directory exists: yes
[06-Sep-2026 21:05:01 America/Bogota] SQLite directory writable: yes
[06-Sep-2026 21:05:01 America/Bogota] SQLite file exists: yes
[06-Sep-2026 21:05:01 America/Bogota] SQLite file writable: yes
[06-Sep-2026 21:05:01 America/Bogota] Conectando SQLite con DSN: sqlite:C:\xampp\htdocs\nombre_de_empresa\database\database.db
[06-Sep-2026 21:05:01 America/Bogota] SQLite requested path: C:\xampp\htdocs\nombre_de_empresa\database\database.db
[06-Sep-2026 21:05:01 America/Bogota] SQLite directory exists: yes
[06-Sep-2026 21:05:01 America/Bogota] SQLite directory writable: yes
[06-Sep-2026 21:05:01 America/Bogota] SQLite file exists: yes
[06-Sep-2026 21:05:01 America/Bogota] SQLite file writable: yes
[06-Sep-2026 21:05:01 America/Bogota] Conectando SQLite con DSN: sqlite:C:\xampp\htdocs\nombre_de_empresa\database\database.db
[06-Sep-2026 21:05:01 America/Bogota] SQLite requested path: C:\xampp\htdocs\nombre_de_empresa\database\database.db
[06-Sep-2026 21:05:01 America/Bogota] SQLite directory exists: yes
[06-Sep-2026 21:05:01 America/Bogota] SQLite directory writable: yes
[06-Sep-2026 21:05:01 America/Bogota] SQLite file exists: yes
[06-Sep-2026 21:05:01 America/Bogota] SQLite file writable: yes
[06-Sep-2026 21:05:01 America/Bogota] Conectando SQLite con DSN: sqlite:C:\xampp\htdocs\nombre_de_empresa\database\database.db
[06-Sep-2026 21:05:06 America/Bogota] SQLite requested path: C:\xampp\htdocs\nombre_de_empresa\database\database.db
[06-Sep-2026 21:05:06 America/Bogota] SQLite directory exists: yes
[06-Sep-2026 21:05:06 America/Bogota] SQLite directory writable: yes
[06-Sep-2026 21:05:06 America/Bogota] SQLite file exists: yes
[06-Sep-2026 21:05:06 America/Bogota] SQLite file writable: yes
[06-Sep-2026 21:05:06 America/Bogota] Conectando SQLite con DSN: sqlite:C:\xampp\htdocs\nombre_de_empresa\database\database.db
[06-Sep-2026 21:05:06 America/Bogota] SQLite requested path: C:\xampp\htdocs\nombre_de_empresa\database\database.db
[06-Sep-2026 21:05:06 America/Bogota] SQLite directory exists: yes
[06-Sep-2026 21:05:06 America/Bogota] SQLite directory writable: yes
[06-Sep-2026 21:05:06 America/Bogota] SQLite file exists: yes
[06-Sep-2026 21:05:06 America/Bogota] SQLite file writable: yes
[06-Sep-2026 21:05:06 America/Bogota] Conectando SQLite con DSN: sqlite:C:\xampp\htdocs\nombre_de_empresa\database\database.db
[06-Sep-2026 21:05:06 America/Bogota] SQLite requested path: C:\xampp\htdocs\nombre_de_empresa\database\database.db
[06-Sep-2026 21:05:06 America/Bogota] SQLite directory exists: yes
[06-Sep-2026 21:05:06 America/Bogota] SQLite directory writable: yes
[06-Sep-2026 21:05:06 America/Bogota] SQLite file exists: yes
[06-Sep-2026 21:05:06 America/Bogota] SQLite file writable: yes
[06-Sep-2026 21:05:06 America/Bogota] Conectando SQLite con DSN: sqlite:C:\xampp\htdocs\nombre_de_empresa\database\database.db
[06-Sep-2026 21:05:06 America/Bogota] SQLite requested path: C:\xampp\htdocs\nombre_de_empresa\database\database.db
[06-Sep-2026 21:05:06 America/Bogota] SQLite directory exists: yes
[06-Sep-2026 21:05:06 America/Bogota] SQLite directory writable: yes
[06-Sep-2026 21:05:06 America/Bogota] SQLite file exists: yes
[06-Sep-2026 21:05:06 America/Bogota] SQLite file writable: yes
[06-Sep-2026 21:05:06 America/Bogota] Conectando SQLite con DSN: sqlite:C:\xampp\htdocs\nombre_de_empresa\database\database.db
[06-Sep-2026 21:05:10 America/Bogota] SQLite requested path: C:\xampp\htdocs\nombre_de_empresa\database\database.db
[06-Sep-2026 21:05:10 America/Bogota] SQLite directory exists: yes
[06-Sep-2026 21:05:10 America/Bogota] SQLite directory writable: yes
[06-Sep-2026 21:05:10 America/Bogota] SQLite file exists: yes
[06-Sep-2026 21:05:10 America/Bogota] SQLite file writable: yes
[06-Sep-2026 21:05:10 America/Bogota] Conectando SQLite con DSN: sqlite:C:\xampp\htdocs\nombre_de_empresa\database\database.db
[06-Sep-2026 21:05:10 America/Bogota] SQLite requested path: C:\xampp\htdocs\nombre_de_empresa\database\database.db
[06-Sep-2026 21:05:10 America/Bogota] SQLite directory exists: yes
[06-Sep-2026 21:05:10 America/Bogota] SQLite directory writable: yes
[06-Sep-2026 21:05:10 America/Bogota] SQLite file exists: yes
[06-Sep-2026 21:05:10 America/Bogota] SQLite file writable: yes
[06-Sep-2026 21:05:10 America/Bogota] Conectando SQLite con DSN: sqlite:C:\xampp\htdocs\nombre_de_empresa\database\database.db
[06-Sep-2026 21:05:10 America/Bogota] SQLite requested path: C:\xampp\htdocs\nombre_de_empresa\database\database.db
[06-Sep-2026 21:05:10 America/Bogota] SQLite directory exists: yes
[06-Sep-2026 21:05:10 America/Bogota] SQLite directory writable: yes
[06-Sep-2026 21:05:10 America/Bogota] SQLite file exists: yes
[06-Sep-2026 21:05:10 America/Bogota] SQLite file writable: yes
[06-Sep-2026 21:05:10 America/Bogota] Conectando SQLite con DSN: sqlite:C:\xampp\htdocs\nombre_de_empresa\database\database.db
[06-Sep-2026 21:05:10 America/Bogota] SQLite requested path: C:\xampp\htdocs\nombre_de_empresa\database\database.db
[06-Sep-2026 21:05:10 America/Bogota] SQLite directory exists: yes
[06-Sep-2026 21:05:10 America/Bogota] SQLite directory writable: yes
[06-Sep-2026 21:05:10 America/Bogota] SQLite file exists: yes
[06-Sep-2026 21:05:10 America/Bogota] SQLite file writable: yes
[06-Sep-2026 21:05:10 America/Bogota] Conectando SQLite con DSN: sqlite:C:\xampp\htdocs\nombre_de_empresa\database\database.db
[06-Sep-2026 21:05:23 America/Bogota] SQLite requested path: C:\xampp\htdocs\nombre_de_empresa\database\database.db
[06-Sep-2026 21:05:23 America/Bogota] SQLite directory exists: yes
[06-Sep-2026 21:05:23 America/Bogota] SQLite directory writable: yes
[06-Sep-2026 21:05:23 America/Bogota] SQLite file exists: yes
[06-Sep-2026 21:05:23 America/Bogota] SQLite file writable: yes
[06-Sep-2026 21:05:23 America/Bogota] Conectando SQLite con DSN: sqlite:C:\xampp\htdocs\nombre_de_empresa\database\database.db
[06-Sep-2026 21:05:23 America/Bogota] SQLite requested path: C:\xampp\htdocs\nombre_de_empresa\database\database.db
[06-Sep-2026 21:05:23 America/Bogota] SQLite directory exists: yes
[06-Sep-2026 21:05:23 America/Bogota] SQLite directory writable: yes
[06-Sep-2026 21:05:23 America/Bogota] SQLite file exists: yes
[06-Sep-2026 21:05:23 America/Bogota] SQLite file writable: yes
[06-Sep-2026 21:05:23 America/Bogota] Conectando SQLite con DSN: sqlite:C:\xampp\htdocs\nombre_de_empresa\database\database.db
[06-Sep-2026 21:05:23 America/Bogota] SQLite requested path: C:\xampp\htdocs\nombre_de_empresa\database\database.db
[06-Sep-2026 21:05:23 America/Bogota] SQLite directory exists: yes
[06-Sep-2026 21:05:23 America/Bogota] SQLite directory writable: yes
[06-Sep-2026 21:05:23 America/Bogota] SQLite file exists: yes
[06-Sep-2026 21:05:23 America/Bogota] SQLite file writable: yes
[06-Sep-2026 21:05:23 America/Bogota] Conectando SQLite con DSN: sqlite:C:\xampp\htdocs\nombre_de_empresa\database\database.db
[06-Sep-2026 21:05:23 America/Bogota] SQLite requested path: C:\xampp\htdocs\nombre_de_empresa\database\database.db
[06-Sep-2026 21:05:23 America/Bogota] SQLite directory exists: yes
[06-Sep-2026 21:05:23 America/Bogota] SQLite directory writable: yes
[06-Sep-2026 21:05:23 America/Bogota] SQLite file exists: yes
[06-Sep-2026 21:05:23 America/Bogota] SQLite file writable: yes
[06-Sep-2026 21:05:23 America/Bogota] Conectando SQLite con DSN: sqlite:C:\xampp\htdocs\nombre_de_empresa\database\database.db
[06-Sep-2026 21:05:58 America/Bogota] SQLite requested path: C:\xampp\htdocs\nombre_de_empresa\database\database.db
[06-Sep-2026 21:05:58 America/Bogota] SQLite directory exists: yes
[06-Sep-2026 21:05:58 America/Bogota] SQLite directory writable: yes
[06-Sep-2026 21:05:58 America/Bogota] SQLite file exists: yes
[06-Sep-2026 21:05:58 America/Bogota] SQLite file writable: yes
[06-Sep-2026 21:05:58 America/Bogota] Conectando SQLite con DSN: sqlite:C:\xampp\htdocs\nombre_de_empresa\database\database.db
[06-Sep-2026 21:05:58 America/Bogota] SQLite requested path: C:\xampp\htdocs\nombre_de_empresa\database\database.db
[06-Sep-2026 21:05:58 America/Bogota] SQLite directory exists: yes
[06-Sep-2026 21:05:58 America/Bogota] SQLite directory writable: yes
[06-Sep-2026 21:05:58 America/Bogota] SQLite file exists: yes
[06-Sep-2026 21:05:58 America/Bogota] SQLite file writable: yes
[06-Sep-2026 21:05:58 America/Bogota] Conectando SQLite con DSN: sqlite:C:\xampp\htdocs\nombre_de_empresa\database\database.db
[06-Sep-2026 21:05:58 America/Bogota] SQLite requested path: C:\xampp\htdocs\nombre_de_empresa\database\database.db
[06-Sep-2026 21:05:58 America/Bogota] SQLite directory exists: yes
[06-Sep-2026 21:05:58 America/Bogota] SQLite directory writable: yes
[06-Sep-2026 21:05:58 America/Bogota] SQLite file exists: yes
[06-Sep-2026 21:05:58 America/Bogota] SQLite file writable: yes
[06-Sep-2026 21:05:58 America/Bogota] Conectando SQLite con DSN: sqlite:C:\xampp\htdocs\nombre_de_empresa\database\database.db
[06-Sep-2026 21:05:58 America/Bogota] SQLite requested path: C:\xampp\htdocs\nombre_de_empresa\database\database.db
[06-Sep-2026 21:05:58 America/Bogota] SQLite directory exists: yes
[06-Sep-2026 21:05:58 America/Bogota] SQLite directory writable: yes
[06-Sep-2026 21:05:58 America/Bogota] SQLite file exists: yes
[06-Sep-2026 21:05:58 America/Bogota] SQLite file writable: yes
[06-Sep-2026 21:05:58 America/Bogota] Conectando SQLite con DSN: sqlite:C:\xampp\htdocs\nombre_de_empresa\database\database.db
[06-Sep-2026 21:06:03 America/Bogota] SQLite requested path: C:\xampp\htdocs\nombre_de_empresa\database\database.db
[06-Sep-2026 21:06:03 America/Bogota] SQLite directory exists: yes
[06-Sep-2026 21:06:03 America/Bogota] SQLite directory writable: yes
[06-Sep-2026 21:06:03 America/Bogota] SQLite file exists: yes
[06-Sep-2026 21:06:03 America/Bogota] SQLite file writable: yes
[06-Sep-2026 21:06:03 America/Bogota] Conectando SQLite con DSN: sqlite:C:\xampp\htdocs\nombre_de_empresa\database\database.db
[06-Sep-2026 21:06:03 America/Bogota] SQLite requested path: C:\xampp\htdocs\nombre_de_empresa\database\database.db
[06-Sep-2026 21:06:03 America/Bogota] SQLite directory exists: yes
[06-Sep-2026 21:06:03 America/Bogota] SQLite directory writable: yes
[06-Sep-2026 21:06:03 America/Bogota] SQLite file exists: yes
[06-Sep-2026 21:06:03 America/Bogota] SQLite file writable: yes
[06-Sep-2026 21:06:03 America/Bogota] Conectando SQLite con DSN: sqlite:C:\xampp\htdocs\nombre_de_empresa\database\database.db
[06-Sep-2026 21:06:03 America/Bogota] SQLite requested path: C:\xampp\htdocs\nombre_de_empresa\database\database.db
[06-Sep-2026 21:06:03 America/Bogota] SQLite directory exists: yes
[06-Sep-2026 21:06:03 America/Bogota] SQLite directory writable: yes
[06-Sep-2026 21:06:03 America/Bogota] SQLite file exists: yes
[06-Sep-2026 21:06:03 America/Bogota] SQLite file writable: yes
[06-Sep-2026 21:06:03 America/Bogota] Conectando SQLite con DSN: sqlite:C:\xampp\htdocs\nombre_de_empresa\database\database.db
[06-Sep-2026 21:06:03 America/Bogota] SQLite requested path: C:\xampp\htdocs\nombre_de_empresa\database\database.db
[06-Sep-2026 21:06:03 America/Bogota] SQLite directory exists: yes
[06-Sep-2026 21:06:03 America/Bogota] SQLite directory writable: yes
[06-Sep-2026 21:06:03 America/Bogota] SQLite file exists: yes
[06-Sep-2026 21:06:03 America/Bogota] SQLite file writable: yes
[06-Sep-2026 21:06:03 America/Bogota] Conectando SQLite con DSN: sqlite:C:\xampp\htdocs\nombre_de_empresa\database\database.db
[06-Sep-2026 21:06:36 America/Bogota] SQLite requested path: C:\xampp\htdocs\nombre_de_empresa\database\database.db
[06-Sep-2026 21:06:36 America/Bogota] SQLite directory exists: yes
[06-Sep-2026 21:06:36 America/Bogota] SQLite directory writable: yes
[06-Sep-2026 21:06:36 America/Bogota] SQLite file exists: yes
[06-Sep-2026 21:06:36 America/Bogota] SQLite file writable: yes
[06-Sep-2026 21:06:36 America/Bogota] Conectando SQLite con DSN: sqlite:C:\xampp\htdocs\nombre_de_empresa\database\database.db
[06-Sep-2026 21:06:36 America/Bogota] SQLite requested path: C:\xampp\htdocs\nombre_de_empresa\database\database.db
[06-Sep-2026 21:06:36 America/Bogota] SQLite directory exists: yes
[06-Sep-2026 21:06:36 America/Bogota] SQLite directory writable: yes
[06-Sep-2026 21:06:36 America/Bogota] SQLite file exists: yes
[06-Sep-2026 21:06:36 America/Bogota] SQLite file writable: yes
[06-Sep-2026 21:06:36 America/Bogota] Conectando SQLite con DSN: sqlite:C:\xampp\htdocs\nombre_de_empresa\database\database.db
[06-Sep-2026 21:06:36 America/Bogota] SQLite requested path: C:\xampp\htdocs\nombre_de_empresa\database\database.db
[06-Sep-2026 21:06:36 America/Bogota] SQLite directory exists: yes
[06-Sep-2026 21:06:36 America/Bogota] SQLite directory writable: yes
[06-Sep-2026 21:06:36 America/Bogota] SQLite file exists: yes
[06-Sep-2026 21:06:36 America/Bogota] SQLite file writable: yes
[06-Sep-2026 21:06:36 America/Bogota] Conectando SQLite con DSN: sqlite:C:\xampp\htdocs\nombre_de_empresa\database\database.db
[06-Sep-2026 21:06:36 America/Bogota] SQLite requested path: C:\xampp\htdocs\nombre_de_empresa\database\database.db
[06-Sep-2026 21:06:36 America/Bogota] SQLite directory exists: yes
[06-Sep-2026 21:06:36 America/Bogota] SQLite directory writable: yes
[06-Sep-2026 21:06:36 America/Bogota] SQLite file exists: yes
[06-Sep-2026 21:06:36 America/Bogota] SQLite file writable: yes
[06-Sep-2026 21:06:36 America/Bogota] Conectando SQLite con DSN: sqlite:C:\xampp\htdocs\nombre_de_empresa\database\database.db
[06-Sep-2026 21:07:20 America/Bogota] SQLite requested path: C:\xampp\htdocs\nombre_de_empresa\database\database.db
[06-Sep-2026 21:07:20 America/Bogota] SQLite directory exists: yes
[06-Sep-2026 21:07:20 America/Bogota] SQLite directory writable: yes
[06-Sep-2026 21:07:20 America/Bogota] SQLite file exists: yes
[06-Sep-2026 21:07:20 America/Bogota] SQLite file writable: yes
[06-Sep-2026 21:07:20 America/Bogota] Conectando SQLite con DSN: sqlite:C:\xampp\htdocs\nombre_de_empresa\database\database.db
[06-Sep-2026 21:07:20 America/Bogota] SQLite requested path: C:\xampp\htdocs\nombre_de_empresa\database\database.db
[06-Sep-2026 21:07:20 America/Bogota] SQLite directory exists: yes
[06-Sep-2026 21:07:20 America/Bogota] SQLite directory writable: yes
[06-Sep-2026 21:07:20 America/Bogota] SQLite file exists: yes
[06-Sep-2026 21:07:20 America/Bogota] SQLite file writable: yes
[06-Sep-2026 21:07:20 America/Bogota] Conectando SQLite con DSN: sqlite:C:\xampp\htdocs\nombre_de_empresa\database\database.db
[06-Sep-2026 21:07:20 America/Bogota] SQLite requested path: C:\xampp\htdocs\nombre_de_empresa\database\database.db
[06-Sep-2026 21:07:20 America/Bogota] SQLite directory exists: yes
[06-Sep-2026 21:07:20 America/Bogota] SQLite directory writable: yes
[06-Sep-2026 21:07:20 America/Bogota] SQLite file exists: yes
[06-Sep-2026 21:07:20 America/Bogota] SQLite file writable: yes
[06-Sep-2026 21:07:20 America/Bogota] Conectando SQLite con DSN: sqlite:C:\xampp\htdocs\nombre_de_empresa\database\database.db
[06-Sep-2026 21:07:20 America/Bogota] SQLite requested path: C:\xampp\htdocs\nombre_de_empresa\database\database.db
[06-Sep-2026 21:07:20 America/Bogota] SQLite directory exists: yes
[06-Sep-2026 21:07:20 America/Bogota] SQLite directory writable: yes
[06-Sep-2026 21:07:20 America/Bogota] SQLite file exists: yes
[06-Sep-2026 21:07:20 America/Bogota] SQLite file writable: yes
[06-Sep-2026 21:07:20 America/Bogota] Conectando SQLite con DSN: sqlite:C:\xampp\htdocs\nombre_de_empresa\database\database.db
[06-Sep-2026 21:07:54 America/Bogota] SQLite requested path: C:\xampp\htdocs\nombre_de_empresa\database\database.db
[06-Sep-2026 21:07:54 America/Bogota] SQLite directory exists: yes
[06-Sep-2026 21:07:54 America/Bogota] SQLite directory writable: yes
[06-Sep-2026 21:07:54 America/Bogota] SQLite file exists: yes
[06-Sep-2026 21:07:54 America/Bogota] SQLite file writable: yes
[06-Sep-2026 21:07:54 America/Bogota] Conectando SQLite con DSN: sqlite:C:\xampp\htdocs\nombre_de_empresa\database\database.db
[06-Sep-2026 21:07:54 America/Bogota] SQLite requested path: C:\xampp\htdocs\nombre_de_empresa\database\database.db
[06-Sep-2026 21:07:54 America/Bogota] SQLite directory exists: yes
[06-Sep-2026 21:07:54 America/Bogota] SQLite directory writable: yes
[06-Sep-2026 21:07:54 America/Bogota] SQLite file exists: yes
[06-Sep-2026 21:07:54 America/Bogota] SQLite file writable: yes
[06-Sep-2026 21:07:54 America/Bogota] Conectando SQLite con DSN: sqlite:C:\xampp\htdocs\nombre_de_empresa\database\database.db
[06-Sep-2026 21:07:54 America/Bogota] SQLite requested path: C:\xampp\htdocs\nombre_de_empresa\database\database.db
[06-Sep-2026 21:07:54 America/Bogota] SQLite directory exists: yes
[06-Sep-2026 21:07:54 America/Bogota] SQLite directory writable: yes
[06-Sep-2026 21:07:54 America/Bogota] SQLite file exists: yes
[06-Sep-2026 21:07:54 America/Bogota] SQLite file writable: yes
[06-Sep-2026 21:07:54 America/Bogota] Conectando SQLite con DSN: sqlite:C:\xampp\htdocs\nombre_de_empresa\database\database.db
[06-Sep-2026 21:07:54 America/Bogota] SQLite requested path: C:\xampp\htdocs\nombre_de_empresa\database\database.db
[06-Sep-2026 21:07:54 America/Bogota] SQLite directory exists: yes
[06-Sep-2026 21:07:54 America/Bogota] SQLite directory writable: yes
[06-Sep-2026 21:07:54 America/Bogota] SQLite file exists: yes
[06-Sep-2026 21:07:54 America/Bogota] SQLite file writable: yes
[06-Sep-2026 21:07:54 America/Bogota] Conectando SQLite con DSN: sqlite:C:\xampp\htdocs\nombre_de_empresa\database\database.db
[06-Sep-2026 21:08:15 America/Bogota] SQLite requested path: C:\xampp\htdocs\nombre_de_empresa\database\database.db
[06-Sep-2026 21:08:15 America/Bogota] SQLite directory exists: yes
[06-Sep-2026 21:08:15 America/Bogota] SQLite directory writable: yes
[06-Sep-2026 21:08:15 America/Bogota] SQLite file exists: yes
[06-Sep-2026 21:08:15 America/Bogota] SQLite file writable: yes
[06-Sep-2026 21:08:15 America/Bogota] Conectando SQLite con DSN: sqlite:C:\xampp\htdocs\nombre_de_empresa\database\database.db
[06-Sep-2026 21:08:15 America/Bogota] SQLite requested path: C:\xampp\htdocs\nombre_de_empresa\database\database.db
[06-Sep-2026 21:08:15 America/Bogota] SQLite directory exists: yes
[06-Sep-2026 21:08:15 America/Bogota] SQLite directory writable: yes
[06-Sep-2026 21:08:15 America/Bogota] SQLite file exists: yes
[06-Sep-2026 21:08:15 America/Bogota] SQLite file writable: yes
[06-Sep-2026 21:08:15 America/Bogota] Conectando SQLite con DSN: sqlite:C:\xampp\htdocs\nombre_de_empresa\database\database.db
[06-Sep-2026 21:08:15 America/Bogota] SQLite requested path: C:\xampp\htdocs\nombre_de_empresa\database\database.db
[06-Sep-2026 21:08:15 America/Bogota] SQLite directory exists: yes
[06-Sep-2026 21:08:15 America/Bogota] SQLite directory writable: yes
[06-Sep-2026 21:08:15 America/Bogota] SQLite file exists: yes
[06-Sep-2026 21:08:15 America/Bogota] SQLite file writable: yes
[06-Sep-2026 21:08:15 America/Bogota] Conectando SQLite con DSN: sqlite:C:\xampp\htdocs\nombre_de_empresa\database\database.db
[06-Sep-2026 21:08:15 America/Bogota] SQLite requested path: C:\xampp\htdocs\nombre_de_empresa\database\database.db
[06-Sep-2026 21:08:15 America/Bogota] SQLite directory exists: yes
[06-Sep-2026 21:08:15 America/Bogota] SQLite directory writable: yes
[06-Sep-2026 21:08:15 America/Bogota] SQLite file exists: yes
[06-Sep-2026 21:08:15 America/Bogota] SQLite file writable: yes
[06-Sep-2026 21:08:15 America/Bogota] Conectando SQLite con DSN: sqlite:C:\xampp\htdocs\nombre_de_empresa\database\database.db
[06-Sep-2026 21:09:25 America/Bogota] SQLite requested path: C:\xampp\htdocs\nombre_de_empresa\database\database.db
[06-Sep-2026 21:09:25 America/Bogota] SQLite directory exists: yes
[06-Sep-2026 21:09:25 America/Bogota] SQLite directory writable: yes
[06-Sep-2026 21:09:25 America/Bogota] SQLite file exists: yes
[06-Sep-2026 21:09:25 America/Bogota] SQLite file writable: yes
[06-Sep-2026 21:09:25 America/Bogota] Conectando SQLite con DSN: sqlite:C:\xampp\htdocs\nombre_de_empresa\database\database.db
[06-Sep-2026 21:09:25 America/Bogota] SQLite requested path: C:\xampp\htdocs\nombre_de_empresa\database\database.db
[06-Sep-2026 21:09:25 America/Bogota] SQLite directory exists: yes
[06-Sep-2026 21:09:25 America/Bogota] SQLite directory writable: yes
[06-Sep-2026 21:09:25 America/Bogota] SQLite file exists: yes
[06-Sep-2026 21:09:25 America/Bogota] SQLite file writable: yes
[06-Sep-2026 21:09:25 America/Bogota] Conectando SQLite con DSN: sqlite:C:\xampp\htdocs\nombre_de_empresa\database\database.db
[06-Sep-2026 21:09:25 America/Bogota] SQLite requested path: C:\xampp\htdocs\nombre_de_empresa\database\database.db
[06-Sep-2026 21:09:25 America/Bogota] SQLite directory exists: yes
[06-Sep-2026 21:09:25 America/Bogota] SQLite directory writable: yes
[06-Sep-2026 21:09:25 America/Bogota] SQLite file exists: yes
[06-Sep-2026 21:09:25 America/Bogota] SQLite file writable: yes
[06-Sep-2026 21:09:25 America/Bogota] Conectando SQLite con DSN: sqlite:C:\xampp\htdocs\nombre_de_empresa\database\database.db
[06-Sep-2026 21:09:25 America/Bogota] SQLite requested path: C:\xampp\htdocs\nombre_de_empresa\database\database.db
[06-Sep-2026 21:09:25 America/Bogota] SQLite directory exists: yes
[06-Sep-2026 21:09:25 America/Bogota] SQLite directory writable: yes
[06-Sep-2026 21:09:25 America/Bogota] SQLite file exists: yes
[06-Sep-2026 21:09:25 America/Bogota] SQLite file writable: yes
[06-Sep-2026 21:09:25 America/Bogota] Conectando SQLite con DSN: sqlite:C:\xampp\htdocs\nombre_de_empresa\database\database.db
[06-Sep-2026 21:10:36 America/Bogota] SQLite requested path: C:\xampp\htdocs\nombre_de_empresa\database\database.db
[06-Sep-2026 21:10:36 America/Bogota] SQLite directory exists: yes
[06-Sep-2026 21:10:36 America/Bogota] SQLite directory writable: yes
[06-Sep-2026 21:10:36 America/Bogota] SQLite file exists: yes
[06-Sep-2026 21:10:36 America/Bogota] SQLite file writable: yes
[06-Sep-2026 21:10:36 America/Bogota] Conectando SQLite con DSN: sqlite:C:\xampp\htdocs\nombre_de_empresa\database\database.db
[06-Sep-2026 21:10:36 America/Bogota] SQLite requested path: C:\xampp\htdocs\nombre_de_empresa\database\database.db
[06-Sep-2026 21:10:36 America/Bogota] SQLite directory exists: yes
[06-Sep-2026 21:10:36 America/Bogota] SQLite directory writable: yes
[06-Sep-2026 21:10:36 America/Bogota] SQLite file exists: yes
[06-Sep-2026 21:10:36 America/Bogota] SQLite file writable: yes
[06-Sep-2026 21:10:36 America/Bogota] Conectando SQLite con DSN: sqlite:C:\xampp\htdocs\nombre_de_empresa\database\database.db
[06-Sep-2026 21:10:36 America/Bogota] SQLite requested path: C:\xampp\htdocs\nombre_de_empresa\database\database.db
[06-Sep-2026 21:10:36 America/Bogota] SQLite directory exists: yes
[06-Sep-2026 21:10:36 America/Bogota] SQLite directory writable: yes
[06-Sep-2026 21:10:36 America/Bogota] SQLite file exists: yes
[06-Sep-2026 21:10:36 America/Bogota] SQLite file writable: yes
[06-Sep-2026 21:10:36 America/Bogota] Conectando SQLite con DSN: sqlite:C:\xampp\htdocs\nombre_de_empresa\database\database.db
[06-Sep-2026 21:10:36 America/Bogota] SQLite requested path: C:\xampp\htdocs\nombre_de_empresa\database\database.db
[06-Sep-2026 21:10:36 America/Bogota] SQLite directory exists: yes
[06-Sep-2026 21:10:36 America/Bogota] SQLite directory writable: yes
[06-Sep-2026 21:10:36 America/Bogota] SQLite file exists: yes
[06-Sep-2026 21:10:36 America/Bogota] SQLite file writable: yes
[06-Sep-2026 21:10:36 America/Bogota] Conectando SQLite con DSN: sqlite:C:\xampp\htdocs\nombre_de_empresa\database\database.db
[06-Sep-2026 21:10:51 America/Bogota] SQLite requested path: C:\xampp\htdocs\nombre_de_empresa\database\database.db
[06-Sep-2026 21:10:51 America/Bogota] SQLite directory exists: yes
[06-Sep-2026 21:10:51 America/Bogota] SQLite directory writable: yes
[06-Sep-2026 21:10:51 America/Bogota] SQLite file exists: yes
[06-Sep-2026 21:10:51 America/Bogota] SQLite file writable: yes
[06-Sep-2026 21:10:51 America/Bogota] Conectando SQLite con DSN: sqlite:C:\xampp\htdocs\nombre_de_empresa\database\database.db
[06-Sep-2026 21:10:51 America/Bogota] SQLite requested path: C:\xampp\htdocs\nombre_de_empresa\database\database.db
[06-Sep-2026 21:10:51 America/Bogota] SQLite directory exists: yes
[06-Sep-2026 21:10:51 America/Bogota] SQLite directory writable: yes
[06-Sep-2026 21:10:51 America/Bogota] SQLite file exists: yes
[06-Sep-2026 21:10:51 America/Bogota] SQLite file writable: yes
[06-Sep-2026 21:10:51 America/Bogota] Conectando SQLite con DSN: sqlite:C:\xampp\htdocs\nombre_de_empresa\database\database.db
[06-Sep-2026 21:10:51 America/Bogota] SQLite requested path: C:\xampp\htdocs\nombre_de_empresa\database\database.db
[06-Sep-2026 21:10:51 America/Bogota] SQLite directory exists: yes
[06-Sep-2026 21:10:51 America/Bogota] SQLite directory writable: yes
[06-Sep-2026 21:10:51 America/Bogota] SQLite file exists: yes
[06-Sep-2026 21:10:51 America/Bogota] SQLite file writable: yes
[06-Sep-2026 21:10:51 America/Bogota] Conectando SQLite con DSN: sqlite:C:\xampp\htdocs\nombre_de_empresa\database\database.db
[06-Sep-2026 21:10:51 America/Bogota] SQLite requested path: C:\xampp\htdocs\nombre_de_empresa\database\database.db
[06-Sep-2026 21:10:51 America/Bogota] SQLite directory exists: yes
[06-Sep-2026 21:10:51 America/Bogota] SQLite directory writable: yes
[06-Sep-2026 21:10:51 America/Bogota] SQLite file exists: yes
[06-Sep-2026 21:10:51 America/Bogota] SQLite file writable: yes
[06-Sep-2026 21:10:51 America/Bogota] Conectando SQLite con DSN: sqlite:C:\xampp\htdocs\nombre_de_empresa\database\database.db
[06-Sep-2026 21:11:22 America/Bogota] SQLite requested path: C:\xampp\htdocs\nombre_de_empresa\database\database.db
[06-Sep-2026 21:11:22 America/Bogota] SQLite directory exists: yes
[06-Sep-2026 21:11:22 America/Bogota] SQLite directory writable: yes
[06-Sep-2026 21:11:22 America/Bogota] SQLite file exists: yes
[06-Sep-2026 21:11:22 America/Bogota] SQLite file writable: yes
[06-Sep-2026 21:11:22 America/Bogota] Conectando SQLite con DSN: sqlite:C:\xampp\htdocs\nombre_de_empresa\database\database.db
[06-Sep-2026 21:11:22 America/Bogota] SQLite requested path: C:\xampp\htdocs\nombre_de_empresa\database\database.db
[06-Sep-2026 21:11:22 America/Bogota] SQLite directory exists: yes
[06-Sep-2026 21:11:22 America/Bogota] SQLite directory writable: yes
[06-Sep-2026 21:11:22 America/Bogota] SQLite file exists: yes
[06-Sep-2026 21:11:22 America/Bogota] SQLite file writable: yes
[06-Sep-2026 21:11:22 America/Bogota] Conectando SQLite con DSN: sqlite:C:\xampp\htdocs\nombre_de_empresa\database\database.db
[06-Sep-2026 21:11:22 America/Bogota] SQLite requested path: C:\xampp\htdocs\nombre_de_empresa\database\database.db
[06-Sep-2026 21:11:22 America/Bogota] SQLite directory exists: yes
[06-Sep-2026 21:11:22 America/Bogota] SQLite directory writable: yes
[06-Sep-2026 21:11:22 America/Bogota] SQLite file exists: yes
[06-Sep-2026 21:11:22 America/Bogota] SQLite file writable: yes
[06-Sep-2026 21:11:22 America/Bogota] Conectando SQLite con DSN: sqlite:C:\xampp\htdocs\nombre_de_empresa\database\database.db
[06-Sep-2026 21:11:22 America/Bogota] SQLite requested path: C:\xampp\htdocs\nombre_de_empresa\database\database.db
[06-Sep-2026 21:11:22 America/Bogota] SQLite directory exists: yes
[06-Sep-2026 21:11:22 America/Bogota] SQLite directory writable: yes
[06-Sep-2026 21:11:22 America/Bogota] SQLite file exists: yes
[06-Sep-2026 21:11:22 America/Bogota] SQLite file writable: yes
[06-Sep-2026 21:11:22 America/Bogota] Conectando SQLite con DSN: sqlite:C:\xampp\htdocs\nombre_de_empresa\database\database.db
[06-Sep-2026 21:11:44 America/Bogota] SQLite requested path: C:\xampp\htdocs\nombre_de_empresa\database\database.db
[06-Sep-2026 21:11:44 America/Bogota] SQLite directory exists: yes
[06-Sep-2026 21:11:44 America/Bogota] SQLite directory writable: yes
[06-Sep-2026 21:11:44 America/Bogota] SQLite file exists: yes
[06-Sep-2026 21:11:44 America/Bogota] SQLite file writable: yes
[06-Sep-2026 21:11:44 America/Bogota] Conectando SQLite con DSN: sqlite:C:\xampp\htdocs\nombre_de_empresa\database\database.db
[06-Sep-2026 21:11:44 America/Bogota] SQLite requested path: C:\xampp\htdocs\nombre_de_empresa\database\database.db
[06-Sep-2026 21:11:44 America/Bogota] SQLite directory exists: yes
[06-Sep-2026 21:11:44 America/Bogota] SQLite directory writable: yes
[06-Sep-2026 21:11:44 America/Bogota] SQLite file exists: yes
[06-Sep-2026 21:11:44 America/Bogota] SQLite file writable: yes
[06-Sep-2026 21:11:44 America/Bogota] Conectando SQLite con DSN: sqlite:C:\xampp\htdocs\nombre_de_empresa\database\database.db
[06-Sep-2026 21:11:44 America/Bogota] SQLite requested path: C:\xampp\htdocs\nombre_de_empresa\database\database.db
[06-Sep-2026 21:11:44 America/Bogota] SQLite directory exists: yes
[06-Sep-2026 21:11:44 America/Bogota] SQLite directory writable: yes
[06-Sep-2026 21:11:44 America/Bogota] SQLite file exists: yes
[06-Sep-2026 21:11:44 America/Bogota] SQLite file writable: yes
[06-Sep-2026 21:11:44 America/Bogota] Conectando SQLite con DSN: sqlite:C:\xampp\htdocs\nombre_de_empresa\database\database.db
[06-Sep-2026 21:11:44 America/Bogota] SQLite requested path: C:\xampp\htdocs\nombre_de_empresa\database\database.db
[06-Sep-2026 21:11:44 America/Bogota] SQLite directory exists: yes
[06-Sep-2026 21:11:44 America/Bogota] SQLite directory writable: yes
[06-Sep-2026 21:11:44 America/Bogota] SQLite file exists: yes
[06-Sep-2026 21:11:44 America/Bogota] SQLite file writable: yes
[06-Sep-2026 21:11:44 America/Bogota] Conectando SQLite con DSN: sqlite:C:\xampp\htdocs\nombre_de_empresa\database\database.db
[06-Sep-2026 21:12:44 America/Bogota] SQLite requested path: C:\xampp\htdocs\nombre_de_empresa\database\database.db
[06-Sep-2026 21:12:44 America/Bogota] SQLite directory exists: yes
[06-Sep-2026 21:12:44 America/Bogota] SQLite directory writable: yes
[06-Sep-2026 21:12:44 America/Bogota] SQLite file exists: yes
[06-Sep-2026 21:12:44 America/Bogota] SQLite file writable: yes
[06-Sep-2026 21:12:44 America/Bogota] Conectando SQLite con DSN: sqlite:C:\xampp\htdocs\nombre_de_empresa\database\database.db
[06-Sep-2026 21:12:44 America/Bogota] SQLite requested path: C:\xampp\htdocs\nombre_de_empresa\database\database.db
[06-Sep-2026 21:12:44 America/Bogota] SQLite directory exists: yes
[06-Sep-2026 21:12:44 America/Bogota] SQLite directory writable: yes
[06-Sep-2026 21:12:44 America/Bogota] SQLite file exists: yes
[06-Sep-2026 21:12:44 America/Bogota] SQLite file writable: yes
[06-Sep-2026 21:12:44 America/Bogota] Conectando SQLite con DSN: sqlite:C:\xampp\htdocs\nombre_de_empresa\database\database.db
[06-Sep-2026 21:12:44 America/Bogota] SQLite requested path: C:\xampp\htdocs\nombre_de_empresa\database\database.db
[06-Sep-2026 21:12:44 America/Bogota] SQLite directory exists: yes
[06-Sep-2026 21:12:44 America/Bogota] SQLite directory writable: yes
[06-Sep-2026 21:12:44 America/Bogota] SQLite file exists: yes
[06-Sep-2026 21:12:44 America/Bogota] SQLite file writable: yes
[06-Sep-2026 21:12:44 America/Bogota] Conectando SQLite con DSN: sqlite:C:\xampp\htdocs\nombre_de_empresa\database\database.db
[06-Sep-2026 21:12:44 America/Bogota] SQLite requested path: C:\xampp\htdocs\nombre_de_empresa\database\database.db
[06-Sep-2026 21:12:44 America/Bogota] SQLite directory exists: yes
[06-Sep-2026 21:12:44 America/Bogota] SQLite directory writable: yes
[06-Sep-2026 21:12:44 America/Bogota] SQLite file exists: yes
[06-Sep-2026 21:12:44 America/Bogota] SQLite file writable: yes
[06-Sep-2026 21:12:44 America/Bogota] Conectando SQLite con DSN: sqlite:C:\xampp\htdocs\nombre_de_empresa\database\database.db
[06-Sep-2026 21:13:06 America/Bogota] SQLite requested path: C:\xampp\htdocs\nombre_de_empresa\database\database.db
[06-Sep-2026 21:13:06 America/Bogota] SQLite directory exists: yes
[06-Sep-2026 21:13:06 America/Bogota] SQLite directory writable: yes
[06-Sep-2026 21:13:06 America/Bogota] SQLite file exists: yes
[06-Sep-2026 21:13:06 America/Bogota] SQLite file writable: yes
[06-Sep-2026 21:13:06 America/Bogota] Conectando SQLite con DSN: sqlite:C:\xampp\htdocs\nombre_de_empresa\database\database.db
[06-Sep-2026 21:13:06 America/Bogota] SQLite requested path: C:\xampp\htdocs\nombre_de_empresa\database\database.db
[06-Sep-2026 21:13:06 America/Bogota] SQLite directory exists: yes
[06-Sep-2026 21:13:06 America/Bogota] SQLite directory writable: yes
[06-Sep-2026 21:13:06 America/Bogota] SQLite file exists: yes
[06-Sep-2026 21:13:06 America/Bogota] SQLite file writable: yes
[06-Sep-2026 21:13:06 America/Bogota] Conectando SQLite con DSN: sqlite:C:\xampp\htdocs\nombre_de_empresa\database\database.db
[06-Sep-2026 21:13:06 America/Bogota] SQLite requested path: C:\xampp\htdocs\nombre_de_empresa\database\database.db
[06-Sep-2026 21:13:06 America/Bogota] SQLite directory exists: yes
[06-Sep-2026 21:13:06 America/Bogota] SQLite directory writable: yes
[06-Sep-2026 21:13:06 America/Bogota] SQLite file exists: yes
[06-Sep-2026 21:13:06 America/Bogota] SQLite file writable: yes
[06-Sep-2026 21:13:06 America/Bogota] Conectando SQLite con DSN: sqlite:C:\xampp\htdocs\nombre_de_empresa\database\database.db
[06-Sep-2026 21:13:06 America/Bogota] SQLite requested path: C:\xampp\htdocs\nombre_de_empresa\database\database.db
[06-Sep-2026 21:13:06 America/Bogota] SQLite directory exists: yes
[06-Sep-2026 21:13:06 America/Bogota] SQLite directory writable: yes
[06-Sep-2026 21:13:06 America/Bogota] SQLite file exists: yes
[06-Sep-2026 21:13:06 America/Bogota] SQLite file writable: yes
[06-Sep-2026 21:13:06 America/Bogota] Conectando SQLite con DSN: sqlite:C:\xampp\htdocs\nombre_de_empresa\database\database.db
[06-Sep-2026 21:13:10 America/Bogota] SQLite requested path: C:\xampp\htdocs\nombre_de_empresa\database\database.db
[06-Sep-2026 21:13:10 America/Bogota] SQLite directory exists: yes
[06-Sep-2026 21:13:10 America/Bogota] SQLite directory writable: yes
[06-Sep-2026 21:13:10 America/Bogota] SQLite file exists: yes
[06-Sep-2026 21:13:10 America/Bogota] SQLite file writable: yes
[06-Sep-2026 21:13:10 America/Bogota] Conectando SQLite con DSN: sqlite:C:\xampp\htdocs\nombre_de_empresa\database\database.db
[06-Sep-2026 21:13:10 America/Bogota] SQLite requested path: C:\xampp\htdocs\nombre_de_empresa\database\database.db
[06-Sep-2026 21:13:10 America/Bogota] SQLite directory exists: yes
[06-Sep-2026 21:13:10 America/Bogota] SQLite directory writable: yes
[06-Sep-2026 21:13:10 America/Bogota] SQLite file exists: yes
[06-Sep-2026 21:13:10 America/Bogota] SQLite file writable: yes
[06-Sep-2026 21:13:10 America/Bogota] Conectando SQLite con DSN: sqlite:C:\xampp\htdocs\nombre_de_empresa\database\database.db
[06-Sep-2026 21:13:10 America/Bogota] SQLite requested path: C:\xampp\htdocs\nombre_de_empresa\database\database.db
[06-Sep-2026 21:13:10 America/Bogota] SQLite directory exists: yes
[06-Sep-2026 21:13:10 America/Bogota] SQLite directory writable: yes
[06-Sep-2026 21:13:10 America/Bogota] SQLite file exists: yes
[06-Sep-2026 21:13:10 America/Bogota] SQLite file writable: yes
[06-Sep-2026 21:13:10 America/Bogota] Conectando SQLite con DSN: sqlite:C:\xampp\htdocs\nombre_de_empresa\database\database.db
[06-Sep-2026 21:13:10 America/Bogota] SQLite requested path: C:\xampp\htdocs\nombre_de_empresa\database\database.db
[06-Sep-2026 21:13:10 America/Bogota] SQLite directory exists: yes
[06-Sep-2026 21:13:10 America/Bogota] SQLite directory writable: yes
[06-Sep-2026 21:13:10 America/Bogota] SQLite file exists: yes
[06-Sep-2026 21:13:10 America/Bogota] SQLite file writable: yes
[06-Sep-2026 21:13:10 America/Bogota] Conectando SQLite con DSN: sqlite:C:\xampp\htdocs\nombre_de_empresa\database\database.db
[06-Sep-2026 21:13:12 America/Bogota] SQLite requested path: C:\xampp\htdocs\nombre_de_empresa\database\database.db
[06-Sep-2026 21:13:12 America/Bogota] SQLite directory exists: yes
[06-Sep-2026 21:13:12 America/Bogota] SQLite directory writable: yes
[06-Sep-2026 21:13:12 America/Bogota] SQLite file exists: yes
[06-Sep-2026 21:13:12 America/Bogota] SQLite file writable: yes
[06-Sep-2026 21:13:12 America/Bogota] Conectando SQLite con DSN: sqlite:C:\xampp\htdocs\nombre_de_empresa\database\database.db
[06-Sep-2026 21:13:14 America/Bogota] SQLite requested path: C:\xampp\htdocs\nombre_de_empresa\database\database.db
[06-Sep-2026 21:13:14 America/Bogota] SQLite directory exists: yes
[06-Sep-2026 21:13:14 America/Bogota] SQLite directory writable: yes
[06-Sep-2026 21:13:14 America/Bogota] SQLite file exists: yes
[06-Sep-2026 21:13:14 America/Bogota] SQLite file writable: yes
[06-Sep-2026 21:13:14 America/Bogota] Conectando SQLite con DSN: sqlite:C:\xampp\htdocs\nombre_de_empresa\database\database.db
[06-Sep-2026 21:13:14 America/Bogota] SQLite requested path: C:\xampp\htdocs\nombre_de_empresa\database\database.db
[06-Sep-2026 21:13:14 America/Bogota] SQLite directory exists: yes
[06-Sep-2026 21:13:14 America/Bogota] SQLite directory writable: yes
[06-Sep-2026 21:13:14 America/Bogota] SQLite file exists: yes
[06-Sep-2026 21:13:14 America/Bogota] SQLite file writable: yes
[06-Sep-2026 21:13:14 America/Bogota] Conectando SQLite con DSN: sqlite:C:\xampp\htdocs\nombre_de_empresa\database\database.db
[06-Sep-2026 21:13:14 America/Bogota] SQLite requested path: C:\xampp\htdocs\nombre_de_empresa\database\database.db
[06-Sep-2026 21:13:14 America/Bogota] SQLite directory exists: yes
[06-Sep-2026 21:13:14 America/Bogota] SQLite directory writable: yes
[06-Sep-2026 21:13:14 America/Bogota] SQLite file exists: yes
[06-Sep-2026 21:13:14 America/Bogota] SQLite file writable: yes
[06-Sep-2026 21:13:14 America/Bogota] Conectando SQLite con DSN: sqlite:C:\xampp\htdocs\nombre_de_empresa\database\database.db
[06-Sep-2026 21:13:14 America/Bogota] SQLite requested path: C:\xampp\htdocs\nombre_de_empresa\database\database.db
[06-Sep-2026 21:13:14 America/Bogota] SQLite directory exists: yes
[06-Sep-2026 21:13:14 America/Bogota] SQLite directory writable: yes
[06-Sep-2026 21:13:14 America/Bogota] SQLite file exists: yes
[06-Sep-2026 21:13:14 America/Bogota] SQLite file writable: yes
[06-Sep-2026 21:13:14 America/Bogota] Conectando SQLite con DSN: sqlite:C:\xampp\htdocs\nombre_de_empresa\database\database.db
[06-Sep-2026 21:32:37 America/Bogota] SQLite requested path: C:\xampp\htdocs\nombre_de_empresa\database\database.db
[06-Sep-2026 21:32:37 America/Bogota] SQLite directory exists: yes
[06-Sep-2026 21:32:37 America/Bogota] SQLite directory writable: yes
[06-Sep-2026 21:32:37 America/Bogota] SQLite file exists: yes
[06-Sep-2026 21:32:37 America/Bogota] SQLite file writable: yes
[06-Sep-2026 21:32:37 America/Bogota] Conectando SQLite con DSN: sqlite:C:\xampp\htdocs\nombre_de_empresa\database\database.db
[06-Sep-2026 21:32:37 America/Bogota] SQLite requested path: C:\xampp\htdocs\nombre_de_empresa\database\database.db
[06-Sep-2026 21:32:37 America/Bogota] SQLite directory exists: yes
[06-Sep-2026 21:32:37 America/Bogota] SQLite directory writable: yes
[06-Sep-2026 21:32:37 America/Bogota] SQLite file exists: yes
[06-Sep-2026 21:32:37 America/Bogota] SQLite file writable: yes
[06-Sep-2026 21:32:37 America/Bogota] Conectando SQLite con DSN: sqlite:C:\xampp\htdocs\nombre_de_empresa\database\database.db
[06-Sep-2026 21:32:37 America/Bogota] SQLite requested path: C:\xampp\htdocs\nombre_de_empresa\database\database.db
[06-Sep-2026 21:32:37 America/Bogota] SQLite directory exists: yes
[06-Sep-2026 21:32:37 America/Bogota] SQLite directory writable: yes
[06-Sep-2026 21:32:37 America/Bogota] SQLite file exists: yes
[06-Sep-2026 21:32:37 America/Bogota] SQLite file writable: yes
[06-Sep-2026 21:32:37 America/Bogota] Conectando SQLite con DSN: sqlite:C:\xampp\htdocs\nombre_de_empresa\database\database.db
[06-Sep-2026 21:32:37 America/Bogota] SQLite requested path: C:\xampp\htdocs\nombre_de_empresa\database\database.db
[06-Sep-2026 21:32:37 America/Bogota] SQLite directory exists: yes
[06-Sep-2026 21:32:37 America/Bogota] SQLite directory writable: yes
[06-Sep-2026 21:32:37 America/Bogota] SQLite file exists: yes
[06-Sep-2026 21:32:37 America/Bogota] SQLite file writable: yes
[06-Sep-2026 21:32:37 America/Bogota] Conectando SQLite con DSN: sqlite:C:\xampp\htdocs\nombre_de_empresa\database\database.db
[06-Sep-2026 21:32:42 America/Bogota] SQLite requested path: C:\xampp\htdocs\nombre_de_empresa\database\database.db
[06-Sep-2026 21:32:42 America/Bogota] SQLite directory exists: yes
[06-Sep-2026 21:32:42 America/Bogota] SQLite directory writable: yes
[06-Sep-2026 21:32:42 America/Bogota] SQLite file exists: yes
[06-Sep-2026 21:32:42 America/Bogota] SQLite file writable: yes
[06-Sep-2026 21:32:42 America/Bogota] Conectando SQLite con DSN: sqlite:C:\xampp\htdocs\nombre_de_empresa\database\database.db
[06-Sep-2026 21:32:42 America/Bogota] SQLite requested path: C:\xampp\htdocs\nombre_de_empresa\database\database.db
[06-Sep-2026 21:32:42 America/Bogota] SQLite directory exists: yes
[06-Sep-2026 21:32:42 America/Bogota] SQLite directory writable: yes
[06-Sep-2026 21:32:42 America/Bogota] SQLite file exists: yes
[06-Sep-2026 21:32:42 America/Bogota] SQLite file writable: yes
[06-Sep-2026 21:32:42 America/Bogota] Conectando SQLite con DSN: sqlite:C:\xampp\htdocs\nombre_de_empresa\database\database.db
[06-Sep-2026 21:32:42 America/Bogota] SQLite requested path: C:\xampp\htdocs\nombre_de_empresa\database\database.db
[06-Sep-2026 21:32:42 America/Bogota] SQLite directory exists: yes
[06-Sep-2026 21:32:42 America/Bogota] SQLite directory writable: yes
[06-Sep-2026 21:32:42 America/Bogota] SQLite file exists: yes
[06-Sep-2026 21:32:42 America/Bogota] SQLite file writable: yes
[06-Sep-2026 21:32:42 America/Bogota] Conectando SQLite con DSN: sqlite:C:\xampp\htdocs\nombre_de_empresa\database\database.db
[06-Sep-2026 21:32:42 America/Bogota] SQLite requested path: C:\xampp\htdocs\nombre_de_empresa\database\database.db
[06-Sep-2026 21:32:42 America/Bogota] SQLite directory exists: yes
[06-Sep-2026 21:32:42 America/Bogota] SQLite directory writable: yes
[06-Sep-2026 21:32:42 America/Bogota] SQLite file exists: yes
[06-Sep-2026 21:32:42 America/Bogota] SQLite file writable: yes
[06-Sep-2026 21:32:42 America/Bogota] Conectando SQLite con DSN: sqlite:C:\xampp\htdocs\nombre_de_empresa\database\database.db
[07-Sep-2026 18:46:51 America/Bogota] SQLite requested path: C:\xampp\htdocs\nombre_de_empresa\database\database.db
[07-Sep-2026 18:46:51 America/Bogota] SQLite directory exists: yes
[07-Sep-2026 18:46:51 America/Bogota] SQLite directory writable: yes
[07-Sep-2026 18:46:51 America/Bogota] SQLite file exists: yes
[07-Sep-2026 18:46:51 America/Bogota] SQLite file writable: yes
[07-Sep-2026 18:46:51 America/Bogota] Conectando SQLite con DSN: sqlite:C:\xampp\htdocs\nombre_de_empresa\database\database.db
[07-Sep-2026 18:46:51 America/Bogota] SQLite requested path: C:\xampp\htdocs\nombre_de_empresa\database\database.db
[07-Sep-2026 18:46:51 America/Bogota] SQLite directory exists: yes
[07-Sep-2026 18:46:51 America/Bogota] SQLite directory writable: yes
[07-Sep-2026 18:46:51 America/Bogota] SQLite file exists: yes
[07-Sep-2026 18:46:51 America/Bogota] SQLite file writable: yes
[07-Sep-2026 18:46:51 America/Bogota] Conectando SQLite con DSN: sqlite:C:\xampp\htdocs\nombre_de_empresa\database\database.db
[07-Sep-2026 18:49:40 America/Bogota] SQLite requested path: C:\xampp\htdocs\nombre_de_empresa\database\database.db
[07-Sep-2026 18:49:40 America/Bogota] SQLite directory exists: yes
[07-Sep-2026 18:49:40 America/Bogota] SQLite directory writable: yes
[07-Sep-2026 18:49:40 America/Bogota] SQLite file exists: yes
[07-Sep-2026 18:49:40 America/Bogota] SQLite file writable: yes
[07-Sep-2026 18:49:40 America/Bogota] Conectando SQLite con DSN: sqlite:C:\xampp\htdocs\nombre_de_empresa\database\database.db
[07-Sep-2026 18:49:40 America/Bogota] SQLite requested path: C:\xampp\htdocs\nombre_de_empresa\database\database.db
[07-Sep-2026 18:49:40 America/Bogota] SQLite directory exists: yes
[07-Sep-2026 18:49:40 America/Bogota] SQLite directory writable: yes
[07-Sep-2026 18:49:40 America/Bogota] SQLite file exists: yes
[07-Sep-2026 18:49:40 America/Bogota] SQLite file writable: yes
[07-Sep-2026 18:49:40 America/Bogota] Conectando SQLite con DSN: sqlite:C:\xampp\htdocs\nombre_de_empresa\database\database.db
[07-Sep-2026 18:50:29 America/Bogota] SQLite requested path: C:\xampp\htdocs\nombre_de_empresa\database\database.db
[07-Sep-2026 18:50:29 America/Bogota] SQLite directory exists: yes
[07-Sep-2026 18:50:29 America/Bogota] SQLite directory writable: yes
[07-Sep-2026 18:50:29 America/Bogota] SQLite file exists: yes
[07-Sep-2026 18:50:29 America/Bogota] SQLite file writable: yes
[07-Sep-2026 18:50:29 America/Bogota] Conectando SQLite con DSN: sqlite:C:\xampp\htdocs\nombre_de_empresa\database\database.db
[07-Sep-2026 18:50:29 America/Bogota] SQLite requested path: C:\xampp\htdocs\nombre_de_empresa\database\database.db
[07-Sep-2026 18:50:29 America/Bogota] SQLite directory exists: yes
[07-Sep-2026 18:50:29 America/Bogota] SQLite directory writable: yes
[07-Sep-2026 18:50:29 America/Bogota] SQLite file exists: yes
[07-Sep-2026 18:50:29 America/Bogota] SQLite file writable: yes
[07-Sep-2026 18:50:29 America/Bogota] Conectando SQLite con DSN: sqlite:C:\xampp\htdocs\nombre_de_empresa\database\database.db
[07-Sep-2026 18:52:04 America/Bogota] SQLite requested path: C:\xampp\htdocs\nombre_de_empresa\database\database.db
[07-Sep-2026 18:52:04 America/Bogota] SQLite directory exists: yes
[07-Sep-2026 18:52:04 America/Bogota] SQLite directory writable: yes
[07-Sep-2026 18:52:04 America/Bogota] SQLite file exists: yes
[07-Sep-2026 18:52:04 America/Bogota] SQLite file writable: yes
[07-Sep-2026 18:52:04 America/Bogota] Conectando SQLite con DSN: sqlite:C:\xampp\htdocs\nombre_de_empresa\database\database.db
[07-Sep-2026 18:52:04 America/Bogota] SQLite requested path: C:\xampp\htdocs\nombre_de_empresa\database\database.db
[07-Sep-2026 18:52:04 America/Bogota] SQLite directory exists: yes
[07-Sep-2026 18:52:04 America/Bogota] SQLite directory writable: yes
[07-Sep-2026 18:52:04 America/Bogota] SQLite file exists: yes
[07-Sep-2026 18:52:04 America/Bogota] SQLite file writable: yes
[07-Sep-2026 18:52:04 America/Bogota] Conectando SQLite con DSN: sqlite:C:\xampp\htdocs\nombre_de_empresa\database\database.db
[07-Sep-2026 18:53:38 America/Bogota] SQLite requested path: C:\xampp\htdocs\nombre_de_empresa\database\database.db
[07-Sep-2026 18:53:38 America/Bogota] SQLite directory exists: yes
[07-Sep-2026 18:53:38 America/Bogota] SQLite directory writable: yes
[07-Sep-2026 18:53:38 America/Bogota] SQLite file exists: yes
[07-Sep-2026 18:53:38 America/Bogota] SQLite file writable: yes
[07-Sep-2026 18:53:38 America/Bogota] Conectando SQLite con DSN: sqlite:C:\xampp\htdocs\nombre_de_empresa\database\database.db
[07-Sep-2026 18:53:38 America/Bogota] SQLite requested path: C:\xampp\htdocs\nombre_de_empresa\database\database.db
[07-Sep-2026 18:53:38 America/Bogota] SQLite directory exists: yes
[07-Sep-2026 18:53:38 America/Bogota] SQLite directory writable: yes
[07-Sep-2026 18:53:38 America/Bogota] SQLite file exists: yes
[07-Sep-2026 18:53:38 America/Bogota] SQLite file writable: yes
[07-Sep-2026 18:53:38 America/Bogota] Conectando SQLite con DSN: sqlite:C:\xampp\htdocs\nombre_de_empresa\database\database.db
[07-Sep-2026 18:55:03 America/Bogota] SQLite requested path: C:\xampp\htdocs\nombre_de_empresa\database\database.db
[07-Sep-2026 18:55:03 America/Bogota] SQLite directory exists: yes
[07-Sep-2026 18:55:03 America/Bogota] SQLite directory writable: yes
[07-Sep-2026 18:55:03 America/Bogota] SQLite file exists: yes
[07-Sep-2026 18:55:03 America/Bogota] SQLite file writable: yes
[07-Sep-2026 18:55:03 America/Bogota] Conectando SQLite con DSN: sqlite:C:\xampp\htdocs\nombre_de_empresa\database\database.db
[07-Sep-2026 18:55:03 America/Bogota] SQLite requested path: C:\xampp\htdocs\nombre_de_empresa\database\database.db
[07-Sep-2026 18:55:03 America/Bogota] SQLite directory exists: yes
[07-Sep-2026 18:55:03 America/Bogota] SQLite directory writable: yes
[07-Sep-2026 18:55:03 America/Bogota] SQLite file exists: yes
[07-Sep-2026 18:55:03 America/Bogota] SQLite file writable: yes
[07-Sep-2026 18:55:03 America/Bogota] Conectando SQLite con DSN: sqlite:C:\xampp\htdocs\nombre_de_empresa\database\database.db
[07-Sep-2026 18:56:23 America/Bogota] SQLite requested path: C:\xampp\htdocs\nombre_de_empresa\database\database.db
[07-Sep-2026 18:56:23 America/Bogota] SQLite directory exists: yes
[07-Sep-2026 18:56:23 America/Bogota] SQLite directory writable: yes
[07-Sep-2026 18:56:23 America/Bogota] SQLite file exists: yes
[07-Sep-2026 18:56:23 America/Bogota] SQLite file writable: yes
[07-Sep-2026 18:56:23 America/Bogota] Conectando SQLite con DSN: sqlite:C:\xampp\htdocs\nombre_de_empresa\database\database.db
[07-Sep-2026 18:56:23 America/Bogota] SQLite requested path: C:\xampp\htdocs\nombre_de_empresa\database\database.db
[07-Sep-2026 18:56:23 America/Bogota] SQLite directory exists: yes
[07-Sep-2026 18:56:23 America/Bogota] SQLite directory writable: yes
[07-Sep-2026 18:56:23 America/Bogota] SQLite file exists: yes
[07-Sep-2026 18:56:23 America/Bogota] SQLite file writable: yes
[07-Sep-2026 18:56:23 America/Bogota] Conectando SQLite con DSN: sqlite:C:\xampp\htdocs\nombre_de_empresa\database\database.db
[07-Sep-2026 18:57:45 America/Bogota] SQLite requested path: C:\xampp\htdocs\nombre_de_empresa\database\database.db
[07-Sep-2026 18:57:45 America/Bogota] SQLite directory exists: yes
[07-Sep-2026 18:57:45 America/Bogota] SQLite directory writable: yes
[07-Sep-2026 18:57:45 America/Bogota] SQLite file exists: yes
[07-Sep-2026 18:57:45 America/Bogota] SQLite file writable: yes
[07-Sep-2026 18:57:45 America/Bogota] Conectando SQLite con DSN: sqlite:C:\xampp\htdocs\nombre_de_empresa\database\database.db
[07-Sep-2026 18:57:45 America/Bogota] SQLite requested path: C:\xampp\htdocs\nombre_de_empresa\database\database.db
[07-Sep-2026 18:57:45 America/Bogota] SQLite directory exists: yes
[07-Sep-2026 18:57:45 America/Bogota] SQLite directory writable: yes
[07-Sep-2026 18:57:45 America/Bogota] SQLite file exists: yes
[07-Sep-2026 18:57:45 America/Bogota] SQLite file writable: yes
[07-Sep-2026 18:57:45 America/Bogota] Conectando SQLite con DSN: sqlite:C:\xampp\htdocs\nombre_de_empresa\database\database.db
[07-Sep-2026 18:59:02 America/Bogota] SQLite requested path: C:\xampp\htdocs\nombre_de_empresa\database\database.db
[07-Sep-2026 18:59:02 America/Bogota] SQLite directory exists: yes
[07-Sep-2026 18:59:02 America/Bogota] SQLite directory writable: yes
[07-Sep-2026 18:59:02 America/Bogota] SQLite file exists: yes
[07-Sep-2026 18:59:02 America/Bogota] SQLite file writable: yes
[07-Sep-2026 18:59:02 America/Bogota] Conectando SQLite con DSN: sqlite:C:\xampp\htdocs\nombre_de_empresa\database\database.db
[07-Sep-2026 18:59:02 America/Bogota] SQLite requested path: C:\xampp\htdocs\nombre_de_empresa\database\database.db
[07-Sep-2026 18:59:02 America/Bogota] SQLite directory exists: yes
[07-Sep-2026 18:59:02 America/Bogota] SQLite directory writable: yes
[07-Sep-2026 18:59:02 America/Bogota] SQLite file exists: yes
[07-Sep-2026 18:59:02 America/Bogota] SQLite file writable: yes
[07-Sep-2026 18:59:02 America/Bogota] Conectando SQLite con DSN: sqlite:C:\xampp\htdocs\nombre_de_empresa\database\database.db
[07-Sep-2026 18:59:05 America/Bogota] SQLite requested path: C:\xampp\htdocs\nombre_de_empresa\database\database.db
[07-Sep-2026 18:59:05 America/Bogota] SQLite directory exists: yes
[07-Sep-2026 18:59:05 America/Bogota] SQLite directory writable: yes
[07-Sep-2026 18:59:05 America/Bogota] SQLite file exists: yes
[07-Sep-2026 18:59:05 America/Bogota] SQLite file writable: yes
[07-Sep-2026 18:59:05 America/Bogota] Conectando SQLite con DSN: sqlite:C:\xampp\htdocs\nombre_de_empresa\database\database.db
[07-Sep-2026 18:59:05 America/Bogota] SQLite requested path: C:\xampp\htdocs\nombre_de_empresa\database\database.db
[07-Sep-2026 18:59:05 America/Bogota] SQLite directory exists: yes
[07-Sep-2026 18:59:05 America/Bogota] SQLite directory writable: yes
[07-Sep-2026 18:59:05 America/Bogota] SQLite file exists: yes
[07-Sep-2026 18:59:05 America/Bogota] SQLite file writable: yes
[07-Sep-2026 18:59:05 America/Bogota] Conectando SQLite con DSN: sqlite:C:\xampp\htdocs\nombre_de_empresa\database\database.db
[07-Sep-2026 18:59:52 America/Bogota] SQLite requested path: C:\xampp\htdocs\nombre_de_empresa\database\database.db
[07-Sep-2026 18:59:52 America/Bogota] SQLite directory exists: yes
[07-Sep-2026 18:59:52 America/Bogota] SQLite directory writable: yes
[07-Sep-2026 18:59:52 America/Bogota] SQLite file exists: yes
[07-Sep-2026 18:59:52 America/Bogota] SQLite file writable: yes
[07-Sep-2026 18:59:52 America/Bogota] Conectando SQLite con DSN: sqlite:C:\xampp\htdocs\nombre_de_empresa\database\database.db
[07-Sep-2026 18:59:52 America/Bogota] SQLite requested path: C:\xampp\htdocs\nombre_de_empresa\database\database.db
[07-Sep-2026 18:59:52 America/Bogota] SQLite directory exists: yes
[07-Sep-2026 18:59:52 America/Bogota] SQLite directory writable: yes
[07-Sep-2026 18:59:52 America/Bogota] SQLite file exists: yes
[07-Sep-2026 18:59:52 America/Bogota] SQLite file writable: yes
[07-Sep-2026 18:59:52 America/Bogota] Conectando SQLite con DSN: sqlite:C:\xampp\htdocs\nombre_de_empresa\database\database.db
[07-Sep-2026 18:59:55 America/Bogota] SQLite requested path: C:\xampp\htdocs\nombre_de_empresa\database\database.db
[07-Sep-2026 18:59:55 America/Bogota] SQLite directory exists: yes
[07-Sep-2026 18:59:55 America/Bogota] SQLite directory writable: yes
[07-Sep-2026 18:59:55 America/Bogota] SQLite file exists: yes
[07-Sep-2026 18:59:55 America/Bogota] SQLite file writable: yes
[07-Sep-2026 18:59:55 America/Bogota] Conectando SQLite con DSN: sqlite:C:\xampp\htdocs\nombre_de_empresa\database\database.db
[07-Sep-2026 18:59:55 America/Bogota] SQLite requested path: C:\xampp\htdocs\nombre_de_empresa\database\database.db
[07-Sep-2026 18:59:55 America/Bogota] SQLite directory exists: yes
[07-Sep-2026 18:59:55 America/Bogota] SQLite directory writable: yes
[07-Sep-2026 18:59:55 America/Bogota] SQLite file exists: yes
[07-Sep-2026 18:59:55 America/Bogota] SQLite file writable: yes
[07-Sep-2026 18:59:55 America/Bogota] Conectando SQLite con DSN: sqlite:C:\xampp\htdocs\nombre_de_empresa\database\database.db
[07-Sep-2026 19:01:20 America/Bogota] SQLite requested path: C:\xampp\htdocs\nombre_de_empresa\database\database.db
[07-Sep-2026 19:01:20 America/Bogota] SQLite directory exists: yes
[07-Sep-2026 19:01:20 America/Bogota] SQLite directory writable: yes
[07-Sep-2026 19:01:20 America/Bogota] SQLite file exists: yes
[07-Sep-2026 19:01:20 America/Bogota] SQLite file writable: yes
[07-Sep-2026 19:01:20 America/Bogota] Conectando SQLite con DSN: sqlite:C:\xampp\htdocs\nombre_de_empresa\database\database.db
[07-Sep-2026 19:01:20 America/Bogota] SQLite requested path: C:\xampp\htdocs\nombre_de_empresa\database\database.db
[07-Sep-2026 19:01:20 America/Bogota] SQLite directory exists: yes
[07-Sep-2026 19:01:20 America/Bogota] SQLite directory writable: yes
[07-Sep-2026 19:01:20 America/Bogota] SQLite file exists: yes
[07-Sep-2026 19:01:20 America/Bogota] SQLite file writable: yes
[07-Sep-2026 19:01:20 America/Bogota] Conectando SQLite con DSN: sqlite:C:\xampp\htdocs\nombre_de_empresa\database\database.db
[07-Sep-2026 19:01:30 America/Bogota] SQLite requested path: C:\xampp\htdocs\nombre_de_empresa\database\database.db
[07-Sep-2026 19:01:30 America/Bogota] SQLite directory exists: yes
[07-Sep-2026 19:01:30 America/Bogota] SQLite directory writable: yes
[07-Sep-2026 19:01:30 America/Bogota] SQLite file exists: yes
[07-Sep-2026 19:01:30 America/Bogota] SQLite file writable: yes
[07-Sep-2026 19:01:30 America/Bogota] Conectando SQLite con DSN: sqlite:C:\xampp\htdocs\nombre_de_empresa\database\database.db
[07-Sep-2026 19:01:30 America/Bogota] SQLite requested path: C:\xampp\htdocs\nombre_de_empresa\database\database.db
[07-Sep-2026 19:01:30 America/Bogota] SQLite directory exists: yes
[07-Sep-2026 19:01:30 America/Bogota] SQLite directory writable: yes
[07-Sep-2026 19:01:30 America/Bogota] SQLite file exists: yes
[07-Sep-2026 19:01:30 America/Bogota] SQLite file writable: yes
[07-Sep-2026 19:01:30 America/Bogota] Conectando SQLite con DSN: sqlite:C:\xampp\htdocs\nombre_de_empresa\database\database.db
[07-Sep-2026 19:03:16 America/Bogota] SQLite requested path: C:\xampp\htdocs\nombre_de_empresa\database\database.db
[07-Sep-2026 19:03:16 America/Bogota] SQLite directory exists: yes
[07-Sep-2026 19:03:16 America/Bogota] SQLite directory writable: yes
[07-Sep-2026 19:03:16 America/Bogota] SQLite file exists: yes
[07-Sep-2026 19:03:16 America/Bogota] SQLite file writable: yes
[07-Sep-2026 19:03:16 America/Bogota] Conectando SQLite con DSN: sqlite:C:\xampp\htdocs\nombre_de_empresa\database\database.db
[07-Sep-2026 19:03:16 America/Bogota] SQLite requested path: C:\xampp\htdocs\nombre_de_empresa\database\database.db
[07-Sep-2026 19:03:16 America/Bogota] SQLite directory exists: yes
[07-Sep-2026 19:03:16 America/Bogota] SQLite directory writable: yes
[07-Sep-2026 19:03:16 America/Bogota] SQLite file exists: yes
[07-Sep-2026 19:03:16 America/Bogota] SQLite file writable: yes
[07-Sep-2026 19:03:16 America/Bogota] Conectando SQLite con DSN: sqlite:C:\xampp\htdocs\nombre_de_empresa\database\database.db
[07-Sep-2026 19:05:13 America/Bogota] SQLite requested path: C:\xampp\htdocs\nombre_de_empresa\database\database.db
[07-Sep-2026 19:05:13 America/Bogota] SQLite directory exists: yes
[07-Sep-2026 19:05:13 America/Bogota] SQLite directory writable: yes
[07-Sep-2026 19:05:13 America/Bogota] SQLite file exists: yes
[07-Sep-2026 19:05:13 America/Bogota] SQLite file writable: yes
[07-Sep-2026 19:05:13 America/Bogota] Conectando SQLite con DSN: sqlite:C:\xampp\htdocs\nombre_de_empresa\database\database.db
[07-Sep-2026 19:05:13 America/Bogota] SQLite requested path: C:\xampp\htdocs\nombre_de_empresa\database\database.db
[07-Sep-2026 19:05:13 America/Bogota] SQLite directory exists: yes
[07-Sep-2026 19:05:13 America/Bogota] SQLite directory writable: yes
[07-Sep-2026 19:05:13 America/Bogota] SQLite file exists: yes
[07-Sep-2026 19:05:13 America/Bogota] SQLite file writable: yes
[07-Sep-2026 19:05:13 America/Bogota] Conectando SQLite con DSN: sqlite:C:\xampp\htdocs\nombre_de_empresa\database\database.db
[07-Sep-2026 19:06:47 America/Bogota] SQLite requested path: C:\xampp\htdocs\nombre_de_empresa\database\database.db
[07-Sep-2026 19:06:47 America/Bogota] SQLite directory exists: yes
[07-Sep-2026 19:06:47 America/Bogota] SQLite directory writable: yes
[07-Sep-2026 19:06:47 America/Bogota] SQLite file exists: yes
[07-Sep-2026 19:06:47 America/Bogota] SQLite file writable: yes
[07-Sep-2026 19:06:47 America/Bogota] Conectando SQLite con DSN: sqlite:C:\xampp\htdocs\nombre_de_empresa\database\database.db
[07-Sep-2026 19:06:47 America/Bogota] SQLite requested path: C:\xampp\htdocs\nombre_de_empresa\database\database.db
[07-Sep-2026 19:06:47 America/Bogota] SQLite directory exists: yes
[07-Sep-2026 19:06:47 America/Bogota] SQLite directory writable: yes
[07-Sep-2026 19:06:47 America/Bogota] SQLite file exists: yes
[07-Sep-2026 19:06:47 America/Bogota] SQLite file writable: yes
[07-Sep-2026 19:06:47 America/Bogota] Conectando SQLite con DSN: sqlite:C:\xampp\htdocs\nombre_de_empresa\database\database.db
[07-Sep-2026 19:09:09 America/Bogota] SQLite requested path: C:\xampp\htdocs\nombre_de_empresa\database\database.db
[07-Sep-2026 19:09:09 America/Bogota] SQLite directory exists: yes
[07-Sep-2026 19:09:09 America/Bogota] SQLite directory writable: yes
[07-Sep-2026 19:09:09 America/Bogota] SQLite file exists: yes
[07-Sep-2026 19:09:09 America/Bogota] SQLite file writable: yes
[07-Sep-2026 19:09:09 America/Bogota] Conectando SQLite con DSN: sqlite:C:\xampp\htdocs\nombre_de_empresa\database\database.db
[07-Sep-2026 19:09:09 America/Bogota] SQLite requested path: C:\xampp\htdocs\nombre_de_empresa\database\database.db
[07-Sep-2026 19:09:09 America/Bogota] SQLite directory exists: yes
[07-Sep-2026 19:09:09 America/Bogota] SQLite directory writable: yes
[07-Sep-2026 19:09:09 America/Bogota] SQLite file exists: yes
[07-Sep-2026 19:09:09 America/Bogota] SQLite file writable: yes
[07-Sep-2026 19:09:09 America/Bogota] Conectando SQLite con DSN: sqlite:C:\xampp\htdocs\nombre_de_empresa\database\database.db
[07-Sep-2026 19:10:51 America/Bogota] SQLite requested path: C:\xampp\htdocs\nombre_de_empresa\database\database.db
[07-Sep-2026 19:10:51 America/Bogota] SQLite directory exists: yes
[07-Sep-2026 19:10:51 America/Bogota] SQLite directory writable: yes
[07-Sep-2026 19:10:51 America/Bogota] SQLite file exists: yes
[07-Sep-2026 19:10:51 America/Bogota] SQLite file writable: yes
[07-Sep-2026 19:10:51 America/Bogota] Conectando SQLite con DSN: sqlite:C:\xampp\htdocs\nombre_de_empresa\database\database.db
[07-Sep-2026 19:10:51 America/Bogota] SQLite requested path: C:\xampp\htdocs\nombre_de_empresa\database\database.db
[07-Sep-2026 19:10:51 America/Bogota] SQLite directory exists: yes
[07-Sep-2026 19:10:51 America/Bogota] SQLite directory writable: yes
[07-Sep-2026 19:10:51 America/Bogota] SQLite file exists: yes
[07-Sep-2026 19:10:51 America/Bogota] SQLite file writable: yes
[07-Sep-2026 19:10:51 America/Bogota] Conectando SQLite con DSN: sqlite:C:\xampp\htdocs\nombre_de_empresa\database\database.db
[07-Sep-2026 19:11:59 America/Bogota] SQLite requested path: C:\xampp\htdocs\nombre_de_empresa\database\database.db
[07-Sep-2026 19:11:59 America/Bogota] SQLite directory exists: yes
[07-Sep-2026 19:11:59 America/Bogota] SQLite directory writable: yes
[07-Sep-2026 19:11:59 America/Bogota] SQLite file exists: yes
[07-Sep-2026 19:11:59 America/Bogota] SQLite file writable: yes
[07-Sep-2026 19:11:59 America/Bogota] Conectando SQLite con DSN: sqlite:C:\xampp\htdocs\nombre_de_empresa\database\database.db
[07-Sep-2026 19:11:59 America/Bogota] SQLite requested path: C:\xampp\htdocs\nombre_de_empresa\database\database.db
[07-Sep-2026 19:11:59 America/Bogota] SQLite directory exists: yes
[07-Sep-2026 19:11:59 America/Bogota] SQLite directory writable: yes
[07-Sep-2026 19:11:59 America/Bogota] SQLite file exists: yes
[07-Sep-2026 19:11:59 America/Bogota] SQLite file writable: yes
[07-Sep-2026 19:11:59 America/Bogota] Conectando SQLite con DSN: sqlite:C:\xampp\htdocs\nombre_de_empresa\database\database.db
[07-Sep-2026 19:12:41 America/Bogota] SQLite requested path: C:\xampp\htdocs\nombre_de_empresa\database\database.db
[07-Sep-2026 19:12:41 America/Bogota] SQLite directory exists: yes
[07-Sep-2026 19:12:41 America/Bogota] SQLite directory writable: yes
[07-Sep-2026 19:12:41 America/Bogota] SQLite file exists: yes
[07-Sep-2026 19:12:41 America/Bogota] SQLite file writable: yes
[07-Sep-2026 19:12:41 America/Bogota] Conectando SQLite con DSN: sqlite:C:\xampp\htdocs\nombre_de_empresa\database\database.db
[07-Sep-2026 19:12:41 America/Bogota] SQLite requested path: C:\xampp\htdocs\nombre_de_empresa\database\database.db
[07-Sep-2026 19:12:41 America/Bogota] SQLite directory exists: yes
[07-Sep-2026 19:12:41 America/Bogota] SQLite directory writable: yes
[07-Sep-2026 19:12:41 America/Bogota] SQLite file exists: yes
[07-Sep-2026 19:12:41 America/Bogota] SQLite file writable: yes
[07-Sep-2026 19:12:41 America/Bogota] Conectando SQLite con DSN: sqlite:C:\xampp\htdocs\nombre_de_empresa\database\database.db
[07-Sep-2026 19:13:48 America/Bogota] SQLite requested path: C:\xampp\htdocs\nombre_de_empresa\database\database.db
[07-Sep-2026 19:13:48 America/Bogota] SQLite directory exists: yes
[07-Sep-2026 19:13:48 America/Bogota] SQLite directory writable: yes
[07-Sep-2026 19:13:48 America/Bogota] SQLite file exists: yes
[07-Sep-2026 19:13:48 America/Bogota] SQLite file writable: yes
[07-Sep-2026 19:13:48 America/Bogota] Conectando SQLite con DSN: sqlite:C:\xampp\htdocs\nombre_de_empresa\database\database.db
[07-Sep-2026 19:13:48 America/Bogota] SQLite requested path: C:\xampp\htdocs\nombre_de_empresa\database\database.db
[07-Sep-2026 19:13:48 America/Bogota] SQLite directory exists: yes
[07-Sep-2026 19:13:48 America/Bogota] SQLite directory writable: yes
[07-Sep-2026 19:13:48 America/Bogota] SQLite file exists: yes
[07-Sep-2026 19:13:48 America/Bogota] SQLite file writable: yes
[07-Sep-2026 19:13:48 America/Bogota] Conectando SQLite con DSN: sqlite:C:\xampp\htdocs\nombre_de_empresa\database\database.db
[07-Sep-2026 19:14:00 America/Bogota] SQLite requested path: C:\xampp\htdocs\nombre_de_empresa\database\database.db
[07-Sep-2026 19:14:00 America/Bogota] SQLite directory exists: yes
[07-Sep-2026 19:14:00 America/Bogota] SQLite directory writable: yes
[07-Sep-2026 19:14:00 America/Bogota] SQLite file exists: yes
[07-Sep-2026 19:14:00 America/Bogota] SQLite file writable: yes
[07-Sep-2026 19:14:00 America/Bogota] Conectando SQLite con DSN: sqlite:C:\xampp\htdocs\nombre_de_empresa\database\database.db
[07-Sep-2026 19:14:00 America/Bogota] SQLite requested path: C:\xampp\htdocs\nombre_de_empresa\database\database.db
[07-Sep-2026 19:14:00 America/Bogota] SQLite directory exists: yes
[07-Sep-2026 19:14:00 America/Bogota] SQLite directory writable: yes
[07-Sep-2026 19:14:00 America/Bogota] SQLite file exists: yes
[07-Sep-2026 19:14:00 America/Bogota] SQLite file writable: yes
[07-Sep-2026 19:14:00 America/Bogota] Conectando SQLite con DSN: sqlite:C:\xampp\htdocs\nombre_de_empresa\database\database.db
[07-Sep-2026 19:14:20 America/Bogota] SQLite requested path: C:\xampp\htdocs\nombre_de_empresa\database\database.db
[07-Sep-2026 19:14:20 America/Bogota] SQLite directory exists: yes
[07-Sep-2026 19:14:20 America/Bogota] SQLite directory writable: yes
[07-Sep-2026 19:14:20 America/Bogota] SQLite file exists: yes
[07-Sep-2026 19:14:20 America/Bogota] SQLite file writable: yes
[07-Sep-2026 19:14:20 America/Bogota] Conectando SQLite con DSN: sqlite:C:\xampp\htdocs\nombre_de_empresa\database\database.db
[07-Sep-2026 19:14:20 America/Bogota] SQLite requested path: C:\xampp\htdocs\nombre_de_empresa\database\database.db
[07-Sep-2026 19:14:20 America/Bogota] SQLite directory exists: yes
[07-Sep-2026 19:14:20 America/Bogota] SQLite directory writable: yes
[07-Sep-2026 19:14:20 America/Bogota] SQLite file exists: yes
[07-Sep-2026 19:14:20 America/Bogota] SQLite file writable: yes
[07-Sep-2026 19:14:20 America/Bogota] Conectando SQLite con DSN: sqlite:C:\xampp\htdocs\nombre_de_empresa\database\database.db
[07-Sep-2026 19:14:20 America/Bogota] SQLite requested path: C:\xampp\htdocs\nombre_de_empresa\database\database.db
[07-Sep-2026 19:14:20 America/Bogota] SQLite directory exists: yes
[07-Sep-2026 19:14:20 America/Bogota] SQLite directory writable: yes
[07-Sep-2026 19:14:20 America/Bogota] SQLite file exists: yes
[07-Sep-2026 19:14:20 America/Bogota] SQLite file writable: yes
[07-Sep-2026 19:14:20 America/Bogota] Conectando SQLite con DSN: sqlite:C:\xampp\htdocs\nombre_de_empresa\database\database.db
[07-Sep-2026 19:14:20 America/Bogota] SQLite requested path: C:\xampp\htdocs\nombre_de_empresa\database\database.db
[07-Sep-2026 19:14:20 America/Bogota] SQLite directory exists: yes
[07-Sep-2026 19:14:20 America/Bogota] SQLite directory writable: yes
[07-Sep-2026 19:14:20 America/Bogota] SQLite file exists: yes
[07-Sep-2026 19:14:20 America/Bogota] SQLite file writable: yes
[07-Sep-2026 19:14:20 America/Bogota] Conectando SQLite con DSN: sqlite:C:\xampp\htdocs\nombre_de_empresa\database\database.db
[07-Sep-2026 19:14:50 America/Bogota] SQLite requested path: C:\xampp\htdocs\nombre_de_empresa\database\database.db
[07-Sep-2026 19:14:50 America/Bogota] SQLite directory exists: yes
[07-Sep-2026 19:14:50 America/Bogota] SQLite directory writable: yes
[07-Sep-2026 19:14:50 America/Bogota] SQLite file exists: yes
[07-Sep-2026 19:14:50 America/Bogota] SQLite file writable: yes
[07-Sep-2026 19:14:50 America/Bogota] Conectando SQLite con DSN: sqlite:C:\xampp\htdocs\nombre_de_empresa\database\database.db
[07-Sep-2026 19:14:50 America/Bogota] SQLite requested path: C:\xampp\htdocs\nombre_de_empresa\database\database.db
[07-Sep-2026 19:14:50 America/Bogota] SQLite directory exists: yes
[07-Sep-2026 19:14:50 America/Bogota] SQLite directory writable: yes
[07-Sep-2026 19:14:50 America/Bogota] SQLite file exists: yes
[07-Sep-2026 19:14:50 America/Bogota] SQLite file writable: yes
[07-Sep-2026 19:14:50 America/Bogota] Conectando SQLite con DSN: sqlite:C:\xampp\htdocs\nombre_de_empresa\database\database.db
[07-Sep-2026 19:15:27 America/Bogota] SQLite requested path: C:\xampp\htdocs\nombre_de_empresa\database\database.db
[07-Sep-2026 19:15:27 America/Bogota] SQLite directory exists: yes
[07-Sep-2026 19:15:27 America/Bogota] SQLite directory writable: yes
[07-Sep-2026 19:15:27 America/Bogota] SQLite file exists: yes
[07-Sep-2026 19:15:27 America/Bogota] SQLite file writable: yes
[07-Sep-2026 19:15:27 America/Bogota] Conectando SQLite con DSN: sqlite:C:\xampp\htdocs\nombre_de_empresa\database\database.db
[07-Sep-2026 19:15:27 America/Bogota] SQLite requested path: C:\xampp\htdocs\nombre_de_empresa\database\database.db
[07-Sep-2026 19:15:27 America/Bogota] SQLite directory exists: yes
[07-Sep-2026 19:15:27 America/Bogota] SQLite directory writable: yes
[07-Sep-2026 19:15:27 America/Bogota] SQLite file exists: yes
[07-Sep-2026 19:15:27 America/Bogota] SQLite file writable: yes
[07-Sep-2026 19:15:27 America/Bogota] Conectando SQLite con DSN: sqlite:C:\xampp\htdocs\nombre_de_empresa\database\database.db
[07-Sep-2026 19:15:41 America/Bogota] SQLite requested path: C:\xampp\htdocs\nombre_de_empresa\database\database.db
[07-Sep-2026 19:15:41 America/Bogota] SQLite directory exists: yes
[07-Sep-2026 19:15:41 America/Bogota] SQLite directory writable: yes
[07-Sep-2026 19:15:41 America/Bogota] SQLite file exists: yes
[07-Sep-2026 19:15:41 America/Bogota] SQLite file writable: yes
[07-Sep-2026 19:15:41 America/Bogota] Conectando SQLite con DSN: sqlite:C:\xampp\htdocs\nombre_de_empresa\database\database.db
[07-Sep-2026 19:15:41 America/Bogota] SQLite requested path: C:\xampp\htdocs\nombre_de_empresa\database\database.db
[07-Sep-2026 19:15:41 America/Bogota] SQLite directory exists: yes
[07-Sep-2026 19:15:41 America/Bogota] SQLite directory writable: yes
[07-Sep-2026 19:15:41 America/Bogota] SQLite file exists: yes
[07-Sep-2026 19:15:41 America/Bogota] SQLite file writable: yes
[07-Sep-2026 19:15:41 America/Bogota] Conectando SQLite con DSN: sqlite:C:\xampp\htdocs\nombre_de_empresa\database\database.db
[07-Sep-2026 19:15:43 America/Bogota] SQLite requested path: C:\xampp\htdocs\nombre_de_empresa\database\database.db
[07-Sep-2026 19:15:43 America/Bogota] SQLite directory exists: yes
[07-Sep-2026 19:15:43 America/Bogota] SQLite directory writable: yes
[07-Sep-2026 19:15:43 America/Bogota] SQLite file exists: yes
[07-Sep-2026 19:15:43 America/Bogota] SQLite file writable: yes
[07-Sep-2026 19:15:43 America/Bogota] Conectando SQLite con DSN: sqlite:C:\xampp\htdocs\nombre_de_empresa\database\database.db
[07-Sep-2026 19:15:43 America/Bogota] SQLite requested path: C:\xampp\htdocs\nombre_de_empresa\database\database.db
[07-Sep-2026 19:15:43 America/Bogota] SQLite directory exists: yes
[07-Sep-2026 19:15:43 America/Bogota] SQLite directory writable: yes
[07-Sep-2026 19:15:43 America/Bogota] SQLite file exists: yes
[07-Sep-2026 19:15:43 America/Bogota] SQLite file writable: yes
[07-Sep-2026 19:15:43 America/Bogota] Conectando SQLite con DSN: sqlite:C:\xampp\htdocs\nombre_de_empresa\database\database.db
[07-Sep-2026 19:15:49 America/Bogota] SQLite requested path: C:\xampp\htdocs\nombre_de_empresa\database\database.db
[07-Sep-2026 19:15:49 America/Bogota] SQLite directory exists: yes
[07-Sep-2026 19:15:49 America/Bogota] SQLite directory writable: yes
[07-Sep-2026 19:15:49 America/Bogota] SQLite file exists: yes
[07-Sep-2026 19:15:49 America/Bogota] SQLite file writable: yes
[07-Sep-2026 19:15:49 America/Bogota] Conectando SQLite con DSN: sqlite:C:\xampp\htdocs\nombre_de_empresa\database\database.db
[07-Sep-2026 19:15:49 America/Bogota] SQLite requested path: C:\xampp\htdocs\nombre_de_empresa\database\database.db
[07-Sep-2026 19:15:49 America/Bogota] SQLite directory exists: yes
[07-Sep-2026 19:15:49 America/Bogota] SQLite directory writable: yes
[07-Sep-2026 19:15:49 America/Bogota] SQLite file exists: yes
[07-Sep-2026 19:15:49 America/Bogota] SQLite file writable: yes
[07-Sep-2026 19:15:49 America/Bogota] Conectando SQLite con DSN: sqlite:C:\xampp\htdocs\nombre_de_empresa\database\database.db
[07-Sep-2026 19:15:49 America/Bogota] SQLite requested path: C:\xampp\htdocs\nombre_de_empresa\database\database.db
[07-Sep-2026 19:15:49 America/Bogota] SQLite directory exists: yes
[07-Sep-2026 19:15:49 America/Bogota] SQLite directory writable: yes
[07-Sep-2026 19:15:49 America/Bogota] SQLite file exists: yes
[07-Sep-2026 19:15:49 America/Bogota] SQLite file writable: yes
[07-Sep-2026 19:15:49 America/Bogota] Conectando SQLite con DSN: sqlite:C:\xampp\htdocs\nombre_de_empresa\database\database.db
[07-Sep-2026 19:15:49 America/Bogota] SQLite requested path: C:\xampp\htdocs\nombre_de_empresa\database\database.db
[07-Sep-2026 19:15:49 America/Bogota] SQLite directory exists: yes
[07-Sep-2026 19:15:49 America/Bogota] SQLite directory writable: yes
[07-Sep-2026 19:15:49 America/Bogota] SQLite file exists: yes
[07-Sep-2026 19:15:49 America/Bogota] SQLite file writable: yes
[07-Sep-2026 19:15:49 America/Bogota] Conectando SQLite con DSN: sqlite:C:\xampp\htdocs\nombre_de_empresa\database\database.db
[07-Sep-2026 19:15:53 America/Bogota] SQLite requested path: C:\xampp\htdocs\nombre_de_empresa\database\database.db
[07-Sep-2026 19:15:53 America/Bogota] SQLite directory exists: yes
[07-Sep-2026 19:15:53 America/Bogota] SQLite directory writable: yes
[07-Sep-2026 19:15:53 America/Bogota] SQLite file exists: yes
[07-Sep-2026 19:15:53 America/Bogota] SQLite file writable: yes
[07-Sep-2026 19:15:53 America/Bogota] Conectando SQLite con DSN: sqlite:C:\xampp\htdocs\nombre_de_empresa\database\database.db
[07-Sep-2026 19:15:53 America/Bogota] SQLite requested path: C:\xampp\htdocs\nombre_de_empresa\database\database.db
[07-Sep-2026 19:15:53 America/Bogota] SQLite directory exists: yes
[07-Sep-2026 19:15:53 America/Bogota] SQLite directory writable: yes
[07-Sep-2026 19:15:53 America/Bogota] SQLite file exists: yes
[07-Sep-2026 19:15:53 America/Bogota] SQLite file writable: yes
[07-Sep-2026 19:15:53 America/Bogota] Conectando SQLite con DSN: sqlite:C:\xampp\htdocs\nombre_de_empresa\database\database.db
[07-Sep-2026 19:16:17 America/Bogota] SQLite requested path: C:\xampp\htdocs\nombre_de_empresa\database\database.db
[07-Sep-2026 19:16:17 America/Bogota] SQLite directory exists: yes
[07-Sep-2026 19:16:17 America/Bogota] SQLite directory writable: yes
[07-Sep-2026 19:16:17 America/Bogota] SQLite file exists: yes
[07-Sep-2026 19:16:17 America/Bogota] SQLite file writable: yes
[07-Sep-2026 19:16:17 America/Bogota] Conectando SQLite con DSN: sqlite:C:\xampp\htdocs\nombre_de_empresa\database\database.db
[07-Sep-2026 19:16:17 America/Bogota] SQLite requested path: C:\xampp\htdocs\nombre_de_empresa\database\database.db
[07-Sep-2026 19:16:17 America/Bogota] SQLite directory exists: yes
[07-Sep-2026 19:16:17 America/Bogota] SQLite directory writable: yes
[07-Sep-2026 19:16:17 America/Bogota] SQLite file exists: yes
[07-Sep-2026 19:16:17 America/Bogota] SQLite file writable: yes
[07-Sep-2026 19:16:17 America/Bogota] Conectando SQLite con DSN: sqlite:C:\xampp\htdocs\nombre_de_empresa\database\database.db
[07-Sep-2026 19:16:21 America/Bogota] SQLite requested path: C:\xampp\htdocs\nombre_de_empresa\database\database.db
[07-Sep-2026 19:16:21 America/Bogota] SQLite directory exists: yes
[07-Sep-2026 19:16:21 America/Bogota] SQLite directory writable: yes
[07-Sep-2026 19:16:21 America/Bogota] SQLite file exists: yes
[07-Sep-2026 19:16:21 America/Bogota] SQLite file writable: yes
[07-Sep-2026 19:16:21 America/Bogota] Conectando SQLite con DSN: sqlite:C:\xampp\htdocs\nombre_de_empresa\database\database.db
[07-Sep-2026 19:16:21 America/Bogota] SQLite requested path: C:\xampp\htdocs\nombre_de_empresa\database\database.db
[07-Sep-2026 19:16:21 America/Bogota] SQLite directory exists: yes
[07-Sep-2026 19:16:21 America/Bogota] SQLite directory writable: yes
[07-Sep-2026 19:16:21 America/Bogota] SQLite file exists: yes
[07-Sep-2026 19:16:21 America/Bogota] SQLite file writable: yes
[07-Sep-2026 19:16:21 America/Bogota] Conectando SQLite con DSN: sqlite:C:\xampp\htdocs\nombre_de_empresa\database\database.db
[07-Sep-2026 19:16:21 America/Bogota] SQLite requested path: C:\xampp\htdocs\nombre_de_empresa\database\database.db
[07-Sep-2026 19:16:21 America/Bogota] SQLite directory exists: yes
[07-Sep-2026 19:16:21 America/Bogota] SQLite directory writable: yes
[07-Sep-2026 19:16:21 America/Bogota] SQLite file exists: yes
[07-Sep-2026 19:16:21 America/Bogota] SQLite file writable: yes
[07-Sep-2026 19:16:21 America/Bogota] Conectando SQLite con DSN: sqlite:C:\xampp\htdocs\nombre_de_empresa\database\database.db
[07-Sep-2026 19:16:21 America/Bogota] SQLite requested path: C:\xampp\htdocs\nombre_de_empresa\database\database.db
[07-Sep-2026 19:16:21 America/Bogota] SQLite directory exists: yes
[07-Sep-2026 19:16:21 America/Bogota] SQLite directory writable: yes
[07-Sep-2026 19:16:21 America/Bogota] SQLite file exists: yes
[07-Sep-2026 19:16:21 America/Bogota] SQLite file writable: yes
[07-Sep-2026 19:16:21 America/Bogota] Conectando SQLite con DSN: sqlite:C:\xampp\htdocs\nombre_de_empresa\database\database.db
[07-Sep-2026 19:16:27 America/Bogota] SQLite requested path: C:\xampp\htdocs\nombre_de_empresa\database\database.db
[07-Sep-2026 19:16:27 America/Bogota] SQLite directory exists: yes
[07-Sep-2026 19:16:27 America/Bogota] SQLite directory writable: yes
[07-Sep-2026 19:16:27 America/Bogota] SQLite file exists: yes
[07-Sep-2026 19:16:27 America/Bogota] SQLite file writable: yes
[07-Sep-2026 19:16:27 America/Bogota] Conectando SQLite con DSN: sqlite:C:\xampp\htdocs\nombre_de_empresa\database\database.db
[07-Sep-2026 19:16:28 America/Bogota] SQLite requested path: C:\xampp\htdocs\nombre_de_empresa\database\database.db
[07-Sep-2026 19:16:28 America/Bogota] SQLite directory exists: yes
[07-Sep-2026 19:16:28 America/Bogota] SQLite directory writable: yes
[07-Sep-2026 19:16:28 America/Bogota] SQLite file exists: yes
[07-Sep-2026 19:16:28 America/Bogota] SQLite file writable: yes
[07-Sep-2026 19:16:28 America/Bogota] Conectando SQLite con DSN: sqlite:C:\xampp\htdocs\nombre_de_empresa\database\database.db
[07-Sep-2026 19:16:33 America/Bogota] SQLite requested path: C:\xampp\htdocs\nombre_de_empresa\database\database.db
[07-Sep-2026 19:16:33 America/Bogota] SQLite directory exists: yes
[07-Sep-2026 19:16:33 America/Bogota] SQLite directory writable: yes
[07-Sep-2026 19:16:33 America/Bogota] SQLite file exists: yes
[07-Sep-2026 19:16:33 America/Bogota] SQLite file writable: yes
[07-Sep-2026 19:16:33 America/Bogota] Conectando SQLite con DSN: sqlite:C:\xampp\htdocs\nombre_de_empresa\database\database.db
[07-Sep-2026 19:16:33 America/Bogota] SQLite requested path: C:\xampp\htdocs\nombre_de_empresa\database\database.db
[07-Sep-2026 19:16:33 America/Bogota] SQLite directory exists: yes
[07-Sep-2026 19:16:33 America/Bogota] SQLite directory writable: yes
[07-Sep-2026 19:16:33 America/Bogota] SQLite file exists: yes
[07-Sep-2026 19:16:33 America/Bogota] SQLite file writable: yes
[07-Sep-2026 19:16:33 America/Bogota] Conectando SQLite con DSN: sqlite:C:\xampp\htdocs\nombre_de_empresa\database\database.db
[07-Sep-2026 19:16:33 America/Bogota] SQLite requested path: C:\xampp\htdocs\nombre_de_empresa\database\database.db
[07-Sep-2026 19:16:33 America/Bogota] SQLite directory exists: yes
[07-Sep-2026 19:16:33 America/Bogota] SQLite directory writable: yes
[07-Sep-2026 19:16:33 America/Bogota] SQLite file exists: yes
[07-Sep-2026 19:16:33 America/Bogota] SQLite file writable: yes
[07-Sep-2026 19:16:33 America/Bogota] Conectando SQLite con DSN: sqlite:C:\xampp\htdocs\nombre_de_empresa\database\database.db
[07-Sep-2026 19:16:33 America/Bogota] SQLite requested path: C:\xampp\htdocs\nombre_de_empresa\database\database.db
[07-Sep-2026 19:16:33 America/Bogota] SQLite directory exists: yes
[07-Sep-2026 19:16:33 America/Bogota] SQLite directory writable: yes
[07-Sep-2026 19:16:33 America/Bogota] SQLite file exists: yes
[07-Sep-2026 19:16:33 America/Bogota] SQLite file writable: yes
[07-Sep-2026 19:16:33 America/Bogota] Conectando SQLite con DSN: sqlite:C:\xampp\htdocs\nombre_de_empresa\database\database.db
[07-Sep-2026 19:17:00 America/Bogota] SQLite requested path: C:\xampp\htdocs\nombre_de_empresa\database\database.db
[07-Sep-2026 19:17:00 America/Bogota] SQLite directory exists: yes
[07-Sep-2026 19:17:00 America/Bogota] SQLite directory writable: yes
[07-Sep-2026 19:17:00 America/Bogota] SQLite file exists: yes
[07-Sep-2026 19:17:00 America/Bogota] SQLite file writable: yes
[07-Sep-2026 19:17:00 America/Bogota] Conectando SQLite con DSN: sqlite:C:\xampp\htdocs\nombre_de_empresa\database\database.db
[07-Sep-2026 19:17:00 America/Bogota] SQLite requested path: C:\xampp\htdocs\nombre_de_empresa\database\database.db
[07-Sep-2026 19:17:00 America/Bogota] SQLite directory exists: yes
[07-Sep-2026 19:17:00 America/Bogota] SQLite directory writable: yes
[07-Sep-2026 19:17:00 America/Bogota] SQLite file exists: yes
[07-Sep-2026 19:17:00 America/Bogota] SQLite file writable: yes
[07-Sep-2026 19:17:00 America/Bogota] Conectando SQLite con DSN: sqlite:C:\xampp\htdocs\nombre_de_empresa\database\database.db
[07-Sep-2026 19:17:08 America/Bogota] SQLite requested path: C:\xampp\htdocs\nombre_de_empresa\database\database.db
[07-Sep-2026 19:17:08 America/Bogota] SQLite directory exists: yes
[07-Sep-2026 19:17:08 America/Bogota] SQLite directory writable: yes
[07-Sep-2026 19:17:08 America/Bogota] SQLite file exists: yes
[07-Sep-2026 19:17:08 America/Bogota] SQLite file writable: yes
[07-Sep-2026 19:17:08 America/Bogota] Conectando SQLite con DSN: sqlite:C:\xampp\htdocs\nombre_de_empresa\database\database.db
[07-Sep-2026 19:17:08 America/Bogota] SQLite requested path: C:\xampp\htdocs\nombre_de_empresa\database\database.db
[07-Sep-2026 19:17:08 America/Bogota] SQLite directory exists: yes
[07-Sep-2026 19:17:08 America/Bogota] SQLite directory writable: yes
[07-Sep-2026 19:17:08 America/Bogota] SQLite file exists: yes
[07-Sep-2026 19:17:08 America/Bogota] SQLite file writable: yes
[07-Sep-2026 19:17:08 America/Bogota] Conectando SQLite con DSN: sqlite:C:\xampp\htdocs\nombre_de_empresa\database\database.db
[07-Sep-2026 19:17:58 America/Bogota] SQLite requested path: C:\xampp\htdocs\nombre_de_empresa\database\database.db
[07-Sep-2026 19:17:58 America/Bogota] SQLite directory exists: yes
[07-Sep-2026 19:17:58 America/Bogota] SQLite directory writable: yes
[07-Sep-2026 19:17:58 America/Bogota] SQLite file exists: yes
[07-Sep-2026 19:17:58 America/Bogota] SQLite file writable: yes
[07-Sep-2026 19:17:58 America/Bogota] Conectando SQLite con DSN: sqlite:C:\xampp\htdocs\nombre_de_empresa\database\database.db
[07-Sep-2026 19:17:58 America/Bogota] SQLite requested path: C:\xampp\htdocs\nombre_de_empresa\database\database.db
[07-Sep-2026 19:17:58 America/Bogota] SQLite directory exists: yes
[07-Sep-2026 19:17:58 America/Bogota] SQLite directory writable: yes
[07-Sep-2026 19:17:58 America/Bogota] SQLite file exists: yes
[07-Sep-2026 19:17:58 America/Bogota] SQLite file writable: yes
[07-Sep-2026 19:17:58 America/Bogota] Conectando SQLite con DSN: sqlite:C:\xampp\htdocs\nombre_de_empresa\database\database.db
[07-Sep-2026 19:17:58 America/Bogota] SQLite requested path: C:\xampp\htdocs\nombre_de_empresa\database\database.db
[07-Sep-2026 19:17:58 America/Bogota] SQLite directory exists: yes
[07-Sep-2026 19:17:58 America/Bogota] SQLite directory writable: yes
[07-Sep-2026 19:17:58 America/Bogota] SQLite file exists: yes
[07-Sep-2026 19:17:58 America/Bogota] SQLite file writable: yes
[07-Sep-2026 19:17:58 America/Bogota] Conectando SQLite con DSN: sqlite:C:\xampp\htdocs\nombre_de_empresa\database\database.db
[07-Sep-2026 19:17:58 America/Bogota] SQLite requested path: C:\xampp\htdocs\nombre_de_empresa\database\database.db
[07-Sep-2026 19:17:58 America/Bogota] SQLite directory exists: yes
[07-Sep-2026 19:17:58 America/Bogota] SQLite directory writable: yes
[07-Sep-2026 19:17:58 America/Bogota] SQLite file exists: yes
[07-Sep-2026 19:17:58 America/Bogota] SQLite file writable: yes
[07-Sep-2026 19:17:58 America/Bogota] Conectando SQLite con DSN: sqlite:C:\xampp\htdocs\nombre_de_empresa\database\database.db
[07-Sep-2026 19:18:03 America/Bogota] SQLite requested path: C:\xampp\htdocs\nombre_de_empresa\database\database.db
[07-Sep-2026 19:18:03 America/Bogota] SQLite directory exists: yes
[07-Sep-2026 19:18:03 America/Bogota] SQLite directory writable: yes
[07-Sep-2026 19:18:03 America/Bogota] SQLite file exists: yes
[07-Sep-2026 19:18:03 America/Bogota] SQLite file writable: yes
[07-Sep-2026 19:18:03 America/Bogota] Conectando SQLite con DSN: sqlite:C:\xampp\htdocs\nombre_de_empresa\database\database.db
[07-Sep-2026 19:18:13 America/Bogota] SQLite requested path: C:\xampp\htdocs\nombre_de_empresa\database\database.db
[07-Sep-2026 19:18:13 America/Bogota] SQLite directory exists: yes
[07-Sep-2026 19:18:13 America/Bogota] SQLite directory writable: yes
[07-Sep-2026 19:18:13 America/Bogota] SQLite file exists: yes
[07-Sep-2026 19:18:13 America/Bogota] SQLite file writable: yes
[07-Sep-2026 19:18:13 America/Bogota] Conectando SQLite con DSN: sqlite:C:\xampp\htdocs\nombre_de_empresa\database\database.db
[07-Sep-2026 19:18:13 America/Bogota] SQLite requested path: C:\xampp\htdocs\nombre_de_empresa\database\database.db
[07-Sep-2026 19:18:13 America/Bogota] SQLite directory exists: yes
[07-Sep-2026 19:18:13 America/Bogota] SQLite directory writable: yes
[07-Sep-2026 19:18:13 America/Bogota] SQLite file exists: yes
[07-Sep-2026 19:18:13 America/Bogota] SQLite file writable: yes
[07-Sep-2026 19:18:13 America/Bogota] Conectando SQLite con DSN: sqlite:C:\xampp\htdocs\nombre_de_empresa\database\database.db
[07-Sep-2026 19:18:13 America/Bogota] SQLite requested path: C:\xampp\htdocs\nombre_de_empresa\database\database.db
[07-Sep-2026 19:18:13 America/Bogota] SQLite directory exists: yes
[07-Sep-2026 19:18:13 America/Bogota] SQLite directory writable: yes
[07-Sep-2026 19:18:13 America/Bogota] SQLite file exists: yes
[07-Sep-2026 19:18:13 America/Bogota] SQLite file writable: yes
[07-Sep-2026 19:18:13 America/Bogota] Conectando SQLite con DSN: sqlite:C:\xampp\htdocs\nombre_de_empresa\database\database.db
[07-Sep-2026 19:18:13 America/Bogota] SQLite requested path: C:\xampp\htdocs\nombre_de_empresa\database\database.db
[07-Sep-2026 19:18:13 America/Bogota] SQLite directory exists: yes
[07-Sep-2026 19:18:13 America/Bogota] SQLite directory writable: yes
[07-Sep-2026 19:18:13 America/Bogota] SQLite file exists: yes
[07-Sep-2026 19:18:13 America/Bogota] SQLite file writable: yes
[07-Sep-2026 19:18:13 America/Bogota] Conectando SQLite con DSN: sqlite:C:\xampp\htdocs\nombre_de_empresa\database\database.db
[07-Sep-2026 19:18:24 America/Bogota] SQLite requested path: C:\xampp\htdocs\nombre_de_empresa\database\database.db
[07-Sep-2026 19:18:24 America/Bogota] SQLite directory exists: yes
[07-Sep-2026 19:18:24 America/Bogota] SQLite directory writable: yes
[07-Sep-2026 19:18:24 America/Bogota] SQLite file exists: yes
[07-Sep-2026 19:18:24 America/Bogota] SQLite file writable: yes
[07-Sep-2026 19:18:24 America/Bogota] Conectando SQLite con DSN: sqlite:C:\xampp\htdocs\nombre_de_empresa\database\database.db
[07-Sep-2026 19:18:24 America/Bogota] SQLite requested path: C:\xampp\htdocs\nombre_de_empresa\database\database.db
[07-Sep-2026 19:18:24 America/Bogota] SQLite directory exists: yes
[07-Sep-2026 19:18:24 America/Bogota] SQLite directory writable: yes
[07-Sep-2026 19:18:24 America/Bogota] SQLite file exists: yes
[07-Sep-2026 19:18:24 America/Bogota] SQLite file writable: yes
[07-Sep-2026 19:18:24 America/Bogota] Conectando SQLite con DSN: sqlite:C:\xampp\htdocs\nombre_de_empresa\database\database.db
[07-Sep-2026 19:18:27 America/Bogota] SQLite requested path: C:\xampp\htdocs\nombre_de_empresa\database\database.db
[07-Sep-2026 19:18:27 America/Bogota] SQLite directory exists: yes
[07-Sep-2026 19:18:27 America/Bogota] SQLite directory writable: yes
[07-Sep-2026 19:18:27 America/Bogota] SQLite file exists: yes
[07-Sep-2026 19:18:27 America/Bogota] SQLite file writable: yes
[07-Sep-2026 19:18:27 America/Bogota] Conectando SQLite con DSN: sqlite:C:\xampp\htdocs\nombre_de_empresa\database\database.db
[07-Sep-2026 19:18:27 America/Bogota] SQLite requested path: C:\xampp\htdocs\nombre_de_empresa\database\database.db
[07-Sep-2026 19:18:27 America/Bogota] SQLite directory exists: yes
[07-Sep-2026 19:18:27 America/Bogota] SQLite directory writable: yes
[07-Sep-2026 19:18:27 America/Bogota] SQLite file exists: yes
[07-Sep-2026 19:18:27 America/Bogota] SQLite file writable: yes
[07-Sep-2026 19:18:27 America/Bogota] Conectando SQLite con DSN: sqlite:C:\xampp\htdocs\nombre_de_empresa\database\database.db
[07-Sep-2026 19:18:39 America/Bogota] SQLite requested path: C:\xampp\htdocs\nombre_de_empresa\database\database.db
[07-Sep-2026 19:18:39 America/Bogota] SQLite directory exists: yes
[07-Sep-2026 19:18:39 America/Bogota] SQLite directory writable: yes
[07-Sep-2026 19:18:39 America/Bogota] SQLite file exists: yes
[07-Sep-2026 19:18:39 America/Bogota] SQLite file writable: yes
[07-Sep-2026 19:18:39 America/Bogota] Conectando SQLite con DSN: sqlite:C:\xampp\htdocs\nombre_de_empresa\database\database.db
[07-Sep-2026 19:19:21 America/Bogota] SQLite requested path: C:\xampp\htdocs\nombre_de_empresa\database\database.db
[07-Sep-2026 19:19:21 America/Bogota] SQLite directory exists: yes
[07-Sep-2026 19:19:21 America/Bogota] SQLite directory writable: yes
[07-Sep-2026 19:19:21 America/Bogota] SQLite file exists: yes
[07-Sep-2026 19:19:21 America/Bogota] SQLite file writable: yes
[07-Sep-2026 19:19:21 America/Bogota] Conectando SQLite con DSN: sqlite:C:\xampp\htdocs\nombre_de_empresa\database\database.db
[07-Sep-2026 19:19:28 America/Bogota] SQLite requested path: C:\xampp\htdocs\nombre_de_empresa\database\database.db
[07-Sep-2026 19:19:28 America/Bogota] SQLite directory exists: yes
[07-Sep-2026 19:19:28 America/Bogota] SQLite directory writable: yes
[07-Sep-2026 19:19:28 America/Bogota] SQLite file exists: yes
[07-Sep-2026 19:19:28 America/Bogota] SQLite file writable: yes
[07-Sep-2026 19:19:28 America/Bogota] Conectando SQLite con DSN: sqlite:C:\xampp\htdocs\nombre_de_empresa\database\database.db
[07-Sep-2026 19:19:34 America/Bogota] SQLite requested path: C:\xampp\htdocs\nombre_de_empresa\database\database.db
[07-Sep-2026 19:19:34 America/Bogota] SQLite directory exists: yes
[07-Sep-2026 19:19:34 America/Bogota] SQLite directory writable: yes
[07-Sep-2026 19:19:34 America/Bogota] SQLite file exists: yes
[07-Sep-2026 19:19:34 America/Bogota] SQLite file writable: yes
[07-Sep-2026 19:19:34 America/Bogota] Conectando SQLite con DSN: sqlite:C:\xampp\htdocs\nombre_de_empresa\database\database.db
[07-Sep-2026 19:19:34 America/Bogota] SQLite requested path: C:\xampp\htdocs\nombre_de_empresa\database\database.db
[07-Sep-2026 19:19:34 America/Bogota] SQLite directory exists: yes
[07-Sep-2026 19:19:34 America/Bogota] SQLite directory writable: yes
[07-Sep-2026 19:19:34 America/Bogota] SQLite file exists: yes
[07-Sep-2026 19:19:34 America/Bogota] SQLite file writable: yes
[07-Sep-2026 19:19:34 America/Bogota] Conectando SQLite con DSN: sqlite:C:\xampp\htdocs\nombre_de_empresa\database\database.db
[07-Sep-2026 19:19:34 America/Bogota] SQLite requested path: C:\xampp\htdocs\nombre_de_empresa\database\database.db
[07-Sep-2026 19:19:34 America/Bogota] SQLite directory exists: yes
[07-Sep-2026 19:19:34 America/Bogota] SQLite directory writable: yes
[07-Sep-2026 19:19:34 America/Bogota] SQLite file exists: yes
[07-Sep-2026 19:19:34 America/Bogota] SQLite file writable: yes
[07-Sep-2026 19:19:34 America/Bogota] Conectando SQLite con DSN: sqlite:C:\xampp\htdocs\nombre_de_empresa\database\database.db
[07-Sep-2026 19:19:34 America/Bogota] SQLite requested path: C:\xampp\htdocs\nombre_de_empresa\database\database.db
[07-Sep-2026 19:19:34 America/Bogota] SQLite directory exists: yes
[07-Sep-2026 19:19:34 America/Bogota] SQLite directory writable: yes
[07-Sep-2026 19:19:34 America/Bogota] SQLite file exists: yes
[07-Sep-2026 19:19:34 America/Bogota] SQLite file writable: yes
[07-Sep-2026 19:19:34 America/Bogota] Conectando SQLite con DSN: sqlite:C:\xampp\htdocs\nombre_de_empresa\database\database.db
[07-Sep-2026 19:19:36 America/Bogota] SQLite requested path: C:\xampp\htdocs\nombre_de_empresa\database\database.db
[07-Sep-2026 19:19:36 America/Bogota] SQLite directory exists: yes
[07-Sep-2026 19:19:36 America/Bogota] SQLite directory writable: yes
[07-Sep-2026 19:19:36 America/Bogota] SQLite file exists: yes
[07-Sep-2026 19:19:36 America/Bogota] SQLite file writable: yes
[07-Sep-2026 19:19:36 America/Bogota] Conectando SQLite con DSN: sqlite:C:\xampp\htdocs\nombre_de_empresa\database\database.db
[07-Sep-2026 19:19:36 America/Bogota] SQLite requested path: C:\xampp\htdocs\nombre_de_empresa\database\database.db
[07-Sep-2026 19:19:36 America/Bogota] SQLite directory exists: yes
[07-Sep-2026 19:19:36 America/Bogota] SQLite directory writable: yes
[07-Sep-2026 19:19:36 America/Bogota] SQLite file exists: yes
[07-Sep-2026 19:19:36 America/Bogota] SQLite file writable: yes
[07-Sep-2026 19:19:36 America/Bogota] Conectando SQLite con DSN: sqlite:C:\xampp\htdocs\nombre_de_empresa\database\database.db
[07-Sep-2026 19:19:38 America/Bogota] SQLite requested path: C:\xampp\htdocs\nombre_de_empresa\database\database.db
[07-Sep-2026 19:19:38 America/Bogota] SQLite directory exists: yes
[07-Sep-2026 19:19:38 America/Bogota] SQLite directory writable: yes
[07-Sep-2026 19:19:38 America/Bogota] SQLite file exists: yes
[07-Sep-2026 19:19:38 America/Bogota] SQLite file writable: yes
[07-Sep-2026 19:19:38 America/Bogota] Conectando SQLite con DSN: sqlite:C:\xampp\htdocs\nombre_de_empresa\database\database.db
[07-Sep-2026 19:19:38 America/Bogota] SQLite requested path: C:\xampp\htdocs\nombre_de_empresa\database\database.db
[07-Sep-2026 19:19:38 America/Bogota] SQLite directory exists: yes
[07-Sep-2026 19:19:38 America/Bogota] SQLite directory writable: yes
[07-Sep-2026 19:19:38 America/Bogota] SQLite file exists: yes
[07-Sep-2026 19:19:38 America/Bogota] SQLite file writable: yes
[07-Sep-2026 19:19:38 America/Bogota] Conectando SQLite con DSN: sqlite:C:\xampp\htdocs\nombre_de_empresa\database\database.db
[07-Sep-2026 19:19:38 America/Bogota] SQLite requested path: C:\xampp\htdocs\nombre_de_empresa\database\database.db
[07-Sep-2026 19:19:38 America/Bogota] SQLite directory exists: yes
[07-Sep-2026 19:19:38 America/Bogota] SQLite directory writable: yes
[07-Sep-2026 19:19:38 America/Bogota] SQLite file exists: yes
[07-Sep-2026 19:19:38 America/Bogota] SQLite file writable: yes
[07-Sep-2026 19:19:38 America/Bogota] Conectando SQLite con DSN: sqlite:C:\xampp\htdocs\nombre_de_empresa\database\database.db
[07-Sep-2026 19:19:38 America/Bogota] SQLite requested path: C:\xampp\htdocs\nombre_de_empresa\database\database.db
[07-Sep-2026 19:19:38 America/Bogota] SQLite directory exists: yes
[07-Sep-2026 19:19:38 America/Bogota] SQLite directory writable: yes
[07-Sep-2026 19:19:38 America/Bogota] SQLite file exists: yes
[07-Sep-2026 19:19:38 America/Bogota] SQLite file writable: yes
[07-Sep-2026 19:19:38 America/Bogota] Conectando SQLite con DSN: sqlite:C:\xampp\htdocs\nombre_de_empresa\database\database.db
[07-Sep-2026 19:19:57 America/Bogota] SQLite requested path: C:\xampp\htdocs\nombre_de_empresa\database\database.db
[07-Sep-2026 19:19:57 America/Bogota] SQLite directory exists: yes
[07-Sep-2026 19:19:57 America/Bogota] SQLite directory writable: yes
[07-Sep-2026 19:19:57 America/Bogota] SQLite file exists: yes
[07-Sep-2026 19:19:57 America/Bogota] SQLite file writable: yes
[07-Sep-2026 19:19:57 America/Bogota] Conectando SQLite con DSN: sqlite:C:\xampp\htdocs\nombre_de_empresa\database\database.db
[07-Sep-2026 19:19:57 America/Bogota] SQLite requested path: C:\xampp\htdocs\nombre_de_empresa\database\database.db
[07-Sep-2026 19:19:57 America/Bogota] SQLite directory exists: yes
[07-Sep-2026 19:19:57 America/Bogota] SQLite directory writable: yes
[07-Sep-2026 19:19:57 America/Bogota] SQLite file exists: yes
[07-Sep-2026 19:19:57 America/Bogota] SQLite file writable: yes
[07-Sep-2026 19:19:57 America/Bogota] Conectando SQLite con DSN: sqlite:C:\xampp\htdocs\nombre_de_empresa\database\database.db
[07-Sep-2026 19:19:57 America/Bogota] SQLite requested path: C:\xampp\htdocs\nombre_de_empresa\database\database.db
[07-Sep-2026 19:19:57 America/Bogota] SQLite directory exists: yes
[07-Sep-2026 19:19:57 America/Bogota] SQLite directory writable: yes
[07-Sep-2026 19:19:57 America/Bogota] SQLite file exists: yes
[07-Sep-2026 19:19:57 America/Bogota] SQLite file writable: yes
[07-Sep-2026 19:19:57 America/Bogota] Conectando SQLite con DSN: sqlite:C:\xampp\htdocs\nombre_de_empresa\database\database.db
[07-Sep-2026 19:19:57 America/Bogota] SQLite requested path: C:\xampp\htdocs\nombre_de_empresa\database\database.db
[07-Sep-2026 19:19:57 America/Bogota] SQLite directory exists: yes
[07-Sep-2026 19:19:57 America/Bogota] SQLite directory writable: yes
[07-Sep-2026 19:19:57 America/Bogota] SQLite file exists: yes
[07-Sep-2026 19:19:57 America/Bogota] SQLite file writable: yes
[07-Sep-2026 19:19:57 America/Bogota] Conectando SQLite con DSN: sqlite:C:\xampp\htdocs\nombre_de_empresa\database\database.db
[07-Sep-2026 19:20:17 America/Bogota] SQLite requested path: C:\xampp\htdocs\nombre_de_empresa\database\database.db
[07-Sep-2026 19:20:17 America/Bogota] SQLite directory exists: yes
[07-Sep-2026 19:20:17 America/Bogota] SQLite directory writable: yes
[07-Sep-2026 19:20:17 America/Bogota] SQLite file exists: yes
[07-Sep-2026 19:20:17 America/Bogota] SQLite file writable: yes
[07-Sep-2026 19:20:17 America/Bogota] Conectando SQLite con DSN: sqlite:C:\xampp\htdocs\nombre_de_empresa\database\database.db
[07-Sep-2026 19:20:17 America/Bogota] SQLite requested path: C:\xampp\htdocs\nombre_de_empresa\database\database.db
[07-Sep-2026 19:20:17 America/Bogota] SQLite directory exists: yes
[07-Sep-2026 19:20:17 America/Bogota] SQLite directory writable: yes
[07-Sep-2026 19:20:17 America/Bogota] SQLite file exists: yes
[07-Sep-2026 19:20:17 America/Bogota] SQLite file writable: yes
[07-Sep-2026 19:20:17 America/Bogota] Conectando SQLite con DSN: sqlite:C:\xampp\htdocs\nombre_de_empresa\database\database.db
[07-Sep-2026 19:20:17 America/Bogota] SQLite requested path: C:\xampp\htdocs\nombre_de_empresa\database\database.db
[07-Sep-2026 19:20:17 America/Bogota] SQLite directory exists: yes
[07-Sep-2026 19:20:17 America/Bogota] SQLite directory writable: yes
[07-Sep-2026 19:20:17 America/Bogota] SQLite file exists: yes
[07-Sep-2026 19:20:17 America/Bogota] SQLite file writable: yes
[07-Sep-2026 19:20:17 America/Bogota] Conectando SQLite con DSN: sqlite:C:\xampp\htdocs\nombre_de_empresa\database\database.db
[07-Sep-2026 19:20:17 America/Bogota] SQLite requested path: C:\xampp\htdocs\nombre_de_empresa\database\database.db
[07-Sep-2026 19:20:17 America/Bogota] SQLite directory exists: yes
[07-Sep-2026 19:20:17 America/Bogota] SQLite directory writable: yes
[07-Sep-2026 19:20:17 America/Bogota] SQLite file exists: yes
[07-Sep-2026 19:20:17 America/Bogota] SQLite file writable: yes
[07-Sep-2026 19:20:17 America/Bogota] Conectando SQLite con DSN: sqlite:C:\xampp\htdocs\nombre_de_empresa\database\database.db
[07-Sep-2026 19:20:31 America/Bogota] SQLite requested path: C:\xampp\htdocs\nombre_de_empresa\database\database.db
[07-Sep-2026 19:20:31 America/Bogota] SQLite directory exists: yes
[07-Sep-2026 19:20:31 America/Bogota] SQLite directory writable: yes
[07-Sep-2026 19:20:31 America/Bogota] SQLite file exists: yes
[07-Sep-2026 19:20:31 America/Bogota] SQLite file writable: yes
[07-Sep-2026 19:20:31 America/Bogota] Conectando SQLite con DSN: sqlite:C:\xampp\htdocs\nombre_de_empresa\database\database.db
[07-Sep-2026 19:20:31 America/Bogota] SQLite requested path: C:\xampp\htdocs\nombre_de_empresa\database\database.db
[07-Sep-2026 19:20:31 America/Bogota] SQLite directory exists: yes
[07-Sep-2026 19:20:31 America/Bogota] SQLite directory writable: yes
[07-Sep-2026 19:20:31 America/Bogota] SQLite file exists: yes
[07-Sep-2026 19:20:31 America/Bogota] SQLite file writable: yes
[07-Sep-2026 19:20:31 America/Bogota] Conectando SQLite con DSN: sqlite:C:\xampp\htdocs\nombre_de_empresa\database\database.db
[07-Sep-2026 19:20:31 America/Bogota] SQLite requested path: C:\xampp\htdocs\nombre_de_empresa\database\database.db
[07-Sep-2026 19:20:31 America/Bogota] SQLite directory exists: yes
[07-Sep-2026 19:20:31 America/Bogota] SQLite directory writable: yes
[07-Sep-2026 19:20:31 America/Bogota] SQLite file exists: yes
[07-Sep-2026 19:20:31 America/Bogota] SQLite file writable: yes
[07-Sep-2026 19:20:31 America/Bogota] Conectando SQLite con DSN: sqlite:C:\xampp\htdocs\nombre_de_empresa\database\database.db
[07-Sep-2026 19:20:31 America/Bogota] SQLite requested path: C:\xampp\htdocs\nombre_de_empresa\database\database.db
[07-Sep-2026 19:20:31 America/Bogota] SQLite directory exists: yes
[07-Sep-2026 19:20:31 America/Bogota] SQLite directory writable: yes
[07-Sep-2026 19:20:31 America/Bogota] SQLite file exists: yes
[07-Sep-2026 19:20:31 America/Bogota] SQLite file writable: yes
[07-Sep-2026 19:20:31 America/Bogota] Conectando SQLite con DSN: sqlite:C:\xampp\htdocs\nombre_de_empresa\database\database.db
[07-Sep-2026 19:21:04 America/Bogota] SQLite requested path: C:\xampp\htdocs\nombre_de_empresa\database\database.db
[07-Sep-2026 19:21:04 America/Bogota] SQLite directory exists: yes
[07-Sep-2026 19:21:04 America/Bogota] SQLite directory writable: yes
[07-Sep-2026 19:21:04 America/Bogota] SQLite file exists: yes
[07-Sep-2026 19:21:04 America/Bogota] SQLite file writable: yes
[07-Sep-2026 19:21:04 America/Bogota] Conectando SQLite con DSN: sqlite:C:\xampp\htdocs\nombre_de_empresa\database\database.db
[07-Sep-2026 19:21:04 America/Bogota] SQLite requested path: C:\xampp\htdocs\nombre_de_empresa\database\database.db
[07-Sep-2026 19:21:04 America/Bogota] SQLite directory exists: yes
[07-Sep-2026 19:21:04 America/Bogota] SQLite directory writable: yes
[07-Sep-2026 19:21:04 America/Bogota] SQLite file exists: yes
[07-Sep-2026 19:21:04 America/Bogota] SQLite file writable: yes
[07-Sep-2026 19:21:04 America/Bogota] Conectando SQLite con DSN: sqlite:C:\xampp\htdocs\nombre_de_empresa\database\database.db
[07-Sep-2026 19:21:04 America/Bogota] SQLite requested path: C:\xampp\htdocs\nombre_de_empresa\database\database.db
[07-Sep-2026 19:21:04 America/Bogota] SQLite directory exists: yes
[07-Sep-2026 19:21:04 America/Bogota] SQLite directory writable: yes
[07-Sep-2026 19:21:04 America/Bogota] SQLite file exists: yes
[07-Sep-2026 19:21:04 America/Bogota] SQLite file writable: yes
[07-Sep-2026 19:21:04 America/Bogota] Conectando SQLite con DSN: sqlite:C:\xampp\htdocs\nombre_de_empresa\database\database.db
[07-Sep-2026 19:21:04 America/Bogota] SQLite requested path: C:\xampp\htdocs\nombre_de_empresa\database\database.db
[07-Sep-2026 19:21:04 America/Bogota] SQLite directory exists: yes
[07-Sep-2026 19:21:04 America/Bogota] SQLite directory writable: yes
[07-Sep-2026 19:21:04 America/Bogota] SQLite file exists: yes
[07-Sep-2026 19:21:04 America/Bogota] SQLite file writable: yes
[07-Sep-2026 19:21:04 America/Bogota] Conectando SQLite con DSN: sqlite:C:\xampp\htdocs\nombre_de_empresa\database\database.db
[07-Sep-2026 19:21:07 America/Bogota] SQLite requested path: C:\xampp\htdocs\nombre_de_empresa\database\database.db
[07-Sep-2026 19:21:07 America/Bogota] SQLite directory exists: yes
[07-Sep-2026 19:21:07 America/Bogota] SQLite directory writable: yes
[07-Sep-2026 19:21:07 America/Bogota] SQLite file exists: yes
[07-Sep-2026 19:21:07 America/Bogota] SQLite file writable: yes
[07-Sep-2026 19:21:07 America/Bogota] Conectando SQLite con DSN: sqlite:C:\xampp\htdocs\nombre_de_empresa\database\database.db
[07-Sep-2026 19:21:07 America/Bogota] SQLite requested path: C:\xampp\htdocs\nombre_de_empresa\database\database.db
[07-Sep-2026 19:21:07 America/Bogota] SQLite directory exists: yes
[07-Sep-2026 19:21:07 America/Bogota] SQLite directory writable: yes
[07-Sep-2026 19:21:07 America/Bogota] SQLite file exists: yes
[07-Sep-2026 19:21:07 America/Bogota] SQLite file writable: yes
[07-Sep-2026 19:21:07 America/Bogota] Conectando SQLite con DSN: sqlite:C:\xampp\htdocs\nombre_de_empresa\database\database.db
[07-Sep-2026 19:21:07 America/Bogota] SQLite requested path: C:\xampp\htdocs\nombre_de_empresa\database\database.db
[07-Sep-2026 19:21:07 America/Bogota] SQLite directory exists: yes
[07-Sep-2026 19:21:07 America/Bogota] SQLite directory writable: yes
[07-Sep-2026 19:21:07 America/Bogota] SQLite file exists: yes
[07-Sep-2026 19:21:07 America/Bogota] SQLite file writable: yes
[07-Sep-2026 19:21:07 America/Bogota] Conectando SQLite con DSN: sqlite:C:\xampp\htdocs\nombre_de_empresa\database\database.db
[07-Sep-2026 19:21:07 America/Bogota] SQLite requested path: C:\xampp\htdocs\nombre_de_empresa\database\database.db
[07-Sep-2026 19:21:07 America/Bogota] SQLite directory exists: yes
[07-Sep-2026 19:21:07 America/Bogota] SQLite directory writable: yes
[07-Sep-2026 19:21:07 America/Bogota] SQLite file exists: yes
[07-Sep-2026 19:21:07 America/Bogota] SQLite file writable: yes
[07-Sep-2026 19:21:07 America/Bogota] Conectando SQLite con DSN: sqlite:C:\xampp\htdocs\nombre_de_empresa\database\database.db
[07-Sep-2026 19:21:09 America/Bogota] SQLite requested path: C:\xampp\htdocs\nombre_de_empresa\database\database.db
[07-Sep-2026 19:21:09 America/Bogota] SQLite directory exists: yes
[07-Sep-2026 19:21:09 America/Bogota] SQLite directory writable: yes
[07-Sep-2026 19:21:09 America/Bogota] SQLite file exists: yes
[07-Sep-2026 19:21:09 America/Bogota] SQLite file writable: yes
[07-Sep-2026 19:21:09 America/Bogota] Conectando SQLite con DSN: sqlite:C:\xampp\htdocs\nombre_de_empresa\database\database.db
[07-Sep-2026 19:21:09 America/Bogota] SQLite requested path: C:\xampp\htdocs\nombre_de_empresa\database\database.db
[07-Sep-2026 19:21:09 America/Bogota] SQLite directory exists: yes
[07-Sep-2026 19:21:09 America/Bogota] SQLite directory writable: yes
[07-Sep-2026 19:21:09 America/Bogota] SQLite file exists: yes
[07-Sep-2026 19:21:09 America/Bogota] SQLite file writable: yes
[07-Sep-2026 19:21:09 America/Bogota] Conectando SQLite con DSN: sqlite:C:\xampp\htdocs\nombre_de_empresa\database\database.db
[07-Sep-2026 19:21:09 America/Bogota] SQLite requested path: C:\xampp\htdocs\nombre_de_empresa\database\database.db
[07-Sep-2026 19:21:09 America/Bogota] SQLite directory exists: yes
[07-Sep-2026 19:21:09 America/Bogota] SQLite directory writable: yes
[07-Sep-2026 19:21:09 America/Bogota] SQLite file exists: yes
[07-Sep-2026 19:21:09 America/Bogota] SQLite file writable: yes
[07-Sep-2026 19:21:09 America/Bogota] Conectando SQLite con DSN: sqlite:C:\xampp\htdocs\nombre_de_empresa\database\database.db
[07-Sep-2026 19:21:09 America/Bogota] SQLite requested path: C:\xampp\htdocs\nombre_de_empresa\database\database.db
[07-Sep-2026 19:21:09 America/Bogota] SQLite directory exists: yes
[07-Sep-2026 19:21:09 America/Bogota] SQLite directory writable: yes
[07-Sep-2026 19:21:09 America/Bogota] SQLite file exists: yes
[07-Sep-2026 19:21:09 America/Bogota] SQLite file writable: yes
[07-Sep-2026 19:21:09 America/Bogota] Conectando SQLite con DSN: sqlite:C:\xampp\htdocs\nombre_de_empresa\database\database.db
[07-Sep-2026 19:21:11 America/Bogota] SQLite requested path: C:\xampp\htdocs\nombre_de_empresa\database\database.db
[07-Sep-2026 19:21:11 America/Bogota] SQLite directory exists: yes
[07-Sep-2026 19:21:11 America/Bogota] SQLite directory writable: yes
[07-Sep-2026 19:21:11 America/Bogota] SQLite file exists: yes
[07-Sep-2026 19:21:11 America/Bogota] SQLite file writable: yes
[07-Sep-2026 19:21:11 America/Bogota] Conectando SQLite con DSN: sqlite:C:\xampp\htdocs\nombre_de_empresa\database\database.db
[07-Sep-2026 19:21:11 America/Bogota] SQLite requested path: C:\xampp\htdocs\nombre_de_empresa\database\database.db
[07-Sep-2026 19:21:11 America/Bogota] SQLite directory exists: yes
[07-Sep-2026 19:21:11 America/Bogota] SQLite directory writable: yes
[07-Sep-2026 19:21:11 America/Bogota] SQLite file exists: yes
[07-Sep-2026 19:21:11 America/Bogota] SQLite file writable: yes
[07-Sep-2026 19:21:11 America/Bogota] Conectando SQLite con DSN: sqlite:C:\xampp\htdocs\nombre_de_empresa\database\database.db
[07-Sep-2026 19:21:17 America/Bogota] SQLite requested path: C:\xampp\htdocs\nombre_de_empresa\database\database.db
[07-Sep-2026 19:21:17 America/Bogota] SQLite directory exists: yes
[07-Sep-2026 19:21:17 America/Bogota] SQLite directory writable: yes
[07-Sep-2026 19:21:17 America/Bogota] SQLite file exists: yes
[07-Sep-2026 19:21:17 America/Bogota] SQLite file writable: yes
[07-Sep-2026 19:21:17 America/Bogota] Conectando SQLite con DSN: sqlite:C:\xampp\htdocs\nombre_de_empresa\database\database.db
[07-Sep-2026 19:21:17 America/Bogota] SQLite requested path: C:\xampp\htdocs\nombre_de_empresa\database\database.db
[07-Sep-2026 19:21:17 America/Bogota] SQLite directory exists: yes
[07-Sep-2026 19:21:17 America/Bogota] SQLite directory writable: yes
[07-Sep-2026 19:21:17 America/Bogota] SQLite file exists: yes
[07-Sep-2026 19:21:17 America/Bogota] SQLite file writable: yes
[07-Sep-2026 19:21:17 America/Bogota] Conectando SQLite con DSN: sqlite:C:\xampp\htdocs\nombre_de_empresa\database\database.db
[07-Sep-2026 19:21:17 America/Bogota] SQLite requested path: C:\xampp\htdocs\nombre_de_empresa\database\database.db
[07-Sep-2026 19:21:17 America/Bogota] SQLite directory exists: yes
[07-Sep-2026 19:21:17 America/Bogota] SQLite directory writable: yes
[07-Sep-2026 19:21:17 America/Bogota] SQLite file exists: yes
[07-Sep-2026 19:21:17 America/Bogota] SQLite file writable: yes
[07-Sep-2026 19:21:17 America/Bogota] Conectando SQLite con DSN: sqlite:C:\xampp\htdocs\nombre_de_empresa\database\database.db
[07-Sep-2026 19:21:17 America/Bogota] SQLite requested path: C:\xampp\htdocs\nombre_de_empresa\database\database.db
[07-Sep-2026 19:21:17 America/Bogota] SQLite directory exists: yes
[07-Sep-2026 19:21:17 America/Bogota] SQLite directory writable: yes
[07-Sep-2026 19:21:17 America/Bogota] SQLite file exists: yes
[07-Sep-2026 19:21:17 America/Bogota] SQLite file writable: yes
[07-Sep-2026 19:21:17 America/Bogota] Conectando SQLite con DSN: sqlite:C:\xampp\htdocs\nombre_de_empresa\database\database.db
[07-Sep-2026 19:21:43 America/Bogota] SQLite requested path: C:\xampp\htdocs\nombre_de_empresa\database\database.db
[07-Sep-2026 19:21:43 America/Bogota] SQLite directory exists: yes
[07-Sep-2026 19:21:43 America/Bogota] SQLite directory writable: yes
[07-Sep-2026 19:21:43 America/Bogota] SQLite file exists: yes
[07-Sep-2026 19:21:43 America/Bogota] SQLite file writable: yes
[07-Sep-2026 19:21:43 America/Bogota] Conectando SQLite con DSN: sqlite:C:\xampp\htdocs\nombre_de_empresa\database\database.db
[07-Sep-2026 19:21:43 America/Bogota] SQLite requested path: C:\xampp\htdocs\nombre_de_empresa\database\database.db
[07-Sep-2026 19:21:43 America/Bogota] SQLite directory exists: yes
[07-Sep-2026 19:21:43 America/Bogota] SQLite directory writable: yes
[07-Sep-2026 19:21:43 America/Bogota] SQLite file exists: yes
[07-Sep-2026 19:21:43 America/Bogota] SQLite file writable: yes
[07-Sep-2026 19:21:43 America/Bogota] Conectando SQLite con DSN: sqlite:C:\xampp\htdocs\nombre_de_empresa\database\database.db
[07-Sep-2026 19:21:43 America/Bogota] SQLite requested path: C:\xampp\htdocs\nombre_de_empresa\database\database.db
[07-Sep-2026 19:21:43 America/Bogota] SQLite directory exists: yes
[07-Sep-2026 19:21:43 America/Bogota] SQLite directory writable: yes
[07-Sep-2026 19:21:43 America/Bogota] SQLite file exists: yes
[07-Sep-2026 19:21:43 America/Bogota] SQLite file writable: yes
[07-Sep-2026 19:21:43 America/Bogota] Conectando SQLite con DSN: sqlite:C:\xampp\htdocs\nombre_de_empresa\database\database.db
[07-Sep-2026 19:21:43 America/Bogota] SQLite requested path: C:\xampp\htdocs\nombre_de_empresa\database\database.db
[07-Sep-2026 19:21:43 America/Bogota] SQLite directory exists: yes
[07-Sep-2026 19:21:43 America/Bogota] SQLite directory writable: yes
[07-Sep-2026 19:21:43 America/Bogota] SQLite file exists: yes
[07-Sep-2026 19:21:43 America/Bogota] SQLite file writable: yes
[07-Sep-2026 19:21:43 America/Bogota] Conectando SQLite con DSN: sqlite:C:\xampp\htdocs\nombre_de_empresa\database\database.db
[07-Sep-2026 19:22:26 America/Bogota] SQLite requested path: C:\xampp\htdocs\nombre_de_empresa\database\database.db
[07-Sep-2026 19:22:26 America/Bogota] SQLite directory exists: yes
[07-Sep-2026 19:22:26 America/Bogota] SQLite directory writable: yes
[07-Sep-2026 19:22:26 America/Bogota] SQLite file exists: yes
[07-Sep-2026 19:22:26 America/Bogota] SQLite file writable: yes
[07-Sep-2026 19:22:26 America/Bogota] Conectando SQLite con DSN: sqlite:C:\xampp\htdocs\nombre_de_empresa\database\database.db
[07-Sep-2026 19:22:26 America/Bogota] SQLite requested path: C:\xampp\htdocs\nombre_de_empresa\database\database.db
[07-Sep-2026 19:22:26 America/Bogota] SQLite directory exists: yes
[07-Sep-2026 19:22:26 America/Bogota] SQLite directory writable: yes
[07-Sep-2026 19:22:26 America/Bogota] SQLite file exists: yes
[07-Sep-2026 19:22:26 America/Bogota] SQLite file writable: yes
[07-Sep-2026 19:22:26 America/Bogota] Conectando SQLite con DSN: sqlite:C:\xampp\htdocs\nombre_de_empresa\database\database.db
[07-Sep-2026 19:22:26 America/Bogota] SQLite requested path: C:\xampp\htdocs\nombre_de_empresa\database\database.db
[07-Sep-2026 19:22:26 America/Bogota] SQLite directory exists: yes
[07-Sep-2026 19:22:26 America/Bogota] SQLite directory writable: yes
[07-Sep-2026 19:22:26 America/Bogota] SQLite file exists: yes
[07-Sep-2026 19:22:26 America/Bogota] SQLite file writable: yes
[07-Sep-2026 19:22:26 America/Bogota] Conectando SQLite con DSN: sqlite:C:\xampp\htdocs\nombre_de_empresa\database\database.db
[07-Sep-2026 19:22:26 America/Bogota] SQLite requested path: C:\xampp\htdocs\nombre_de_empresa\database\database.db
[07-Sep-2026 19:22:26 America/Bogota] SQLite directory exists: yes
[07-Sep-2026 19:22:26 America/Bogota] SQLite directory writable: yes
[07-Sep-2026 19:22:26 America/Bogota] SQLite file exists: yes
[07-Sep-2026 19:22:26 America/Bogota] SQLite file writable: yes
[07-Sep-2026 19:22:26 America/Bogota] Conectando SQLite con DSN: sqlite:C:\xampp\htdocs\nombre_de_empresa\database\database.db
[07-Sep-2026 19:23:55 America/Bogota] SQLite requested path: C:\xampp\htdocs\nombre_de_empresa\database\database.db
[07-Sep-2026 19:23:55 America/Bogota] SQLite directory exists: yes
[07-Sep-2026 19:23:55 America/Bogota] SQLite directory writable: yes
[07-Sep-2026 19:23:55 America/Bogota] SQLite file exists: yes
[07-Sep-2026 19:23:55 America/Bogota] SQLite file writable: yes
[07-Sep-2026 19:23:55 America/Bogota] Conectando SQLite con DSN: sqlite:C:\xampp\htdocs\nombre_de_empresa\database\database.db
[07-Sep-2026 19:23:55 America/Bogota] SQLite requested path: C:\xampp\htdocs\nombre_de_empresa\database\database.db
[07-Sep-2026 19:23:55 America/Bogota] SQLite directory exists: yes
[07-Sep-2026 19:23:55 America/Bogota] SQLite directory writable: yes
[07-Sep-2026 19:23:55 America/Bogota] SQLite file exists: yes
[07-Sep-2026 19:23:55 America/Bogota] SQLite file writable: yes
[07-Sep-2026 19:23:55 America/Bogota] Conectando SQLite con DSN: sqlite:C:\xampp\htdocs\nombre_de_empresa\database\database.db
[07-Sep-2026 19:23:55 America/Bogota] SQLite requested path: C:\xampp\htdocs\nombre_de_empresa\database\database.db
[07-Sep-2026 19:23:55 America/Bogota] SQLite directory exists: yes
[07-Sep-2026 19:23:55 America/Bogota] SQLite directory writable: yes
[07-Sep-2026 19:23:55 America/Bogota] SQLite file exists: yes
[07-Sep-2026 19:23:55 America/Bogota] SQLite file writable: yes
[07-Sep-2026 19:23:55 America/Bogota] Conectando SQLite con DSN: sqlite:C:\xampp\htdocs\nombre_de_empresa\database\database.db
[07-Sep-2026 19:23:55 America/Bogota] SQLite requested path: C:\xampp\htdocs\nombre_de_empresa\database\database.db
[07-Sep-2026 19:23:55 America/Bogota] SQLite directory exists: yes
[07-Sep-2026 19:23:55 America/Bogota] SQLite directory writable: yes
[07-Sep-2026 19:23:55 America/Bogota] SQLite file exists: yes
[07-Sep-2026 19:23:55 America/Bogota] SQLite file writable: yes
[07-Sep-2026 19:23:55 America/Bogota] Conectando SQLite con DSN: sqlite:C:\xampp\htdocs\nombre_de_empresa\database\database.db
[07-Sep-2026 19:25:08 America/Bogota] SQLite requested path: C:\xampp\htdocs\nombre_de_empresa\database\database.db
[07-Sep-2026 19:25:08 America/Bogota] SQLite directory exists: yes
[07-Sep-2026 19:25:08 America/Bogota] SQLite directory writable: yes
[07-Sep-2026 19:25:08 America/Bogota] SQLite file exists: yes
[07-Sep-2026 19:25:08 America/Bogota] SQLite file writable: yes
[07-Sep-2026 19:25:08 America/Bogota] Conectando SQLite con DSN: sqlite:C:\xampp\htdocs\nombre_de_empresa\database\database.db
[07-Sep-2026 19:25:08 America/Bogota] SQLite requested path: C:\xampp\htdocs\nombre_de_empresa\database\database.db
[07-Sep-2026 19:25:08 America/Bogota] SQLite directory exists: yes
[07-Sep-2026 19:25:08 America/Bogota] SQLite directory writable: yes
[07-Sep-2026 19:25:08 America/Bogota] SQLite file exists: yes
[07-Sep-2026 19:25:08 America/Bogota] SQLite file writable: yes
[07-Sep-2026 19:25:08 America/Bogota] Conectando SQLite con DSN: sqlite:C:\xampp\htdocs\nombre_de_empresa\database\database.db
[07-Sep-2026 19:25:08 America/Bogota] SQLite requested path: C:\xampp\htdocs\nombre_de_empresa\database\database.db
[07-Sep-2026 19:25:08 America/Bogota] SQLite directory exists: yes
[07-Sep-2026 19:25:08 America/Bogota] SQLite directory writable: yes
[07-Sep-2026 19:25:08 America/Bogota] SQLite file exists: yes
[07-Sep-2026 19:25:08 America/Bogota] SQLite file writable: yes
[07-Sep-2026 19:25:08 America/Bogota] Conectando SQLite con DSN: sqlite:C:\xampp\htdocs\nombre_de_empresa\database\database.db
[07-Sep-2026 19:25:08 America/Bogota] SQLite requested path: C:\xampp\htdocs\nombre_de_empresa\database\database.db
[07-Sep-2026 19:25:08 America/Bogota] SQLite directory exists: yes
[07-Sep-2026 19:25:08 America/Bogota] SQLite directory writable: yes
[07-Sep-2026 19:25:08 America/Bogota] SQLite file exists: yes
[07-Sep-2026 19:25:08 America/Bogota] SQLite file writable: yes
[07-Sep-2026 19:25:08 America/Bogota] Conectando SQLite con DSN: sqlite:C:\xampp\htdocs\nombre_de_empresa\database\database.db
[07-Sep-2026 19:25:34 America/Bogota] SQLite requested path: C:\xampp\htdocs\nombre_de_empresa\database\database.db
[07-Sep-2026 19:25:34 America/Bogota] SQLite directory exists: yes
[07-Sep-2026 19:25:34 America/Bogota] SQLite directory writable: yes
[07-Sep-2026 19:25:34 America/Bogota] SQLite file exists: yes
[07-Sep-2026 19:25:34 America/Bogota] SQLite file writable: yes
[07-Sep-2026 19:25:34 America/Bogota] Conectando SQLite con DSN: sqlite:C:\xampp\htdocs\nombre_de_empresa\database\database.db
[07-Sep-2026 19:25:34 America/Bogota] SQLite requested path: C:\xampp\htdocs\nombre_de_empresa\database\database.db
[07-Sep-2026 19:25:34 America/Bogota] SQLite directory exists: yes
[07-Sep-2026 19:25:34 America/Bogota] SQLite directory writable: yes
[07-Sep-2026 19:25:34 America/Bogota] SQLite file exists: yes
[07-Sep-2026 19:25:34 America/Bogota] SQLite file writable: yes
[07-Sep-2026 19:25:34 America/Bogota] Conectando SQLite con DSN: sqlite:C:\xampp\htdocs\nombre_de_empresa\database\database.db
[07-Sep-2026 19:25:35 America/Bogota] SQLite requested path: C:\xampp\htdocs\nombre_de_empresa\database\database.db
[07-Sep-2026 19:25:35 America/Bogota] SQLite directory exists: yes
[07-Sep-2026 19:25:35 America/Bogota] SQLite directory writable: yes
[07-Sep-2026 19:25:35 America/Bogota] SQLite file exists: yes
[07-Sep-2026 19:25:35 America/Bogota] SQLite file writable: yes
[07-Sep-2026 19:25:35 America/Bogota] Conectando SQLite con DSN: sqlite:C:\xampp\htdocs\nombre_de_empresa\database\database.db
[07-Sep-2026 19:25:35 America/Bogota] SQLite requested path: C:\xampp\htdocs\nombre_de_empresa\database\database.db
[07-Sep-2026 19:25:35 America/Bogota] SQLite directory exists: yes
[07-Sep-2026 19:25:35 America/Bogota] SQLite directory writable: yes
[07-Sep-2026 19:25:35 America/Bogota] SQLite file exists: yes
[07-Sep-2026 19:25:35 America/Bogota] SQLite file writable: yes
[07-Sep-2026 19:25:35 America/Bogota] Conectando SQLite con DSN: sqlite:C:\xampp\htdocs\nombre_de_empresa\database\database.db
[07-Sep-2026 19:25:35 America/Bogota] SQLite requested path: C:\xampp\htdocs\nombre_de_empresa\database\database.db
[07-Sep-2026 19:25:35 America/Bogota] SQLite directory exists: yes
[07-Sep-2026 19:25:35 America/Bogota] SQLite directory writable: yes
[07-Sep-2026 19:25:35 America/Bogota] SQLite file exists: yes
[07-Sep-2026 19:25:35 America/Bogota] SQLite file writable: yes
[07-Sep-2026 19:25:35 America/Bogota] Conectando SQLite con DSN: sqlite:C:\xampp\htdocs\nombre_de_empresa\database\database.db
[07-Sep-2026 19:25:35 America/Bogota] SQLite requested path: C:\xampp\htdocs\nombre_de_empresa\database\database.db
[07-Sep-2026 19:25:35 America/Bogota] SQLite directory exists: yes
[07-Sep-2026 19:25:35 America/Bogota] SQLite directory writable: yes
[07-Sep-2026 19:25:35 America/Bogota] SQLite file exists: yes
[07-Sep-2026 19:25:35 America/Bogota] SQLite file writable: yes
[07-Sep-2026 19:25:35 America/Bogota] Conectando SQLite con DSN: sqlite:C:\xampp\htdocs\nombre_de_empresa\database\database.db
[07-Sep-2026 19:25:43 America/Bogota] SQLite requested path: C:\xampp\htdocs\nombre_de_empresa\database\database.db
[07-Sep-2026 19:25:43 America/Bogota] SQLite directory exists: yes
[07-Sep-2026 19:25:43 America/Bogota] SQLite directory writable: yes
[07-Sep-2026 19:25:43 America/Bogota] SQLite file exists: yes
[07-Sep-2026 19:25:43 America/Bogota] SQLite file writable: yes
[07-Sep-2026 19:25:43 America/Bogota] Conectando SQLite con DSN: sqlite:C:\xampp\htdocs\nombre_de_empresa\database\database.db
[07-Sep-2026 19:33:05 America/Bogota] SQLite requested path: C:\xampp\htdocs\nombre_de_empresa\database\database.db
[07-Sep-2026 19:33:05 America/Bogota] SQLite directory exists: yes
[07-Sep-2026 19:33:05 America/Bogota] SQLite directory writable: yes
[07-Sep-2026 19:33:05 America/Bogota] SQLite file exists: yes
[07-Sep-2026 19:33:05 America/Bogota] SQLite file writable: yes
[07-Sep-2026 19:33:05 America/Bogota] Conectando SQLite con DSN: sqlite:C:\xampp\htdocs\nombre_de_empresa\database\database.db
[07-Sep-2026 19:33:09 America/Bogota] SQLite requested path: C:\xampp\htdocs\nombre_de_empresa\database\database.db
[07-Sep-2026 19:33:09 America/Bogota] SQLite directory exists: yes
[07-Sep-2026 19:33:09 America/Bogota] SQLite directory writable: yes
[07-Sep-2026 19:33:09 America/Bogota] SQLite file exists: yes
[07-Sep-2026 19:33:09 America/Bogota] SQLite file writable: yes
[07-Sep-2026 19:33:09 America/Bogota] Conectando SQLite con DSN: sqlite:C:\xampp\htdocs\nombre_de_empresa\database\database.db
[07-Sep-2026 19:33:09 America/Bogota] SQLite requested path: C:\xampp\htdocs\nombre_de_empresa\database\database.db
[07-Sep-2026 19:33:09 America/Bogota] SQLite directory exists: yes
[07-Sep-2026 19:33:09 America/Bogota] SQLite directory writable: yes
[07-Sep-2026 19:33:09 America/Bogota] SQLite file exists: yes
[07-Sep-2026 19:33:09 America/Bogota] SQLite file writable: yes
[07-Sep-2026 19:33:09 America/Bogota] Conectando SQLite con DSN: sqlite:C:\xampp\htdocs\nombre_de_empresa\database\database.db
[07-Sep-2026 19:33:34 America/Bogota] SQLite requested path: C:\xampp\htdocs\nombre_de_empresa\database\database.db
[07-Sep-2026 19:33:34 America/Bogota] SQLite directory exists: yes
[07-Sep-2026 19:33:34 America/Bogota] SQLite directory writable: yes
[07-Sep-2026 19:33:34 America/Bogota] SQLite file exists: yes
[07-Sep-2026 19:33:34 America/Bogota] SQLite file writable: yes
[07-Sep-2026 19:33:34 America/Bogota] Conectando SQLite con DSN: sqlite:C:\xampp\htdocs\nombre_de_empresa\database\database.db
[07-Sep-2026 19:33:34 America/Bogota] SQLite requested path: C:\xampp\htdocs\nombre_de_empresa\database\database.db
[07-Sep-2026 19:33:34 America/Bogota] SQLite directory exists: yes
[07-Sep-2026 19:33:34 America/Bogota] SQLite directory writable: yes
[07-Sep-2026 19:33:34 America/Bogota] SQLite file exists: yes
[07-Sep-2026 19:33:34 America/Bogota] SQLite file writable: yes
[07-Sep-2026 19:33:34 America/Bogota] Conectando SQLite con DSN: sqlite:C:\xampp\htdocs\nombre_de_empresa\database\database.db
[07-Sep-2026 19:34:05 America/Bogota] SQLite requested path: C:\xampp\htdocs\nombre_de_empresa\database\database.db
[07-Sep-2026 19:34:05 America/Bogota] SQLite directory exists: yes
[07-Sep-2026 19:34:05 America/Bogota] SQLite directory writable: yes
[07-Sep-2026 19:34:05 America/Bogota] SQLite file exists: yes
[07-Sep-2026 19:34:05 America/Bogota] SQLite file writable: yes
[07-Sep-2026 19:34:05 America/Bogota] Conectando SQLite con DSN: sqlite:C:\xampp\htdocs\nombre_de_empresa\database\database.db
[07-Sep-2026 19:34:05 America/Bogota] SQLite requested path: C:\xampp\htdocs\nombre_de_empresa\database\database.db
[07-Sep-2026 19:34:05 America/Bogota] SQLite directory exists: yes
[07-Sep-2026 19:34:05 America/Bogota] SQLite directory writable: yes
[07-Sep-2026 19:34:05 America/Bogota] SQLite file exists: yes
[07-Sep-2026 19:34:05 America/Bogota] SQLite file writable: yes
[07-Sep-2026 19:34:05 America/Bogota] Conectando SQLite con DSN: sqlite:C:\xampp\htdocs\nombre_de_empresa\database\database.db
[07-Sep-2026 19:34:14 America/Bogota] SQLite requested path: C:\xampp\htdocs\nombre_de_empresa\database\database.db
[07-Sep-2026 19:34:14 America/Bogota] SQLite directory exists: yes
[07-Sep-2026 19:34:14 America/Bogota] SQLite directory writable: yes
[07-Sep-2026 19:34:14 America/Bogota] SQLite file exists: yes
[07-Sep-2026 19:34:14 America/Bogota] SQLite file writable: yes
[07-Sep-2026 19:34:14 America/Bogota] Conectando SQLite con DSN: sqlite:C:\xampp\htdocs\nombre_de_empresa\database\database.db
[07-Sep-2026 19:34:14 America/Bogota] SQLite requested path: C:\xampp\htdocs\nombre_de_empresa\database\database.db
[07-Sep-2026 19:34:14 America/Bogota] SQLite directory exists: yes
[07-Sep-2026 19:34:14 America/Bogota] SQLite directory writable: yes
[07-Sep-2026 19:34:14 America/Bogota] SQLite file exists: yes
[07-Sep-2026 19:34:14 America/Bogota] SQLite file writable: yes
[07-Sep-2026 19:34:14 America/Bogota] Conectando SQLite con DSN: sqlite:C:\xampp\htdocs\nombre_de_empresa\database\database.db
[10-Sep-2026 22:45:13 America/Bogota] PHP Warning:  Header may not contain more than a single header, new line detected in C:\xampp\htdocs\nombre_de_empresa\Controllers\BaseDatosController.php on line 124
[11-Sep-2026 20:59:16 America/Bogota] No hay rol definido en la sesión
[12-Sep-2026 23:55:58 America/Bogota] PHP Warning:  Undefined variable $tieneEmpresaId in C:\xampp\htdocs\nombre_de_empresa\Models\Producto.php on line 1417
[12-Sep-2026 23:56:40 America/Bogota] PHP Warning:  Undefined variable $tieneEmpresaId in C:\xampp\htdocs\nombre_de_empresa\Models\Producto.php on line 1417
[12-Sep-2026 23:56:59 America/Bogota] PHP Warning:  Undefined variable $tieneEmpresaId in C:\xampp\htdocs\nombre_de_empresa\Models\Producto.php on line 1417
[13-Sep-2026 00:04:19 America/Bogota] PHP Warning:  Header may not contain more than a single header, new line detected in C:\xampp\htdocs\nombre_de_empresa\Controllers\BaseDatosController.php on line 124
[14-Sep-2026 00:23:59 America/Bogota] Creando categoria con datos: {"nombre":"frutas","descripcion":"frutas","imagen":null,"estado":1}
[14-Sep-2026 00:23:59 America/Bogota] Resultado de crear categoria: true
[14-Sep-2026 00:25:53 America/Bogota] PHP Warning:  Undefined variable $tieneEmpresaId in C:\xampp\htdocs\nombre_de_empresa\Models\Producto.php on line 1417
[14-Sep-2026 00:28:06 America/Bogota] Creando categoria con datos: {"nombre":"FRUTAS","descripcion":"FRUTAS","imagen":null,"estado":1}
[14-Sep-2026 00:28:06 America/Bogota] Resultado de crear categoria: true
[15-Sep-2026 20:49:00 America/Bogota] Creando categoria con datos: {"nombre":"VERDURAS","descripcion":"VERDURAS","imagen":"categoria_20260915_204900_c2a6f3f6.png","estado":1}
[15-Sep-2026 20:49:00 America/Bogota] Resultado de crear categoria: true
[15-Sep-2026 23:26:13 America/Bogota] PHP Warning:  Header may not contain more than a single header, new line detected in C:\xampp\htdocs\nombre_de_empresa\Controllers\BaseDatosController.php on line 124
[16-Sep-2026 07:07:57 America/Bogota] Creando categoria con datos: {"nombre":"verduras","descripcion":"verduras","imagen":null,"estado":1}
[16-Sep-2026 07:07:57 America/Bogota] Resultado de crear categoria: true
[16-Sep-2026 07:18:21 America/Bogota] PHP Warning:  Undefined variable $tieneEmpresaId in C:\xampp\htdocs\nombre_de_empresa\Models\Producto.php on line 1432
[16-Sep-2026 07:33:50 America/Bogota] PHP Warning:  Undefined variable $tieneEmpresaId in C:\xampp\htdocs\nombre_de_empresa\Models\Producto.php on line 1432
[16-Sep-2026 07:34:16 America/Bogota] PHP Warning:  Undefined variable $tieneEmpresaId in C:\xampp\htdocs\nombre_de_empresa\Models\Producto.php on line 1432
[16-Sep-2026 07:37:19 America/Bogota] PHP Warning:  Undefined variable $tieneEmpresaId in C:\xampp\htdocs\nombre_de_empresa\Models\Producto.php on line 1432
[16-Sep-2026 08:27:19 America/Bogota] PHP Warning:  Undefined variable $tieneEmpresaId in C:\xampp\htdocs\nombre_de_empresa\Models\Producto.php on line 1432
[18-Sep-2026 23:49:25 America/Bogota] PHP Fatal error:  Uncaught Error: Call to undefined method Producto::getPaginado() in C:\xampp\htdocs\nombre_de_empresa\tests\test_rendimiento_20k.php:86
Stack trace:
#0 C:\xampp\htdocs\nombre_de_empresa\tests\test_rendimiento_20k.php(39): {closure}()
#1 C:\xampp\htdocs\nombre_de_empresa\tests\test_rendimiento_20k.php(86): medir()
#2 {main}
  thrown in C:\xampp\htdocs\nombre_de_empresa\tests\test_rendimiento_20k.php on line 86
[18-Sep-2026 23:49:50 America/Bogota] PHP Fatal error:  Uncaught Error: Call to undefined method Producto::getPaginado() in C:\xampp\htdocs\nombre_de_empresa\tests\test_rendimiento_20k.php:86
Stack trace:
#0 C:\xampp\htdocs\nombre_de_empresa\tests\test_rendimiento_20k.php(39): {closure}()
#1 C:\xampp\htdocs\nombre_de_empresa\tests\test_rendimiento_20k.php(86): medir()
#2 {main}
  thrown in C:\xampp\htdocs\nombre_de_empresa\tests\test_rendimiento_20k.php on line 86
[18-Sep-2026 23:49:54 America/Bogota] PHP Fatal error:  Uncaught Error: Call to undefined method Producto::getPaginado() in C:\xampp\htdocs\nombre_de_empresa\tests\test_rendimiento_20k.php:86
Stack trace:
#0 C:\xampp\htdocs\nombre_de_empresa\tests\test_rendimiento_20k.php(39): {closure}()
#1 C:\xampp\htdocs\nombre_de_empresa\tests\test_rendimiento_20k.php(86): medir()
#2 {main}
  thrown in C:\xampp\htdocs\nombre_de_empresa\tests\test_rendimiento_20k.php on line 86
[18-Sep-2026 23:50:25 America/Bogota] PHP Deprecated:  ini_set(): Use of mbstring.internal_encoding is deprecated in C:\xampp\htdocs\nombre_de_empresa\Helpers\Helpers.php on line 280
[18-Sep-2026 23:50:25 America/Bogota] PHP Deprecated:  ini_set(): Use of mbstring.http_output is deprecated in C:\xampp\htdocs\nombre_de_empresa\Helpers\Helpers.php on line 281
[18-Sep-2026 23:50:25 America/Bogota] PHP Fatal error:  Uncaught Error: Call to undefined method Producto::getPaginado() in C:\xampp\htdocs\nombre_de_empresa\tests\test_rendimiento_20k.php:86
Stack trace:
#0 C:\xampp\htdocs\nombre_de_empresa\tests\test_rendimiento_20k.php(39): {closure}()
#1 C:\xampp\htdocs\nombre_de_empresa\tests\test_rendimiento_20k.php(86): medir()
#2 {main}
  thrown in C:\xampp\htdocs\nombre_de_empresa\tests\test_rendimiento_20k.php on line 86
[18-Sep-2026 23:50:48 America/Bogota] PHP Fatal error:  Uncaught Error: Call to undefined method Inventario::obtenerMovimientosPaginado() in C:\xampp\htdocs\nombre_de_empresa\tests\test_rendimiento_20k.php:88
Stack trace:
#0 C:\xampp\htdocs\nombre_de_empresa\tests\test_rendimiento_20k.php(39): {closure}()
#1 C:\xampp\htdocs\nombre_de_empresa\tests\test_rendimiento_20k.php(88): medir()
#2 {main}
  thrown in C:\xampp\htdocs\nombre_de_empresa\tests\test_rendimiento_20k.php on line 88
[18-Sep-2026 23:51:25 America/Bogota] PHP Fatal error:  Uncaught Error: Call to undefined method Vencimiento::lotesPaginado() in C:\xampp\htdocs\nombre_de_empresa\tests\test_rendimiento_20k.php:91
Stack trace:
#0 C:\xampp\htdocs\nombre_de_empresa\tests\test_rendimiento_20k.php(39): {closure}()
#1 C:\xampp\htdocs\nombre_de_empresa\tests\test_rendimiento_20k.php(91): medir()
#2 {main}
  thrown in C:\xampp\htdocs\nombre_de_empresa\tests\test_rendimiento_20k.php on line 91
[19-Sep-2026 18:20:34 America/Bogota] No hay rol definido en la sesión
[21-Sep-2026 23:02:55 America/Bogota] PHP Warning:  Header may not contain more than a single header, new line detected in C:\xampp\htdocs\nombre_de_empresa\Controllers\BaseDatosController.php on line 124
[21-Sep-2026 23:05:49 America/Bogota] PHP Warning:  Header may not contain more than a single header, new line detected in C:\xampp\htdocs\nombre_de_empresa\Controllers\BaseDatosController.php on line 124
[21-Sep-2026 23:06:06 America/Bogota] PHP Warning:  Header may not contain more than a single header, new line detected in C:\xampp\htdocs\nombre_de_empresa\Controllers\BaseDatosController.php on line 124
[21-Sep-2026 23:20:26 America/Bogota] No hay rol definido en la sesión
[27-Sep-2026 22:09:49 America/Bogota] No se pudo agregar precio_compra a productos: SQLSTATE[HY000]: General error: 1 near "p": syntax error
[27-Sep-2026 22:09:56 America/Bogota] No se pudo agregar precio_compra a productos: SQLSTATE[HY000]: General error: 1 near "p": syntax error
[27-Sep-2026 22:20:34 America/Bogota] No se pudo agregar precio_compra a productos: SQLSTATE[HY000]: General error: 1 near "p": syntax error
[27-Sep-2026 22:22:17 America/Bogota] No se pudo agregar precio_compra a productos: SQLSTATE[HY000]: General error: 1 near "p": syntax error
[27-Sep-2026 22:31:44 America/Bogota] ✅ Columna precio_compra creada en productos
[27-Sep-2026 22:38:03 America/Bogota] ❌ Error en setup_precio_compra: SQLSTATE[HY000]: General error: 1 near "SHOW": syntax error
[27-Sep-2026 22:38:03 America/Bogota] ❌ Error en setup_precio_compra: SQLSTATE[HY000]: General error: 1 near "SHOW": syntax error
[27-Sep-2026 22:38:04 America/Bogota] ❌ Error en setup_precio_compra: SQLSTATE[HY000]: General error: 1 near "SHOW": syntax error
[27-Sep-2026 22:38:05 America/Bogota] ❌ Error en setup_precio_compra: SQLSTATE[HY000]: General error: 1 near "SHOW": syntax error
[27-Sep-2026 22:38:05 America/Bogota] ❌ Error en setup_precio_compra: SQLSTATE[HY000]: General error: 1 near "SHOW": syntax error
[27-Sep-2026 22:38:13 America/Bogota] ❌ Error en setup_precio_compra: SQLSTATE[HY000]: General error: 1 near "SHOW": syntax error
[27-Sep-2026 22:38:16 America/Bogota] ❌ Error en setup_precio_compra: SQLSTATE[HY000]: General error: 1 near "SHOW": syntax error
[27-Sep-2026 22:38:16 America/Bogota] ❌ Error en setup_precio_compra: SQLSTATE[HY000]: General error: 1 near "SHOW": syntax error
[27-Sep-2026 22:38:22 America/Bogota] ❌ Error en setup_precio_compra: SQLSTATE[HY000]: General error: 1 near "SHOW": syntax error
[27-Sep-2026 22:38:22 America/Bogota] ❌ Error en setup_precio_compra: SQLSTATE[HY000]: General error: 1 near "SHOW": syntax error
[27-Sep-2026 22:38:23 America/Bogota] ❌ Error en setup_precio_compra: SQLSTATE[HY000]: General error: 1 near "SHOW": syntax error
[27-Sep-2026 22:38:23 America/Bogota] ❌ Error en setup_precio_compra: SQLSTATE[HY000]: General error: 1 near "SHOW": syntax error
[27-Sep-2026 22:38:30 America/Bogota] ❌ Error en setup_precio_compra: SQLSTATE[HY000]: General error: 1 near "SHOW": syntax error
[27-Sep-2026 22:38:33 America/Bogota] ❌ Error en setup_precio_compra: SQLSTATE[HY000]: General error: 1 near "SHOW": syntax error
[27-Sep-2026 22:38:37 America/Bogota] ❌ Error en setup_precio_compra: SQLSTATE[HY000]: General error: 1 near "SHOW": syntax error
[27-Sep-2026 22:38:37 America/Bogota] ✅ Columna precio_compra creada en productos
[27-Sep-2026 22:38:39 America/Bogota] ❌ Error en setup_precio_compra: SQLSTATE[HY000]: General error: 1 near "SHOW": syntax error
[27-Sep-2026 22:38:39 America/Bogota] ❌ Error en setup_precio_compra: SQLSTATE[HY000]: General error: 1 near "SHOW": syntax error
[27-Sep-2026 22:38:46 America/Bogota] ❌ Error en setup_precio_compra: SQLSTATE[HY000]: General error: 1 near "SHOW": syntax error
[27-Sep-2026 22:38:46 America/Bogota] ❌ Error en setup_precio_compra: SQLSTATE[HY000]: General error: 1 near "SHOW": syntax error
[27-Sep-2026 22:41:16 America/Bogota] === INICIO SETUP PRECIO_COMPRA ===
[27-Sep-2026 22:41:16 America/Bogota] ❌ ERROR: SQLSTATE[HY000]: General error: 1 near "SHOW": syntax error
[27-Sep-2026 22:41:16 America/Bogota] Stack: #0 C:\xampp\htdocs\nombre_de_empresa\Config\setup_precio_compra.php(31): PDO->query('SHOW COLUMNS FR...')
#1 C:\xampp\htdocs\nombre_de_empresa\Config\database.php(201): require_once('C:\\xampp\\htdocs...')
#2 C:\xampp\htdocs\nombre_de_empresa\Controllers\CreditosController.php(9): require_once('C:\\xampp\\htdocs...')
#3 {main}
[27-Sep-2026 22:41:16 America/Bogota] === INICIO SETUP PRECIO_COMPRA ===
[27-Sep-2026 22:41:16 America/Bogota] ❌ ERROR: SQLSTATE[HY000]: General error: 1 near "SHOW": syntax error
[27-Sep-2026 22:41:16 America/Bogota] Stack: #0 C:\xampp\htdocs\nombre_de_empresa\Config\setup_precio_compra.php(31): PDO->query('SHOW COLUMNS FR...')
#1 C:\xampp\htdocs\nombre_de_empresa\Config\database.php(201): require_once('C:\\xampp\\htdocs...')
#2 C:\xampp\htdocs\nombre_de_empresa\Views\productos.php(10): require_once('C:\\xampp\\htdocs...')
#3 {main}
[27-Sep-2026 22:41:24 America/Bogota] === INICIO SETUP PRECIO_COMPRA ===
[27-Sep-2026 22:41:24 America/Bogota] ❌ ERROR: SQLSTATE[HY000]: General error: 1 near "SHOW": syntax error
[27-Sep-2026 22:41:24 America/Bogota] Stack: #0 C:\xampp\htdocs\nombre_de_empresa\Config\setup_precio_compra.php(31): PDO->query('SHOW COLUMNS FR...')
#1 C:\xampp\htdocs\nombre_de_empresa\Config\database.php(201): require_once('C:\\xampp\\htdocs...')
#2 C:\xampp\htdocs\nombre_de_empresa\Controllers\BaseDatosController.php(10): require_once('C:\\xampp\\htdocs...')
#3 {main}
[27-Sep-2026 22:41:25 America/Bogota] === INICIO SETUP PRECIO_COMPRA ===
[27-Sep-2026 22:41:25 America/Bogota] ❌ ERROR: SQLSTATE[HY000]: General error: 1 near "SHOW": syntax error
[27-Sep-2026 22:41:25 America/Bogota] Stack: #0 C:\xampp\htdocs\nombre_de_empresa\Config\setup_precio_compra.php(31): PDO->query('SHOW COLUMNS FR...')
#1 C:\xampp\htdocs\nombre_de_empresa\Config\database.php(201): require_once('C:\\xampp\\htdocs...')
#2 C:\xampp\htdocs\nombre_de_empresa\Controllers\CreditosController.php(9): require_once('C:\\xampp\\htdocs...')
#3 {main}
[27-Sep-2026 22:41:25 America/Bogota] ✅ Columna precio_compra creada en productos
[27-Sep-2026 22:41:29 America/Bogota] === INICIO SETUP PRECIO_COMPRA ===
[27-Sep-2026 22:41:29 America/Bogota] ❌ ERROR: SQLSTATE[HY000]: General error: 1 near "SHOW": syntax error
[27-Sep-2026 22:41:29 America/Bogota] Stack: #0 C:\xampp\htdocs\nombre_de_empresa\Config\setup_precio_compra.php(31): PDO->query('SHOW COLUMNS FR...')
#1 C:\xampp\htdocs\nombre_de_empresa\Config\database.php(201): require_once('C:\\xampp\\htdocs...')
#2 C:\xampp\htdocs\nombre_de_empresa\Controllers\CreditosController.php(9): require_once('C:\\xampp\\htdocs...')
#3 {main}
[27-Sep-2026 22:41:29 America/Bogota] === INICIO SETUP PRECIO_COMPRA ===
[27-Sep-2026 22:41:29 America/Bogota] ❌ ERROR: SQLSTATE[HY000]: General error: 1 near "SHOW": syntax error
[27-Sep-2026 22:41:29 America/Bogota] Stack: #0 C:\xampp\htdocs\nombre_de_empresa\Config\setup_precio_compra.php(31): PDO->query('SHOW COLUMNS FR...')
#1 C:\xampp\htdocs\nombre_de_empresa\Config\database.php(201): require_once('C:\\xampp\\htdocs...')
#2 C:\xampp\htdocs\nombre_de_empresa\Views\inventarios.php(13): require_once('C:\\xampp\\htdocs...')
#3 {main}
[27-Sep-2026 22:41:29 America/Bogota] === INICIO SETUP PRECIO_COMPRA ===
[27-Sep-2026 22:41:29 America/Bogota] ❌ ERROR: SQLSTATE[HY000]: General error: 1 near "SHOW": syntax error
[27-Sep-2026 22:41:29 America/Bogota] Stack: #0 C:\xampp\htdocs\nombre_de_empresa\Config\setup_precio_compra.php(31): PDO->query('SHOW COLUMNS FR...')
#1 C:\xampp\htdocs\nombre_de_empresa\Config\database.php(201): require_once('C:\\xampp\\htdocs...')
#2 C:\xampp\htdocs\nombre_de_empresa\Controllers\CreditosController.php(9): require_once('C:\\xampp\\htdocs...')
#3 {main}
[27-Sep-2026 22:41:35 America/Bogota] === INICIO SETUP PRECIO_COMPRA ===
[27-Sep-2026 22:41:35 America/Bogota] ❌ ERROR: SQLSTATE[HY000]: General error: 1 near "SHOW": syntax error
[27-Sep-2026 22:41:35 America/Bogota] Stack: #0 C:\xampp\htdocs\nombre_de_empresa\Config\setup_precio_compra.php(31): PDO->query('SHOW COLUMNS FR...')
#1 C:\xampp\htdocs\nombre_de_empresa\Config\database.php(201): require_once('C:\\xampp\\htdocs...')
#2 C:\xampp\htdocs\nombre_de_empresa\Views\productos.php(10): require_once('C:\\xampp\\htdocs...')
#3 {main}
[27-Sep-2026 22:41:38 America/Bogota] === INICIO SETUP PRECIO_COMPRA ===
[27-Sep-2026 22:41:38 America/Bogota] ❌ ERROR: SQLSTATE[HY000]: General error: 1 near "SHOW": syntax error
[27-Sep-2026 22:41:38 America/Bogota] Stack: #0 C:\xampp\htdocs\nombre_de_empresa\Config\setup_precio_compra.php(31): PDO->query('SHOW COLUMNS FR...')
#1 C:\xampp\htdocs\nombre_de_empresa\Config\database.php(201): require_once('C:\\xampp\\htdocs...')
#2 C:\xampp\htdocs\nombre_de_empresa\Views\inventarios.php(13): require_once('C:\\xampp\\htdocs...')
#3 {main}
[27-Sep-2026 22:41:38 America/Bogota] === INICIO SETUP PRECIO_COMPRA ===
[27-Sep-2026 22:41:38 America/Bogota] ❌ ERROR: SQLSTATE[HY000]: General error: 1 near "SHOW": syntax error
[27-Sep-2026 22:41:38 America/Bogota] Stack: #0 C:\xampp\htdocs\nombre_de_empresa\Config\setup_precio_compra.php(31): PDO->query('SHOW COLUMNS FR...')
#1 C:\xampp\htdocs\nombre_de_empresa\Config\database.php(201): require_once('C:\\xampp\\htdocs...')
#2 C:\xampp\htdocs\nombre_de_empresa\Controllers\CreditosController.php(9): require_once('C:\\xampp\\htdocs...')
#3 {main}
[27-Sep-2026 22:41:43 America/Bogota] === INICIO SETUP PRECIO_COMPRA ===
[27-Sep-2026 22:41:43 America/Bogota] ❌ ERROR: SQLSTATE[HY000]: General error: 1 near "SHOW": syntax error
[27-Sep-2026 22:41:43 America/Bogota] Stack: #0 C:\xampp\htdocs\nombre_de_empresa\Config\setup_precio_compra.php(31): PDO->query('SHOW COLUMNS FR...')
#1 C:\xampp\htdocs\nombre_de_empresa\Config\database.php(201): require_once('C:\\xampp\\htdocs...')
#2 C:\xampp\htdocs\nombre_de_empresa\Controllers\CreditosController.php(9): require_once('C:\\xampp\\htdocs...')
#3 {main}
[27-Sep-2026 22:41:43 America/Bogota] === INICIO SETUP PRECIO_COMPRA ===
[27-Sep-2026 22:41:43 America/Bogota] ❌ ERROR: SQLSTATE[HY000]: General error: 1 near "SHOW": syntax error
[27-Sep-2026 22:41:43 America/Bogota] Stack: #0 C:\xampp\htdocs\nombre_de_empresa\Config\setup_precio_compra.php(31): PDO->query('SHOW COLUMNS FR...')
#1 C:\xampp\htdocs\nombre_de_empresa\Config\database.php(201): require_once('C:\\xampp\\htdocs...')
#2 C:\xampp\htdocs\nombre_de_empresa\Views\productos.php(10): require_once('C:\\xampp\\htdocs...')
#3 {main}
[27-Sep-2026 22:42:47 America/Bogota] === INICIO SETUP PRECIO_COMPRA ===
[27-Sep-2026 22:42:47 America/Bogota] ❌ ERROR: SQLSTATE[HY000]: General error: 1 near "SHOW": syntax error
[27-Sep-2026 22:42:47 America/Bogota] Stack: #0 C:\xampp\htdocs\nombre_de_empresa\Config\setup_precio_compra.php(31): PDO->query('SHOW COLUMNS FR...')
#1 C:\xampp\htdocs\nombre_de_empresa\Config\database.php(201): require_once('C:\\xampp\\htdocs...')
#2 C:\xampp\htdocs\nombre_de_empresa\Controllers\CreditosController.php(9): require_once('C:\\xampp\\htdocs...')
#3 {main}
[27-Sep-2026 22:42:47 America/Bogota] === INICIO SETUP PRECIO_COMPRA ===
[27-Sep-2026 22:42:47 America/Bogota] ❌ ERROR: SQLSTATE[HY000]: General error: 1 near "SHOW": syntax error
[27-Sep-2026 22:42:47 America/Bogota] Stack: #0 C:\xampp\htdocs\nombre_de_empresa\Config\setup_precio_compra.php(31): PDO->query('SHOW COLUMNS FR...')
#1 C:\xampp\htdocs\nombre_de_empresa\Config\database.php(201): require_once('C:\\xampp\\htdocs...')
#2 C:\xampp\htdocs\nombre_de_empresa\Views\productos.php(10): require_once('C:\\xampp\\htdocs...')
#3 {main}
[27-Sep-2026 22:42:47 America/Bogota] Error creando precio_compra: SQLSTATE[HY000]: General error: 1 near "SHOW": syntax error
[27-Sep-2026 22:42:58 America/Bogota] === INICIO SETUP PRECIO_COMPRA ===
[27-Sep-2026 22:42:58 America/Bogota] ❌ ERROR: SQLSTATE[HY000]: General error: 1 near "SHOW": syntax error
[27-Sep-2026 22:42:58 America/Bogota] Stack: #0 C:\xampp\htdocs\nombre_de_empresa\Config\setup_precio_compra.php(31): PDO->query('SHOW COLUMNS FR...')
#1 C:\xampp\htdocs\nombre_de_empresa\Config\database.php(201): require_once('C:\\xampp\\htdocs...')
#2 C:\xampp\htdocs\nombre_de_empresa\Controllers\BaseDatosController.php(10): require_once('C:\\xampp\\htdocs...')
#3 {main}
[27-Sep-2026 22:43:00 America/Bogota] === INICIO SETUP PRECIO_COMPRA ===
[27-Sep-2026 22:43:00 America/Bogota] ❌ ERROR: SQLSTATE[HY000]: General error: 1 near "SHOW": syntax error
[27-Sep-2026 22:43:00 America/Bogota] Stack: #0 C:\xampp\htdocs\nombre_de_empresa\Config\setup_precio_compra.php(31): PDO->query('SHOW COLUMNS FR...')
#1 C:\xampp\htdocs\nombre_de_empresa\Config\database.php(201): require_once('C:\\xampp\\htdocs...')
#2 C:\xampp\htdocs\nombre_de_empresa\Controllers\CreditosController.php(9): require_once('C:\\xampp\\htdocs...')
#3 {main}
[27-Sep-2026 22:43:00 America/Bogota] ✅ Columna precio_compra creada en productos
[27-Sep-2026 22:43:03 America/Bogota] === INICIO SETUP PRECIO_COMPRA ===
[27-Sep-2026 22:43:03 America/Bogota] ❌ ERROR: SQLSTATE[HY000]: General error: 1 near "SHOW": syntax error
[27-Sep-2026 22:43:03 America/Bogota] Stack: #0 C:\xampp\htdocs\nombre_de_empresa\Config\setup_precio_compra.php(31): PDO->query('SHOW COLUMNS FR...')
#1 C:\xampp\htdocs\nombre_de_empresa\Config\database.php(201): require_once('C:\\xampp\\htdocs...')
#2 C:\xampp\htdocs\nombre_de_empresa\Controllers\CreditosController.php(9): require_once('C:\\xampp\\htdocs...')
#3 {main}
[27-Sep-2026 22:43:03 America/Bogota] === INICIO SETUP PRECIO_COMPRA ===
[27-Sep-2026 22:43:03 America/Bogota] ❌ ERROR: SQLSTATE[HY000]: General error: 1 near "SHOW": syntax error
[27-Sep-2026 22:43:03 America/Bogota] Stack: #0 C:\xampp\htdocs\nombre_de_empresa\Config\setup_precio_compra.php(31): PDO->query('SHOW COLUMNS FR...')
#1 C:\xampp\htdocs\nombre_de_empresa\Config\database.php(201): require_once('C:\\xampp\\htdocs...')
#2 C:\xampp\htdocs\nombre_de_empresa\Views\productos.php(10): require_once('C:\\xampp\\htdocs...')
#3 {main}
[27-Sep-2026 22:43:03 America/Bogota] Error creando precio_compra: SQLSTATE[HY000]: General error: 1 near "SHOW": syntax error
[27-Sep-2026 22:43:07 America/Bogota] === INICIO SETUP PRECIO_COMPRA ===
[27-Sep-2026 22:43:07 America/Bogota] ❌ ERROR: SQLSTATE[HY000]: General error: 1 near "SHOW": syntax error
[27-Sep-2026 22:43:07 America/Bogota] Stack: #0 C:\xampp\htdocs\nombre_de_empresa\Config\setup_precio_compra.php(31): PDO->query('SHOW COLUMNS FR...')
#1 C:\xampp\htdocs\nombre_de_empresa\Config\database.php(201): require_once('C:\\xampp\\htdocs...')
#2 C:\xampp\htdocs\nombre_de_empresa\Views\inventarios.php(13): require_once('C:\\xampp\\htdocs...')
#3 {main}
[27-Sep-2026 22:43:07 America/Bogota] === INICIO SETUP PRECIO_COMPRA ===
[27-Sep-2026 22:43:07 America/Bogota] ❌ ERROR: SQLSTATE[HY000]: General error: 1 near "SHOW": syntax error
[27-Sep-2026 22:43:07 America/Bogota] Stack: #0 C:\xampp\htdocs\nombre_de_empresa\Config\setup_precio_compra.php(31): PDO->query('SHOW COLUMNS FR...')
#1 C:\xampp\htdocs\nombre_de_empresa\Config\database.php(201): require_once('C:\\xampp\\htdocs...')
#2 C:\xampp\htdocs\nombre_de_empresa\Controllers\CreditosController.php(9): require_once('C:\\xampp\\htdocs...')
#3 {main}
[27-Sep-2026 22:43:08 America/Bogota] === INICIO SETUP PRECIO_COMPRA ===
[27-Sep-2026 22:43:08 America/Bogota] ❌ ERROR: SQLSTATE[HY000]: General error: 1 near "SHOW": syntax error
[27-Sep-2026 22:43:08 America/Bogota] Stack: #0 C:\xampp\htdocs\nombre_de_empresa\Config\setup_precio_compra.php(31): PDO->query('SHOW COLUMNS FR...')
#1 C:\xampp\htdocs\nombre_de_empresa\Config\database.php(201): require_once('C:\\xampp\\htdocs...')
#2 C:\xampp\htdocs\nombre_de_empresa\Controllers\CreditosController.php(9): require_once('C:\\xampp\\htdocs...')
#3 {main}
[27-Sep-2026 22:43:10 America/Bogota] === INICIO SETUP PRECIO_COMPRA ===
[27-Sep-2026 22:43:10 America/Bogota] ❌ ERROR: SQLSTATE[HY000]: General error: 1 near "SHOW": syntax error
[27-Sep-2026 22:43:10 America/Bogota] Stack: #0 C:\xampp\htdocs\nombre_de_empresa\Config\setup_precio_compra.php(31): PDO->query('SHOW COLUMNS FR...')
#1 C:\xampp\htdocs\nombre_de_empresa\Config\database.php(201): require_once('C:\\xampp\\htdocs...')
#2 C:\xampp\htdocs\nombre_de_empresa\Views\inventarios.php(13): require_once('C:\\xampp\\htdocs...')
#3 {main}
[27-Sep-2026 22:43:11 America/Bogota] === INICIO SETUP PRECIO_COMPRA ===
[27-Sep-2026 22:43:11 America/Bogota] ❌ ERROR: SQLSTATE[HY000]: General error: 1 near "SHOW": syntax error
[27-Sep-2026 22:43:11 America/Bogota] Stack: #0 C:\xampp\htdocs\nombre_de_empresa\Config\setup_precio_compra.php(31): PDO->query('SHOW COLUMNS FR...')
#1 C:\xampp\htdocs\nombre_de_empresa\Config\database.php(201): require_once('C:\\xampp\\htdocs...')
#2 C:\xampp\htdocs\nombre_de_empresa\Controllers\CreditosController.php(9): require_once('C:\\xampp\\htdocs...')
#3 {main}
[27-Sep-2026 22:43:17 America/Bogota] === INICIO SETUP PRECIO_COMPRA ===
[27-Sep-2026 22:43:17 America/Bogota] ❌ ERROR: SQLSTATE[HY000]: General error: 1 near "SHOW": syntax error
[27-Sep-2026 22:43:17 America/Bogota] Stack: #0 C:\xampp\htdocs\nombre_de_empresa\Config\setup_precio_compra.php(31): PDO->query('SHOW COLUMNS FR...')
#1 C:\xampp\htdocs\nombre_de_empresa\Config\database.php(201): require_once('C:\\xampp\\htdocs...')
#2 C:\xampp\htdocs\nombre_de_empresa\Controllers\CreditosController.php(9): require_once('C:\\xampp\\htdocs...')
#3 {main}
[27-Sep-2026 22:43:17 America/Bogota] === INICIO SETUP PRECIO_COMPRA ===
[27-Sep-2026 22:43:17 America/Bogota] ❌ ERROR: SQLSTATE[HY000]: General error: 1 near "SHOW": syntax error
[27-Sep-2026 22:43:17 America/Bogota] Stack: #0 C:\xampp\htdocs\nombre_de_empresa\Config\setup_precio_compra.php(31): PDO->query('SHOW COLUMNS FR...')
#1 C:\xampp\htdocs\nombre_de_empresa\Config\database.php(201): require_once('C:\\xampp\\htdocs...')
#2 C:\xampp\htdocs\nombre_de_empresa\Views\productos.php(10): require_once('C:\\xampp\\htdocs...')
#3 {main}
[27-Sep-2026 22:43:17 America/Bogota] Error creando precio_compra: SQLSTATE[HY000]: General error: 1 near "SHOW": syntax error
[27-Sep-2026 22:47:36 America/Bogota] === INICIO SETUP PRECIO_COMPRA ===
[27-Sep-2026 22:47:36 America/Bogota] ❌ ERROR: SQLSTATE[HY000]: General error: 1 near "SHOW": syntax error
[27-Sep-2026 22:47:36 America/Bogota] Stack: #0 C:\xampp\htdocs\nombre_de_empresa\Config\setup_precio_compra.php(31): PDO->query('SHOW COLUMNS FR...')
#1 C:\xampp\htdocs\nombre_de_empresa\Config\database.php(201): require_once('C:\\xampp\\htdocs...')
#2 C:\xampp\htdocs\nombre_de_empresa\Controllers\CreditosController.php(9): require_once('C:\\xampp\\htdocs...')
#3 {main}
[27-Sep-2026 22:47:36 America/Bogota] === INICIO SETUP PRECIO_COMPRA ===
[27-Sep-2026 22:47:36 America/Bogota] ❌ ERROR: SQLSTATE[HY000]: General error: 1 near "SHOW": syntax error
[27-Sep-2026 22:47:36 America/Bogota] Stack: #0 C:\xampp\htdocs\nombre_de_empresa\Config\setup_precio_compra.php(31): PDO->query('SHOW COLUMNS FR...')
#1 C:\xampp\htdocs\nombre_de_empresa\Config\database.php(201): require_once('C:\\xampp\\htdocs...')
#2 C:\xampp\htdocs\nombre_de_empresa\Views\productos.php(10): require_once('C:\\xampp\\htdocs...')
#3 {main}
[28-Sep-2026 20:18:40 America/Bogota] === INICIO SETUP PRECIO_COMPRA ===
[28-Sep-2026 20:18:40 America/Bogota] ❌ ERROR: SQLSTATE[HY000]: General error: 1 near "SHOW": syntax error
[28-Sep-2026 20:18:40 America/Bogota] Stack: #0 C:\xampp\htdocs\nombre_de_empresa\Config\setup_precio_compra.php(31): PDO->query('SHOW COLUMNS FR...')
#1 C:\xampp\htdocs\nombre_de_empresa\Config\database.php(201): require_once('C:\\xampp\\htdocs...')
#2 C:\xampp\htdocs\nombre_de_empresa\Controllers\CreditosController.php(9): require_once('C:\\xampp\\htdocs...')
#3 {main}
[28-Sep-2026 20:20:07 America/Bogota] === INICIO SETUP PRECIO_COMPRA ===
[28-Sep-2026 20:20:07 America/Bogota] ❌ ERROR: SQLSTATE[HY000]: General error: 1 near "SHOW": syntax error
[28-Sep-2026 20:20:07 America/Bogota] Stack: #0 C:\xampp\htdocs\nombre_de_empresa\Config\setup_precio_compra.php(31): PDO->query('SHOW COLUMNS FR...')
#1 C:\xampp\htdocs\nombre_de_empresa\Config\database.php(201): require_once('C:\\xampp\\htdocs...')
#2 C:\xampp\htdocs\nombre_de_empresa\Controllers\CreditosController.php(9): require_once('C:\\xampp\\htdocs...')
#3 {main}
[28-Sep-2026 20:20:14 America/Bogota] === INICIO SETUP PRECIO_COMPRA ===
[28-Sep-2026 20:20:14 America/Bogota] ❌ ERROR: SQLSTATE[HY000]: General error: 1 near "SHOW": syntax error
[28-Sep-2026 20:20:14 America/Bogota] Stack: #0 C:\xampp\htdocs\nombre_de_empresa\Config\setup_precio_compra.php(31): PDO->query('SHOW COLUMNS FR...')
#1 C:\xampp\htdocs\nombre_de_empresa\Config\database.php(201): require_once('C:\\xampp\\htdocs...')
#2 C:\xampp\htdocs\nombre_de_empresa\Views\inventarios.php(13): require_once('C:\\xampp\\htdocs...')
#3 {main}
[28-Sep-2026 20:20:14 America/Bogota] === INICIO SETUP PRECIO_COMPRA ===
[28-Sep-2026 20:20:14 America/Bogota] ❌ ERROR: SQLSTATE[HY000]: General error: 1 near "SHOW": syntax error
[28-Sep-2026 20:20:14 America/Bogota] Stack: #0 C:\xampp\htdocs\nombre_de_empresa\Config\setup_precio_compra.php(31): PDO->query('SHOW COLUMNS FR...')
#1 C:\xampp\htdocs\nombre_de_empresa\Config\database.php(201): require_once('C:\\xampp\\htdocs...')
#2 C:\xampp\htdocs\nombre_de_empresa\Controllers\CreditosController.php(9): require_once('C:\\xampp\\htdocs...')
#3 {main}
[28-Sep-2026 20:20:14 America/Bogota] === INICIO SETUP PRECIO_COMPRA ===
[28-Sep-2026 20:20:14 America/Bogota] ❌ ERROR: SQLSTATE[HY000]: General error: 1 near "SHOW": syntax error
[28-Sep-2026 20:20:14 America/Bogota] Stack: #0 C:\xampp\htdocs\nombre_de_empresa\Config\setup_precio_compra.php(31): PDO->query('SHOW COLUMNS FR...')
#1 C:\xampp\htdocs\nombre_de_empresa\Config\database.php(201): require_once('C:\\xampp\\htdocs...')
#2 C:\xampp\htdocs\nombre_de_empresa\Views\inventarios.php(13): require_once('C:\\xampp\\htdocs...')
#3 {main}
[28-Sep-2026 20:20:14 America/Bogota] === INICIO SETUP PRECIO_COMPRA ===
[28-Sep-2026 20:20:14 America/Bogota] ❌ ERROR: SQLSTATE[HY000]: General error: 1 near "SHOW": syntax error
[28-Sep-2026 20:20:14 America/Bogota] Stack: #0 C:\xampp\htdocs\nombre_de_empresa\Config\setup_precio_compra.php(31): PDO->query('SHOW COLUMNS FR...')
#1 C:\xampp\htdocs\nombre_de_empresa\Config\database.php(201): require_once('C:\\xampp\\htdocs...')
#2 C:\xampp\htdocs\nombre_de_empresa\Controllers\CreditosController.php(9): require_once('C:\\xampp\\htdocs...')
#3 {main}
[28-Sep-2026 20:20:49 America/Bogota] === INICIO SETUP PRECIO_COMPRA ===
[28-Sep-2026 20:20:49 America/Bogota] ❌ ERROR: SQLSTATE[HY000]: General error: 1 near "SHOW": syntax error
[28-Sep-2026 20:20:49 America/Bogota] Stack: #0 C:\xampp\htdocs\nombre_de_empresa\Config\setup_precio_compra.php(31): PDO->query('SHOW COLUMNS FR...')
#1 C:\xampp\htdocs\nombre_de_empresa\Config\database.php(201): require_once('C:\\xampp\\htdocs...')
#2 C:\xampp\htdocs\nombre_de_empresa\Controllers\BaseDatosController.php(10): require_once('C:\\xampp\\htdocs...')
#3 {main}
[28-Sep-2026 20:20:51 America/Bogota] === INICIO SETUP PRECIO_COMPRA ===
[28-Sep-2026 20:20:51 America/Bogota] ❌ ERROR: SQLSTATE[HY000]: General error: 1 near "SHOW": syntax error
[28-Sep-2026 20:20:51 America/Bogota] Stack: #0 C:\xampp\htdocs\nombre_de_empresa\Config\setup_precio_compra.php(31): PDO->query('SHOW COLUMNS FR...')
#1 C:\xampp\htdocs\nombre_de_empresa\Config\database.php(201): require_once('C:\\xampp\\htdocs...')
#2 C:\xampp\htdocs\nombre_de_empresa\Controllers\CreditosController.php(9): require_once('C:\\xampp\\htdocs...')
#3 {main}
[28-Sep-2026 20:20:53 America/Bogota] === INICIO SETUP PRECIO_COMPRA ===
[28-Sep-2026 20:20:53 America/Bogota] ❌ ERROR: SQLSTATE[HY000]: General error: 1 near "SHOW": syntax error
[28-Sep-2026 20:20:53 America/Bogota] Stack: #0 C:\xampp\htdocs\nombre_de_empresa\Config\setup_precio_compra.php(31): PDO->query('SHOW COLUMNS FR...')
#1 C:\xampp\htdocs\nombre_de_empresa\Config\database.php(201): require_once('C:\\xampp\\htdocs...')
#2 C:\xampp\htdocs\nombre_de_empresa\Views\inventarios.php(13): require_once('C:\\xampp\\htdocs...')
#3 {main}
[28-Sep-2026 20:20:54 America/Bogota] === INICIO SETUP PRECIO_COMPRA ===
[28-Sep-2026 20:20:54 America/Bogota] ❌ ERROR: SQLSTATE[HY000]: General error: 1 near "SHOW": syntax error
[28-Sep-2026 20:20:54 America/Bogota] Stack: #0 C:\xampp\htdocs\nombre_de_empresa\Config\setup_precio_compra.php(31): PDO->query('SHOW COLUMNS FR...')
#1 C:\xampp\htdocs\nombre_de_empresa\Config\database.php(201): require_once('C:\\xampp\\htdocs...')
#2 C:\xampp\htdocs\nombre_de_empresa\Controllers\CreditosController.php(9): require_once('C:\\xampp\\htdocs...')
#3 {main}
[28-Sep-2026 20:21:11 America/Bogota] === INICIO SETUP PRECIO_COMPRA ===
[28-Sep-2026 20:21:11 America/Bogota] ❌ ERROR: SQLSTATE[HY000]: General error: 1 near "SHOW": syntax error
[28-Sep-2026 20:21:11 America/Bogota] Stack: #0 C:\xampp\htdocs\nombre_de_empresa\Config\setup_precio_compra.php(31): PDO->query('SHOW COLUMNS FR...')
#1 C:\xampp\htdocs\nombre_de_empresa\Config\database.php(201): require_once('C:\\xampp\\htdocs...')
#2 C:\xampp\htdocs\nombre_de_empresa\Views\productos.php(10): require_once('C:\\xampp\\htdocs...')
#3 {main}
[28-Sep-2026 20:21:21 America/Bogota] === INICIO SETUP PRECIO_COMPRA ===
[28-Sep-2026 20:21:21 America/Bogota] ❌ ERROR: SQLSTATE[HY000]: General error: 1 near "SHOW": syntax error
[28-Sep-2026 20:21:21 America/Bogota] Stack: #0 C:\xampp\htdocs\nombre_de_empresa\Config\setup_precio_compra.php(31): PDO->query('SHOW COLUMNS FR...')
#1 C:\xampp\htdocs\nombre_de_empresa\Config\database.php(201): require_once('C:\\xampp\\htdocs...')
#2 C:\xampp\htdocs\nombre_de_empresa\Views\productos.php(10): require_once('C:\\xampp\\htdocs...')
#3 {main}
[28-Sep-2026 21:39:56 America/Bogota] === INICIO SETUP PRECIO_COMPRA ===
[28-Sep-2026 21:39:56 America/Bogota] ❌ ERROR: SQLSTATE[HY000]: General error: 1 near "SHOW": syntax error
[28-Sep-2026 21:39:56 America/Bogota] Stack: #0 C:\xampp\htdocs\nombre_de_empresa\Config\setup_precio_compra.php(31): PDO->query('SHOW COLUMNS FR...')
#1 C:\xampp\htdocs\nombre_de_empresa\Config\database.php(201): require_once('C:\\xampp\\htdocs...')
#2 C:\xampp\htdocs\nombre_de_empresa\Views\inventarios.php(13): require_once('C:\\xampp\\htdocs...')
#3 {main}
[28-Sep-2026 21:39:56 America/Bogota] === INICIO SETUP PRECIO_COMPRA ===
[28-Sep-2026 21:39:56 America/Bogota] ❌ ERROR: SQLSTATE[HY000]: General error: 1 near "SHOW": syntax error
[28-Sep-2026 21:39:56 America/Bogota] Stack: #0 C:\xampp\htdocs\nombre_de_empresa\Config\setup_precio_compra.php(31): PDO->query('SHOW COLUMNS FR...')
#1 C:\xampp\htdocs\nombre_de_empresa\Config\database.php(201): require_once('C:\\xampp\\htdocs...')
#2 C:\xampp\htdocs\nombre_de_empresa\Controllers\CreditosController.php(9): require_once('C:\\xampp\\htdocs...')
#3 {main}
[28-Sep-2026 21:39:56 America/Bogota] === INICIO SETUP PRECIO_COMPRA ===
[28-Sep-2026 21:39:56 America/Bogota] ❌ ERROR: SQLSTATE[HY000]: General error: 1 near "SHOW": syntax error
[28-Sep-2026 21:39:56 America/Bogota] Stack: #0 C:\xampp\htdocs\nombre_de_empresa\Config\setup_precio_compra.php(31): PDO->query('SHOW COLUMNS FR...')
#1 C:\xampp\htdocs\nombre_de_empresa\Config\database.php(201): require_once('C:\\xampp\\htdocs...')
#2 C:\xampp\htdocs\nombre_de_empresa\Controllers\CreditosController.php(9): require_once('C:\\xampp\\htdocs...')
#3 {main}
[28-Sep-2026 21:55:03 America/Bogota] === INICIO SETUP PRECIO_COMPRA ===
[28-Sep-2026 21:55:03 America/Bogota] ❌ ERROR: SQLSTATE[HY000]: General error: 1 near "SHOW": syntax error
[28-Sep-2026 21:55:03 America/Bogota] Stack: #0 C:\xampp\htdocs\nombre_de_empresa\Config\setup_precio_compra.php(31): PDO->query('SHOW COLUMNS FR...')
#1 C:\xampp\htdocs\nombre_de_empresa\Config\database.php(201): require_once('C:\\xampp\\htdocs...')
#2 C:\xampp\htdocs\nombre_de_empresa\Controllers\BaseDatosController.php(10): require_once('C:\\xampp\\htdocs...')
#3 {main}
[28-Sep-2026 21:55:04 America/Bogota] === INICIO SETUP PRECIO_COMPRA ===
[28-Sep-2026 21:55:04 America/Bogota] ❌ ERROR: SQLSTATE[HY000]: General error: 1 near "SHOW": syntax error
[28-Sep-2026 21:55:04 America/Bogota] Stack: #0 C:\xampp\htdocs\nombre_de_empresa\Config\setup_precio_compra.php(31): PDO->query('SHOW COLUMNS FR...')
#1 C:\xampp\htdocs\nombre_de_empresa\Config\database.php(201): require_once('C:\\xampp\\htdocs...')
#2 C:\xampp\htdocs\nombre_de_empresa\Controllers\CreditosController.php(9): require_once('C:\\xampp\\htdocs...')
#3 {main}
[28-Sep-2026 21:55:04 America/Bogota] ✅ Columna precio_compra creada en productos
[28-Sep-2026 21:55:06 America/Bogota] === INICIO SETUP PRECIO_COMPRA ===
[28-Sep-2026 21:55:06 America/Bogota] ❌ ERROR: SQLSTATE[HY000]: General error: 1 near "SHOW": syntax error
[28-Sep-2026 21:55:06 America/Bogota] Stack: #0 C:\xampp\htdocs\nombre_de_empresa\Config\setup_precio_compra.php(31): PDO->query('SHOW COLUMNS FR...')
#1 C:\xampp\htdocs\nombre_de_empresa\Config\database.php(201): require_once('C:\\xampp\\htdocs...')
#2 C:\xampp\htdocs\nombre_de_empresa\Views\inventarios.php(13): require_once('C:\\xampp\\htdocs...')
#3 {main}
[28-Sep-2026 21:55:06 America/Bogota] === INICIO SETUP PRECIO_COMPRA ===
[28-Sep-2026 21:55:06 America/Bogota] ❌ ERROR: SQLSTATE[HY000]: General error: 1 near "SHOW": syntax error
[28-Sep-2026 21:55:06 America/Bogota] Stack: #0 C:\xampp\htdocs\nombre_de_empresa\Config\setup_precio_compra.php(31): PDO->query('SHOW COLUMNS FR...')
#1 C:\xampp\htdocs\nombre_de_empresa\Config\database.php(201): require_once('C:\\xampp\\htdocs...')
#2 C:\xampp\htdocs\nombre_de_empresa\Controllers\CreditosController.php(9): require_once('C:\\xampp\\htdocs...')
#3 {main}
[28-Sep-2026 21:55:06 America/Bogota] === INICIO SETUP PRECIO_COMPRA ===
[28-Sep-2026 21:55:06 America/Bogota] ❌ ERROR: SQLSTATE[HY000]: General error: 1 near "SHOW": syntax error
[28-Sep-2026 21:55:06 America/Bogota] Stack: #0 C:\xampp\htdocs\nombre_de_empresa\Config\setup_precio_compra.php(31): PDO->query('SHOW COLUMNS FR...')
#1 C:\xampp\htdocs\nombre_de_empresa\Config\database.php(201): require_once('C:\\xampp\\htdocs...')
#2 C:\xampp\htdocs\nombre_de_empresa\Controllers\CreditosController.php(9): require_once('C:\\xampp\\htdocs...')
#3 {main}
[28-Sep-2026 21:55:06 America/Bogota] === INICIO SETUP PRECIO_COMPRA ===
[28-Sep-2026 21:55:06 America/Bogota] ❌ ERROR: SQLSTATE[HY000]: General error: 1 near "SHOW": syntax error
[28-Sep-2026 21:55:06 America/Bogota] Stack: #0 C:\xampp\htdocs\nombre_de_empresa\Config\setup_precio_compra.php(31): PDO->query('SHOW COLUMNS FR...')
#1 C:\xampp\htdocs\nombre_de_empresa\Config\database.php(201): require_once('C:\\xampp\\htdocs...')
#2 C:\xampp\htdocs\nombre_de_empresa\Views\inventarios.php(13): require_once('C:\\xampp\\htdocs...')
#3 {main}
[28-Sep-2026 21:55:06 America/Bogota] === INICIO SETUP PRECIO_COMPRA ===
[28-Sep-2026 21:55:06 America/Bogota] ❌ ERROR: SQLSTATE[HY000]: General error: 1 near "SHOW": syntax error
[28-Sep-2026 21:55:06 America/Bogota] Stack: #0 C:\xampp\htdocs\nombre_de_empresa\Config\setup_precio_compra.php(31): PDO->query('SHOW COLUMNS FR...')
#1 C:\xampp\htdocs\nombre_de_empresa\Config\database.php(201): require_once('C:\\xampp\\htdocs...')
#2 C:\xampp\htdocs\nombre_de_empresa\Controllers\CreditosController.php(9): require_once('C:\\xampp\\htdocs...')
#3 {main}
[28-Sep-2026 21:55:12 America/Bogota] === INICIO SETUP PRECIO_COMPRA ===
[28-Sep-2026 21:55:12 America/Bogota] ❌ ERROR: SQLSTATE[HY000]: General error: 1 near "SHOW": syntax error
[28-Sep-2026 21:55:12 America/Bogota] Stack: #0 C:\xampp\htdocs\nombre_de_empresa\Config\setup_precio_compra.php(31): PDO->query('SHOW COLUMNS FR...')
#1 C:\xampp\htdocs\nombre_de_empresa\Config\database.php(201): require_once('C:\\xampp\\htdocs...')
#2 C:\xampp\htdocs\nombre_de_empresa\Views\productos.php(10): require_once('C:\\xampp\\htdocs...')
#3 {main}
[28-Sep-2026 21:55:14 America/Bogota] === INICIO SETUP PRECIO_COMPRA ===
[28-Sep-2026 21:55:14 America/Bogota] ❌ ERROR: SQLSTATE[HY000]: General error: 1 near "SHOW": syntax error
[28-Sep-2026 21:55:14 America/Bogota] Stack: #0 C:\xampp\htdocs\nombre_de_empresa\Config\setup_precio_compra.php(31): PDO->query('SHOW COLUMNS FR...')
#1 C:\xampp\htdocs\nombre_de_empresa\Config\database.php(201): require_once('C:\\xampp\\htdocs...')
#2 C:\xampp\htdocs\nombre_de_empresa\Views\inventarios.php(13): require_once('C:\\xampp\\htdocs...')
#3 {main}
[28-Sep-2026 21:55:15 America/Bogota] === INICIO SETUP PRECIO_COMPRA ===
[28-Sep-2026 21:55:15 America/Bogota] ❌ ERROR: SQLSTATE[HY000]: General error: 1 near "SHOW": syntax error
[28-Sep-2026 21:55:15 America/Bogota] Stack: #0 C:\xampp\htdocs\nombre_de_empresa\Config\setup_precio_compra.php(31): PDO->query('SHOW COLUMNS FR...')
#1 C:\xampp\htdocs\nombre_de_empresa\Config\database.php(201): require_once('C:\\xampp\\htdocs...')
#2 C:\xampp\htdocs\nombre_de_empresa\Controllers\CreditosController.php(9): require_once('C:\\xampp\\htdocs...')
#3 {main}
[28-Sep-2026 21:55:20 America/Bogota] === INICIO SETUP PRECIO_COMPRA ===
[28-Sep-2026 21:55:20 America/Bogota] ❌ ERROR: SQLSTATE[HY000]: General error: 1 near "SHOW": syntax error
[28-Sep-2026 21:55:20 America/Bogota] Stack: #0 C:\xampp\htdocs\nombre_de_empresa\Config\setup_precio_compra.php(31): PDO->query('SHOW COLUMNS FR...')
#1 C:\xampp\htdocs\nombre_de_empresa\Config\database.php(201): require_once('C:\\xampp\\htdocs...')
#2 C:\xampp\htdocs\nombre_de_empresa\Views\productos.php(10): require_once('C:\\xampp\\htdocs...')
#3 {main}
[28-Sep-2026 21:55:23 America/Bogota] === INICIO SETUP PRECIO_COMPRA ===
[28-Sep-2026 21:55:23 America/Bogota] ❌ ERROR: SQLSTATE[HY000]: General error: 1 near "SHOW": syntax error
[28-Sep-2026 21:55:23 America/Bogota] Stack: #0 C:\xampp\htdocs\nombre_de_empresa\Config\setup_precio_compra.php(31): PDO->query('SHOW COLUMNS FR...')
#1 C:\xampp\htdocs\nombre_de_empresa\Config\database.php(201): require_once('C:\\xampp\\htdocs...')
#2 C:\xampp\htdocs\nombre_de_empresa\Views\productos.php(10): require_once('C:\\xampp\\htdocs...')
#3 {main}
[28-Sep-2026 21:55:23 America/Bogota] === INICIO SETUP PRECIO_COMPRA ===
[28-Sep-2026 21:55:23 America/Bogota] ❌ ERROR: SQLSTATE[HY000]: General error: 1 near "SHOW": syntax error
[28-Sep-2026 21:55:23 America/Bogota] Stack: #0 C:\xampp\htdocs\nombre_de_empresa\Config\setup_precio_compra.php(31): PDO->query('SHOW COLUMNS FR...')
#1 C:\xampp\htdocs\nombre_de_empresa\Config\database.php(201): require_once('C:\\xampp\\htdocs...')
#2 C:\xampp\htdocs\nombre_de_empresa\Controllers\CreditosController.php(9): require_once('C:\\xampp\\htdocs...')
#3 {main}
[28-Sep-2026 21:56:45 America/Bogota] === INICIO SETUP PRECIO_COMPRA ===
[28-Sep-2026 21:56:45 America/Bogota] ❌ ERROR: SQLSTATE[HY000]: General error: 1 near "SHOW": syntax error
[28-Sep-2026 21:56:45 America/Bogota] Stack: #0 C:\xampp\htdocs\nombre_de_empresa\Config\setup_precio_compra.php(31): PDO->query('SHOW COLUMNS FR...')
#1 C:\xampp\htdocs\nombre_de_empresa\Config\database.php(201): require_once('C:\\xampp\\htdocs...')
#2 C:\xampp\htdocs\nombre_de_empresa\Controllers\CreditosController.php(9): require_once('C:\\xampp\\htdocs...')
#3 {main}
[28-Sep-2026 21:56:45 America/Bogota] === INICIO SETUP PRECIO_COMPRA ===
[28-Sep-2026 21:56:45 America/Bogota] ❌ ERROR: SQLSTATE[HY000]: General error: 1 near "SHOW": syntax error
[28-Sep-2026 21:56:45 America/Bogota] Stack: #0 C:\xampp\htdocs\nombre_de_empresa\Config\setup_precio_compra.php(31): PDO->query('SHOW COLUMNS FR...')
#1 C:\xampp\htdocs\nombre_de_empresa\Config\database.php(201): require_once('C:\\xampp\\htdocs...')
#2 C:\xampp\htdocs\nombre_de_empresa\Views\productos.php(10): require_once('C:\\xampp\\htdocs...')
#3 {main}
[28-Sep-2026 21:56:47 America/Bogota] === INICIO SETUP PRECIO_COMPRA ===
[28-Sep-2026 21:56:47 America/Bogota] ❌ ERROR: SQLSTATE[HY000]: General error: 1 near "SHOW": syntax error
[28-Sep-2026 21:56:47 America/Bogota] Stack: #0 C:\xampp\htdocs\nombre_de_empresa\Config\setup_precio_compra.php(31): PDO->query('SHOW COLUMNS FR...')
#1 C:\xampp\htdocs\nombre_de_empresa\Config\database.php(201): require_once('C:\\xampp\\htdocs...')
#2 C:\xampp\htdocs\nombre_de_empresa\Controllers\CreditosController.php(9): require_once('C:\\xampp\\htdocs...')
#3 {main}
[28-Sep-2026 21:56:47 America/Bogota] === INICIO SETUP PRECIO_COMPRA ===
[28-Sep-2026 21:56:47 America/Bogota] ❌ ERROR: SQLSTATE[HY000]: General error: 1 near "SHOW": syntax error
[28-Sep-2026 21:56:47 America/Bogota] Stack: #0 C:\xampp\htdocs\nombre_de_empresa\Config\setup_precio_compra.php(31): PDO->query('SHOW COLUMNS FR...')
#1 C:\xampp\htdocs\nombre_de_empresa\Config\database.php(201): require_once('C:\\xampp\\htdocs...')
#2 C:\xampp\htdocs\nombre_de_empresa\Views\productos.php(10): require_once('C:\\xampp\\htdocs...')
#3 {main}
[28-Sep-2026 21:56:48 America/Bogota] === INICIO SETUP PRECIO_COMPRA ===
[28-Sep-2026 21:56:48 America/Bogota] ❌ ERROR: SQLSTATE[HY000]: General error: 1 near "SHOW": syntax error
[28-Sep-2026 21:56:48 America/Bogota] Stack: #0 C:\xampp\htdocs\nombre_de_empresa\Config\setup_precio_compra.php(31): PDO->query('SHOW COLUMNS FR...')
#1 C:\xampp\htdocs\nombre_de_empresa\Config\database.php(201): require_once('C:\\xampp\\htdocs...')
#2 C:\xampp\htdocs\nombre_de_empresa\Controllers\CreditosController.php(9): require_once('C:\\xampp\\htdocs...')
#3 {main}
[28-Sep-2026 21:56:48 America/Bogota] === INICIO SETUP PRECIO_COMPRA ===
[28-Sep-2026 21:56:48 America/Bogota] ❌ ERROR: SQLSTATE[HY000]: General error: 1 near "SHOW": syntax error
[28-Sep-2026 21:56:48 America/Bogota] Stack: #0 C:\xampp\htdocs\nombre_de_empresa\Config\setup_precio_compra.php(31): PDO->query('SHOW COLUMNS FR...')
#1 C:\xampp\htdocs\nombre_de_empresa\Config\database.php(201): require_once('C:\\xampp\\htdocs...')
#2 C:\xampp\htdocs\nombre_de_empresa\Views\productos.php(10): require_once('C:\\xampp\\htdocs...')
#3 {main}
[28-Sep-2026 21:56:48 America/Bogota] === INICIO SETUP PRECIO_COMPRA ===
[28-Sep-2026 21:56:48 America/Bogota] ❌ ERROR: SQLSTATE[HY000]: General error: 1 near "SHOW": syntax error
[28-Sep-2026 21:56:48 America/Bogota] Stack: #0 C:\xampp\htdocs\nombre_de_empresa\Config\setup_precio_compra.php(31): PDO->query('SHOW COLUMNS FR...')
#1 C:\xampp\htdocs\nombre_de_empresa\Config\database.php(201): require_once('C:\\xampp\\htdocs...')
#2 C:\xampp\htdocs\nombre_de_empresa\Controllers\CreditosController.php(9): require_once('C:\\xampp\\htdocs...')
#3 {main}
[28-Sep-2026 21:56:48 America/Bogota] === INICIO SETUP PRECIO_COMPRA ===
[28-Sep-2026 21:56:48 America/Bogota] ❌ ERROR: SQLSTATE[HY000]: General error: 1 near "SHOW": syntax error
[28-Sep-2026 21:56:48 America/Bogota] Stack: #0 C:\xampp\htdocs\nombre_de_empresa\Config\setup_precio_compra.php(31): PDO->query('SHOW COLUMNS FR...')
#1 C:\xampp\htdocs\nombre_de_empresa\Config\database.php(201): require_once('C:\\xampp\\htdocs...')
#2 C:\xampp\htdocs\nombre_de_empresa\Views\productos.php(10): require_once('C:\\xampp\\htdocs...')
#3 {main}
[28-Sep-2026 21:56:48 America/Bogota] === INICIO SETUP PRECIO_COMPRA ===
[28-Sep-2026 21:56:48 America/Bogota] ❌ ERROR: SQLSTATE[HY000]: General error: 1 near "SHOW": syntax error
[28-Sep-2026 21:56:48 America/Bogota] Stack: #0 C:\xampp\htdocs\nombre_de_empresa\Config\setup_precio_compra.php(31): PDO->query('SHOW COLUMNS FR...')
#1 C:\xampp\htdocs\nombre_de_empresa\Config\database.php(201): require_once('C:\\xampp\\htdocs...')
#2 C:\xampp\htdocs\nombre_de_empresa\Controllers\CreditosController.php(9): require_once('C:\\xampp\\htdocs...')
#3 {main}
[28-Sep-2026 21:56:48 America/Bogota] === INICIO SETUP PRECIO_COMPRA ===
[28-Sep-2026 21:56:48 America/Bogota] ❌ ERROR: SQLSTATE[HY000]: General error: 1 near "SHOW": syntax error
[28-Sep-2026 21:56:48 America/Bogota] Stack: #0 C:\xampp\htdocs\nombre_de_empresa\Config\setup_precio_compra.php(31): PDO->query('SHOW COLUMNS FR...')
#1 C:\xampp\htdocs\nombre_de_empresa\Config\database.php(201): require_once('C:\\xampp\\htdocs...')
#2 C:\xampp\htdocs\nombre_de_empresa\Views\productos.php(10): require_once('C:\\xampp\\htdocs...')
#3 {main}
[28-Sep-2026 21:56:51 America/Bogota] === INICIO SETUP PRECIO_COMPRA ===
[28-Sep-2026 21:56:51 America/Bogota] ❌ ERROR: SQLSTATE[HY000]: General error: 1 near "SHOW": syntax error
[28-Sep-2026 21:56:51 America/Bogota] Stack: #0 C:\xampp\htdocs\nombre_de_empresa\Config\setup_precio_compra.php(31): PDO->query('SHOW COLUMNS FR...')
#1 C:\xampp\htdocs\nombre_de_empresa\Config\database.php(201): require_once('C:\\xampp\\htdocs...')
#2 C:\xampp\htdocs\nombre_de_empresa\Controllers\CreditosController.php(9): require_once('C:\\xampp\\htdocs...')
#3 {main}
[28-Sep-2026 21:56:51 America/Bogota] === INICIO SETUP PRECIO_COMPRA ===
[28-Sep-2026 21:56:51 America/Bogota] ❌ ERROR: SQLSTATE[HY000]: General error: 1 near "SHOW": syntax error
[28-Sep-2026 21:56:51 America/Bogota] Stack: #0 C:\xampp\htdocs\nombre_de_empresa\Config\setup_precio_compra.php(31): PDO->query('SHOW COLUMNS FR...')
#1 C:\xampp\htdocs\nombre_de_empresa\Config\database.php(201): require_once('C:\\xampp\\htdocs...')
#2 C:\xampp\htdocs\nombre_de_empresa\Views\productos.php(10): require_once('C:\\xampp\\htdocs...')
#3 {main}
[28-Sep-2026 21:56:51 America/Bogota] === INICIO SETUP PRECIO_COMPRA ===
[28-Sep-2026 21:56:51 America/Bogota] ❌ ERROR: SQLSTATE[HY000]: General error: 1 near "SHOW": syntax error
[28-Sep-2026 21:56:51 America/Bogota] Stack: #0 C:\xampp\htdocs\nombre_de_empresa\Config\setup_precio_compra.php(31): PDO->query('SHOW COLUMNS FR...')
#1 C:\xampp\htdocs\nombre_de_empresa\Config\database.php(201): require_once('C:\\xampp\\htdocs...')
#2 C:\xampp\htdocs\nombre_de_empresa\Controllers\CreditosController.php(9): require_once('C:\\xampp\\htdocs...')
#3 {main}
[28-Sep-2026 21:56:51 America/Bogota] === INICIO SETUP PRECIO_COMPRA ===
[28-Sep-2026 21:56:51 America/Bogota] ❌ ERROR: SQLSTATE[HY000]: General error: 1 near "SHOW": syntax error
[28-Sep-2026 21:56:51 America/Bogota] Stack: #0 C:\xampp\htdocs\nombre_de_empresa\Config\setup_precio_compra.php(31): PDO->query('SHOW COLUMNS FR...')
#1 C:\xampp\htdocs\nombre_de_empresa\Config\database.php(201): require_once('C:\\xampp\\htdocs...')
#2 C:\xampp\htdocs\nombre_de_empresa\Views\productos.php(10): require_once('C:\\xampp\\htdocs...')
#3 {main}
[28-Sep-2026 21:56:51 America/Bogota] === INICIO SETUP PRECIO_COMPRA ===
[28-Sep-2026 21:56:51 America/Bogota] ❌ ERROR: SQLSTATE[HY000]: General error: 1 near "SHOW": syntax error
[28-Sep-2026 21:56:51 America/Bogota] Stack: #0 C:\xampp\htdocs\nombre_de_empresa\Config\setup_precio_compra.php(31): PDO->query('SHOW COLUMNS FR...')
#1 C:\xampp\htdocs\nombre_de_empresa\Config\database.php(201): require_once('C:\\xampp\\htdocs...')
#2 C:\xampp\htdocs\nombre_de_empresa\Controllers\CreditosController.php(9): require_once('C:\\xampp\\htdocs...')
#3 {main}
[28-Sep-2026 21:56:51 America/Bogota] === INICIO SETUP PRECIO_COMPRA ===
[28-Sep-2026 21:56:51 America/Bogota] ❌ ERROR: SQLSTATE[HY000]: General error: 1 near "SHOW": syntax error
[28-Sep-2026 21:56:51 America/Bogota] Stack: #0 C:\xampp\htdocs\nombre_de_empresa\Config\setup_precio_compra.php(31): PDO->query('SHOW COLUMNS FR...')
#1 C:\xampp\htdocs\nombre_de_empresa\Config\database.php(201): require_once('C:\\xampp\\htdocs...')
#2 C:\xampp\htdocs\nombre_de_empresa\Views\productos.php(10): require_once('C:\\xampp\\htdocs...')
#3 {main}
[28-Sep-2026 21:56:55 America/Bogota] === INICIO SETUP PRECIO_COMPRA ===
[28-Sep-2026 21:56:55 America/Bogota] ❌ ERROR: SQLSTATE[HY000]: General error: 1 near "SHOW": syntax error
[28-Sep-2026 21:56:55 America/Bogota] Stack: #0 C:\xampp\htdocs\nombre_de_empresa\Config\setup_precio_compra.php(31): PDO->query('SHOW COLUMNS FR...')
#1 C:\xampp\htdocs\nombre_de_empresa\Config\database.php(201): require_once('C:\\xampp\\htdocs...')
#2 C:\xampp\htdocs\nombre_de_empresa\Views\inventarios.php(13): require_once('C:\\xampp\\htdocs...')
#3 {main}
[28-Sep-2026 21:56:55 America/Bogota] === INICIO SETUP PRECIO_COMPRA ===
[28-Sep-2026 21:56:55 America/Bogota] ❌ ERROR: SQLSTATE[HY000]: General error: 1 near "SHOW": syntax error
[28-Sep-2026 21:56:55 America/Bogota] Stack: #0 C:\xampp\htdocs\nombre_de_empresa\Config\setup_precio_compra.php(31): PDO->query('SHOW COLUMNS FR...')
#1 C:\xampp\htdocs\nombre_de_empresa\Config\database.php(201): require_once('C:\\xampp\\htdocs...')
#2 C:\xampp\htdocs\nombre_de_empresa\Controllers\CreditosController.php(9): require_once('C:\\xampp\\htdocs...')
#3 {main}
[28-Sep-2026 21:57:00 America/Bogota] === INICIO SETUP PRECIO_COMPRA ===
[28-Sep-2026 21:57:00 America/Bogota] ❌ ERROR: SQLSTATE[HY000]: General error: 1 near "SHOW": syntax error
[28-Sep-2026 21:57:00 America/Bogota] Stack: #0 C:\xampp\htdocs\nombre_de_empresa\Config\setup_precio_compra.php(31): PDO->query('SHOW COLUMNS FR...')
#1 C:\xampp\htdocs\nombre_de_empresa\Config\database.php(201): require_once('C:\\xampp\\htdocs...')
#2 C:\xampp\htdocs\nombre_de_empresa\Views\productos.php(10): require_once('C:\\xampp\\htdocs...')
#3 {main}
[28-Sep-2026 21:57:57 America/Bogota] === INICIO SETUP PRECIO_COMPRA ===
[28-Sep-2026 21:57:57 America/Bogota] ❌ ERROR: SQLSTATE[HY000]: General error: 1 near "SHOW": syntax error
[28-Sep-2026 21:57:57 America/Bogota] Stack: #0 C:\xampp\htdocs\nombre_de_empresa\Config\setup_precio_compra.php(31): PDO->query('SHOW COLUMNS FR...')
#1 C:\xampp\htdocs\nombre_de_empresa\Config\database.php(201): require_once('C:\\xampp\\htdocs...')
#2 C:\xampp\htdocs\nombre_de_empresa\Controllers\BaseDatosController.php(10): require_once('C:\\xampp\\htdocs...')
#3 {main}
[28-Sep-2026 21:57:58 America/Bogota] === INICIO SETUP PRECIO_COMPRA ===
[28-Sep-2026 21:57:58 America/Bogota] ❌ ERROR: SQLSTATE[HY000]: General error: 1 near "SHOW": syntax error
[28-Sep-2026 21:57:58 America/Bogota] Stack: #0 C:\xampp\htdocs\nombre_de_empresa\Config\setup_precio_compra.php(31): PDO->query('SHOW COLUMNS FR...')
#1 C:\xampp\htdocs\nombre_de_empresa\Config\database.php(201): require_once('C:\\xampp\\htdocs...')
#2 C:\xampp\htdocs\nombre_de_empresa\Controllers\CreditosController.php(9): require_once('C:\\xampp\\htdocs...')
#3 {main}
[28-Sep-2026 21:57:58 America/Bogota] ✅ Columna precio_compra creada en productos
[28-Sep-2026 21:58:01 America/Bogota] === INICIO SETUP PRECIO_COMPRA ===
[28-Sep-2026 21:58:01 America/Bogota] ❌ ERROR: SQLSTATE[HY000]: General error: 1 near "SHOW": syntax error
[28-Sep-2026 21:58:01 America/Bogota] Stack: #0 C:\xampp\htdocs\nombre_de_empresa\Config\setup_precio_compra.php(31): PDO->query('SHOW COLUMNS FR...')
#1 C:\xampp\htdocs\nombre_de_empresa\Config\database.php(201): require_once('C:\\xampp\\htdocs...')
#2 C:\xampp\htdocs\nombre_de_empresa\Views\productos.php(10): require_once('C:\\xampp\\htdocs...')
#3 {main}
[28-Sep-2026 21:58:03 America/Bogota] === INICIO SETUP PRECIO_COMPRA ===
[28-Sep-2026 21:58:03 America/Bogota] ❌ ERROR: SQLSTATE[HY000]: General error: 1 near "SHOW": syntax error
[28-Sep-2026 21:58:03 America/Bogota] Stack: #0 C:\xampp\htdocs\nombre_de_empresa\Config\setup_precio_compra.php(31): PDO->query('SHOW COLUMNS FR...')
#1 C:\xampp\htdocs\nombre_de_empresa\Config\database.php(201): require_once('C:\\xampp\\htdocs...')
#2 C:\xampp\htdocs\nombre_de_empresa\Views\inventarios.php(13): require_once('C:\\xampp\\htdocs...')
#3 {main}
[28-Sep-2026 21:58:04 America/Bogota] === INICIO SETUP PRECIO_COMPRA ===
[28-Sep-2026 21:58:04 America/Bogota] ❌ ERROR: SQLSTATE[HY000]: General error: 1 near "SHOW": syntax error
[28-Sep-2026 21:58:04 America/Bogota] Stack: #0 C:\xampp\htdocs\nombre_de_empresa\Config\setup_precio_compra.php(31): PDO->query('SHOW COLUMNS FR...')
#1 C:\xampp\htdocs\nombre_de_empresa\Config\database.php(201): require_once('C:\\xampp\\htdocs...')
#2 C:\xampp\htdocs\nombre_de_empresa\Controllers\CreditosController.php(9): require_once('C:\\xampp\\htdocs...')
#3 {main}
[28-Sep-2026 21:58:13 America/Bogota] === INICIO SETUP PRECIO_COMPRA ===
[28-Sep-2026 21:58:13 America/Bogota] ❌ ERROR: SQLSTATE[HY000]: General error: 1 near "SHOW": syntax error
[28-Sep-2026 21:58:13 America/Bogota] Stack: #0 C:\xampp\htdocs\nombre_de_empresa\Config\setup_precio_compra.php(31): PDO->query('SHOW COLUMNS FR...')
#1 C:\xampp\htdocs\nombre_de_empresa\Config\database.php(201): require_once('C:\\xampp\\htdocs...')
#2 C:\xampp\htdocs\nombre_de_empresa\Views\productos.php(10): require_once('C:\\xampp\\htdocs...')
#3 {main}
[28-Sep-2026 21:58:16 America/Bogota] === INICIO SETUP PRECIO_COMPRA ===
[28-Sep-2026 21:58:16 America/Bogota] ❌ ERROR: SQLSTATE[HY000]: General error: 1 near "SHOW": syntax error
[28-Sep-2026 21:58:16 America/Bogota] Stack: #0 C:\xampp\htdocs\nombre_de_empresa\Config\setup_precio_compra.php(31): PDO->query('SHOW COLUMNS FR...')
#1 C:\xampp\htdocs\nombre_de_empresa\Config\database.php(201): require_once('C:\\xampp\\htdocs...')
#2 C:\xampp\htdocs\nombre_de_empresa\Controllers\CreditosController.php(9): require_once('C:\\xampp\\htdocs...')
#3 {main}
[28-Sep-2026 21:58:16 America/Bogota] === INICIO SETUP PRECIO_COMPRA ===
[28-Sep-2026 21:58:16 America/Bogota] ❌ ERROR: SQLSTATE[HY000]: General error: 1 near "SHOW": syntax error
[28-Sep-2026 21:58:16 America/Bogota] Stack: #0 C:\xampp\htdocs\nombre_de_empresa\Config\setup_precio_compra.php(31): PDO->query('SHOW COLUMNS FR...')
#1 C:\xampp\htdocs\nombre_de_empresa\Config\database.php(201): require_once('C:\\xampp\\htdocs...')
#2 C:\xampp\htdocs\nombre_de_empresa\Views\productos.php(10): require_once('C:\\xampp\\htdocs...')
#3 {main}
[28-Sep-2026 21:58:21 America/Bogota] === INICIO SETUP PRECIO_COMPRA ===
[28-Sep-2026 21:58:21 America/Bogota] ❌ ERROR: SQLSTATE[HY000]: General error: 1 near "SHOW": syntax error
[28-Sep-2026 21:58:21 America/Bogota] Stack: #0 C:\xampp\htdocs\nombre_de_empresa\Config\setup_precio_compra.php(31): PDO->query('SHOW COLUMNS FR...')
#1 C:\xampp\htdocs\nombre_de_empresa\Config\database.php(201): require_once('C:\\xampp\\htdocs...')
#2 C:\xampp\htdocs\nombre_de_empresa\Controllers\CreditosController.php(9): require_once('C:\\xampp\\htdocs...')
#3 {main}
[28-Sep-2026 21:58:21 America/Bogota] === INICIO SETUP PRECIO_COMPRA ===
[28-Sep-2026 21:58:21 America/Bogota] ❌ ERROR: SQLSTATE[HY000]: General error: 1 near "SHOW": syntax error
[28-Sep-2026 21:58:21 America/Bogota] Stack: #0 C:\xampp\htdocs\nombre_de_empresa\Config\setup_precio_compra.php(31): PDO->query('SHOW COLUMNS FR...')
#1 C:\xampp\htdocs\nombre_de_empresa\Config\database.php(201): require_once('C:\\xampp\\htdocs...')
#2 C:\xampp\htdocs\nombre_de_empresa\Views\productos.php(10): require_once('C:\\xampp\\htdocs...')
#3 {main}
[28-Sep-2026 21:58:22 America/Bogota] === INICIO SETUP PRECIO_COMPRA ===
[28-Sep-2026 21:58:22 America/Bogota] ❌ ERROR: SQLSTATE[HY000]: General error: 1 near "SHOW": syntax error
[28-Sep-2026 21:58:22 America/Bogota] Stack: #0 C:\xampp\htdocs\nombre_de_empresa\Config\setup_precio_compra.php(31): PDO->query('SHOW COLUMNS FR...')
#1 C:\xampp\htdocs\nombre_de_empresa\Config\database.php(201): require_once('C:\\xampp\\htdocs...')
#2 C:\xampp\htdocs\nombre_de_empresa\Controllers\CreditosController.php(9): require_once('C:\\xampp\\htdocs...')
#3 {main}
[28-Sep-2026 21:58:22 America/Bogota] === INICIO SETUP PRECIO_COMPRA ===
[28-Sep-2026 21:58:22 America/Bogota] ❌ ERROR: SQLSTATE[HY000]: General error: 1 near "SHOW": syntax error
[28-Sep-2026 21:58:22 America/Bogota] Stack: #0 C:\xampp\htdocs\nombre_de_empresa\Config\setup_precio_compra.php(31): PDO->query('SHOW COLUMNS FR...')
#1 C:\xampp\htdocs\nombre_de_empresa\Config\database.php(201): require_once('C:\\xampp\\htdocs...')
#2 C:\xampp\htdocs\nombre_de_empresa\Views\productos.php(10): require_once('C:\\xampp\\htdocs...')
#3 {main}
[28-Sep-2026 21:58:24 America/Bogota] === INICIO SETUP PRECIO_COMPRA ===
[28-Sep-2026 21:58:24 America/Bogota] ❌ ERROR: SQLSTATE[HY000]: General error: 1 near "SHOW": syntax error
[28-Sep-2026 21:58:24 America/Bogota] Stack: #0 C:\xampp\htdocs\nombre_de_empresa\Config\setup_precio_compra.php(31): PDO->query('SHOW COLUMNS FR...')
#1 C:\xampp\htdocs\nombre_de_empresa\Config\database.php(201): require_once('C:\\xampp\\htdocs...')
#2 C:\xampp\htdocs\nombre_de_empresa\Views\inventarios.php(13): require_once('C:\\xampp\\htdocs...')
#3 {main}
[28-Sep-2026 21:58:24 America/Bogota] === INICIO SETUP PRECIO_COMPRA ===
[28-Sep-2026 21:58:24 America/Bogota] ❌ ERROR: SQLSTATE[HY000]: General error: 1 near "SHOW": syntax error
[28-Sep-2026 21:58:24 America/Bogota] Stack: #0 C:\xampp\htdocs\nombre_de_empresa\Config\setup_precio_compra.php(31): PDO->query('SHOW COLUMNS FR...')
#1 C:\xampp\htdocs\nombre_de_empresa\Config\database.php(201): require_once('C:\\xampp\\htdocs...')
#2 C:\xampp\htdocs\nombre_de_empresa\Controllers\CreditosController.php(9): require_once('C:\\xampp\\htdocs...')
#3 {main}
[28-Sep-2026 21:58:33 America/Bogota] === INICIO SETUP PRECIO_COMPRA ===
[28-Sep-2026 21:58:33 America/Bogota] ❌ ERROR: SQLSTATE[HY000]: General error: 1 near "SHOW": syntax error
[28-Sep-2026 21:58:33 America/Bogota] Stack: #0 C:\xampp\htdocs\nombre_de_empresa\Config\setup_precio_compra.php(31): PDO->query('SHOW COLUMNS FR...')
#1 C:\xampp\htdocs\nombre_de_empresa\Config\database.php(201): require_once('C:\\xampp\\htdocs...')
#2 C:\xampp\htdocs\nombre_de_empresa\Controllers\BaseDatosController.php(10): require_once('C:\\xampp\\htdocs...')
#3 {main}
[28-Sep-2026 21:58:34 America/Bogota] === INICIO SETUP PRECIO_COMPRA ===
[28-Sep-2026 21:58:34 America/Bogota] ❌ ERROR: SQLSTATE[HY000]: General error: 1 near "SHOW": syntax error
[28-Sep-2026 21:58:34 America/Bogota] Stack: #0 C:\xampp\htdocs\nombre_de_empresa\Config\setup_precio_compra.php(31): PDO->query('SHOW COLUMNS FR...')
#1 C:\xampp\htdocs\nombre_de_empresa\Config\database.php(201): require_once('C:\\xampp\\htdocs...')
#2 C:\xampp\htdocs\nombre_de_empresa\Controllers\CreditosController.php(9): require_once('C:\\xampp\\htdocs...')
#3 {main}
[28-Sep-2026 21:58:34 America/Bogota] ✅ Columna precio_compra creada en productos
[28-Sep-2026 21:58:37 America/Bogota] === INICIO SETUP PRECIO_COMPRA ===
[28-Sep-2026 21:58:37 America/Bogota] ❌ ERROR: SQLSTATE[HY000]: General error: 1 near "SHOW": syntax error
[28-Sep-2026 21:58:37 America/Bogota] Stack: #0 C:\xampp\htdocs\nombre_de_empresa\Config\setup_precio_compra.php(31): PDO->query('SHOW COLUMNS FR...')
#1 C:\xampp\htdocs\nombre_de_empresa\Config\database.php(201): require_once('C:\\xampp\\htdocs...')
#2 C:\xampp\htdocs\nombre_de_empresa\Controllers\CreditosController.php(9): require_once('C:\\xampp\\htdocs...')
#3 {main}
[28-Sep-2026 21:58:38 America/Bogota] === INICIO SETUP PRECIO_COMPRA ===
[28-Sep-2026 21:58:38 America/Bogota] ❌ ERROR: SQLSTATE[HY000]: General error: 1 near "SHOW": syntax error
[28-Sep-2026 21:58:38 America/Bogota] Stack: #0 C:\xampp\htdocs\nombre_de_empresa\Config\setup_precio_compra.php(31): PDO->query('SHOW COLUMNS FR...')
#1 C:\xampp\htdocs\nombre_de_empresa\Config\database.php(201): require_once('C:\\xampp\\htdocs...')
#2 C:\xampp\htdocs\nombre_de_empresa\Views\productos.php(10): require_once('C:\\xampp\\htdocs...')
#3 {main}
[28-Sep-2026 21:58:45 America/Bogota] === INICIO SETUP PRECIO_COMPRA ===
[28-Sep-2026 21:58:45 America/Bogota] ❌ ERROR: SQLSTATE[HY000]: General error: 1 near "SHOW": syntax error
[28-Sep-2026 21:58:45 America/Bogota] Stack: #0 C:\xampp\htdocs\nombre_de_empresa\Config\setup_precio_compra.php(31): PDO->query('SHOW COLUMNS FR...')
#1 C:\xampp\htdocs\nombre_de_empresa\Config\database.php(201): require_once('C:\\xampp\\htdocs...')
#2 C:\xampp\htdocs\nombre_de_empresa\Views\inventarios.php(13): require_once('C:\\xampp\\htdocs...')
#3 {main}
[28-Sep-2026 21:58:46 America/Bogota] === INICIO SETUP PRECIO_COMPRA ===
[28-Sep-2026 21:58:46 America/Bogota] ❌ ERROR: SQLSTATE[HY000]: General error: 1 near "SHOW": syntax error
[28-Sep-2026 21:58:46 America/Bogota] Stack: #0 C:\xampp\htdocs\nombre_de_empresa\Config\setup_precio_compra.php(31): PDO->query('SHOW COLUMNS FR...')
#1 C:\xampp\htdocs\nombre_de_empresa\Config\database.php(201): require_once('C:\\xampp\\htdocs...')
#2 C:\xampp\htdocs\nombre_de_empresa\Controllers\CreditosController.php(9): require_once('C:\\xampp\\htdocs...')
#3 {main}
[28-Sep-2026 21:58:49 America/Bogota] === INICIO SETUP PRECIO_COMPRA ===
[28-Sep-2026 21:58:49 America/Bogota] ❌ ERROR: SQLSTATE[HY000]: General error: 1 near "SHOW": syntax error
[28-Sep-2026 21:58:49 America/Bogota] Stack: #0 C:\xampp\htdocs\nombre_de_empresa\Config\setup_precio_compra.php(31): PDO->query('SHOW COLUMNS FR...')
#1 C:\xampp\htdocs\nombre_de_empresa\Config\database.php(201): require_once('C:\\xampp\\htdocs...')
#2 C:\xampp\htdocs\nombre_de_empresa\Views\inventarios.php(13): require_once('C:\\xampp\\htdocs...')
#3 {main}
[28-Sep-2026 21:58:49 America/Bogota] === INICIO SETUP PRECIO_COMPRA ===
[28-Sep-2026 21:58:49 America/Bogota] ❌ ERROR: SQLSTATE[HY000]: General error: 1 near "SHOW": syntax error
[28-Sep-2026 21:58:49 America/Bogota] Stack: #0 C:\xampp\htdocs\nombre_de_empresa\Config\setup_precio_compra.php(31): PDO->query('SHOW COLUMNS FR...')
#1 C:\xampp\htdocs\nombre_de_empresa\Config\database.php(201): require_once('C:\\xampp\\htdocs...')
#2 C:\xampp\htdocs\nombre_de_empresa\Controllers\CreditosController.php(9): require_once('C:\\xampp\\htdocs...')
#3 {main}
[28-Sep-2026 21:59:13 America/Bogota] === INICIO SETUP PRECIO_COMPRA ===
[28-Sep-2026 21:59:13 America/Bogota] ❌ ERROR: SQLSTATE[HY000]: General error: 1 near "SHOW": syntax error
[28-Sep-2026 21:59:13 America/Bogota] Stack: #0 C:\xampp\htdocs\nombre_de_empresa\Config\setup_precio_compra.php(31): PDO->query('SHOW COLUMNS FR...')
#1 C:\xampp\htdocs\nombre_de_empresa\Config\database.php(201): require_once('C:\\xampp\\htdocs...')
#2 C:\xampp\htdocs\nombre_de_empresa\Controllers\CreditosController.php(9): require_once('C:\\xampp\\htdocs...')
#3 {main}
[28-Sep-2026 21:59:13 America/Bogota] === INICIO SETUP PRECIO_COMPRA ===
[28-Sep-2026 21:59:13 America/Bogota] ❌ ERROR: SQLSTATE[HY000]: General error: 1 near "SHOW": syntax error
[28-Sep-2026 21:59:13 America/Bogota] Stack: #0 C:\xampp\htdocs\nombre_de_empresa\Config\setup_precio_compra.php(31): PDO->query('SHOW COLUMNS FR...')
#1 C:\xampp\htdocs\nombre_de_empresa\Config\database.php(201): require_once('C:\\xampp\\htdocs...')
#2 C:\xampp\htdocs\nombre_de_empresa\Views\productos.php(10): require_once('C:\\xampp\\htdocs...')
#3 {main}
[28-Sep-2026 21:59:15 America/Bogota] === INICIO SETUP PRECIO_COMPRA ===
[28-Sep-2026 21:59:15 America/Bogota] ❌ ERROR: SQLSTATE[HY000]: General error: 1 near "SHOW": syntax error
[28-Sep-2026 21:59:15 America/Bogota] Stack: #0 C:\xampp\htdocs\nombre_de_empresa\Config\setup_precio_compra.php(31): PDO->query('SHOW COLUMNS FR...')
#1 C:\xampp\htdocs\nombre_de_empresa\Config\database.php(201): require_once('C:\\xampp\\htdocs...')
#2 C:\xampp\htdocs\nombre_de_empresa\Controllers\CreditosController.php(9): require_once('C:\\xampp\\htdocs...')
#3 {main}
[28-Sep-2026 21:59:15 America/Bogota] === INICIO SETUP PRECIO_COMPRA ===
[28-Sep-2026 21:59:15 America/Bogota] ❌ ERROR: SQLSTATE[HY000]: General error: 1 near "SHOW": syntax error
[28-Sep-2026 21:59:15 America/Bogota] Stack: #0 C:\xampp\htdocs\nombre_de_empresa\Config\setup_precio_compra.php(31): PDO->query('SHOW COLUMNS FR...')
#1 C:\xampp\htdocs\nombre_de_empresa\Config\database.php(201): require_once('C:\\xampp\\htdocs...')
#2 C:\xampp\htdocs\nombre_de_empresa\Views\productos.php(10): require_once('C:\\xampp\\htdocs...')
#3 {main}
[28-Sep-2026 21:59:32 America/Bogota] === INICIO SETUP PRECIO_COMPRA ===
[28-Sep-2026 21:59:32 America/Bogota] ❌ ERROR: SQLSTATE[HY000]: General error: 1 near "SHOW": syntax error
[28-Sep-2026 21:59:32 America/Bogota] Stack: #0 C:\xampp\htdocs\nombre_de_empresa\Config\setup_precio_compra.php(31): PDO->query('SHOW COLUMNS FR...')
#1 C:\xampp\htdocs\nombre_de_empresa\Config\database.php(201): require_once('C:\\xampp\\htdocs...')
#2 C:\xampp\htdocs\nombre_de_empresa\Controllers\CreditosController.php(9): require_once('C:\\xampp\\htdocs...')
#3 {main}
[28-Sep-2026 21:59:32 America/Bogota] === INICIO SETUP PRECIO_COMPRA ===
[28-Sep-2026 21:59:32 America/Bogota] ❌ ERROR: SQLSTATE[HY000]: General error: 1 near "SHOW": syntax error
[28-Sep-2026 21:59:32 America/Bogota] Stack: #0 C:\xampp\htdocs\nombre_de_empresa\Config\setup_precio_compra.php(31): PDO->query('SHOW COLUMNS FR...')
#1 C:\xampp\htdocs\nombre_de_empresa\Config\database.php(201): require_once('C:\\xampp\\htdocs...')
#2 C:\xampp\htdocs\nombre_de_empresa\Views\productos.php(10): require_once('C:\\xampp\\htdocs...')
#3 {main}
[28-Sep-2026 21:59:32 America/Bogota] === INICIO SETUP PRECIO_COMPRA ===
[28-Sep-2026 21:59:32 America/Bogota] ❌ ERROR: SQLSTATE[HY000]: General error: 1 near "SHOW": syntax error
[28-Sep-2026 21:59:32 America/Bogota] Stack: #0 C:\xampp\htdocs\nombre_de_empresa\Config\setup_precio_compra.php(31): PDO->query('SHOW COLUMNS FR...')
#1 C:\xampp\htdocs\nombre_de_empresa\Config\database.php(201): require_once('C:\\xampp\\htdocs...')
#2 C:\xampp\htdocs\nombre_de_empresa\Controllers\CreditosController.php(9): require_once('C:\\xampp\\htdocs...')
#3 {main}
[28-Sep-2026 21:59:32 America/Bogota] === INICIO SETUP PRECIO_COMPRA ===
[28-Sep-2026 21:59:32 America/Bogota] ❌ ERROR: SQLSTATE[HY000]: General error: 1 near "SHOW": syntax error
[28-Sep-2026 21:59:32 America/Bogota] Stack: #0 C:\xampp\htdocs\nombre_de_empresa\Config\setup_precio_compra.php(31): PDO->query('SHOW COLUMNS FR...')
#1 C:\xampp\htdocs\nombre_de_empresa\Config\database.php(201): require_once('C:\\xampp\\htdocs...')
#2 C:\xampp\htdocs\nombre_de_empresa\Views\productos.php(10): require_once('C:\\xampp\\htdocs...')
#3 {main}
[28-Sep-2026 21:59:33 America/Bogota] === INICIO SETUP PRECIO_COMPRA ===
[28-Sep-2026 21:59:33 America/Bogota] ❌ ERROR: SQLSTATE[HY000]: General error: 1 near "SHOW": syntax error
[28-Sep-2026 21:59:33 America/Bogota] Stack: #0 C:\xampp\htdocs\nombre_de_empresa\Config\setup_precio_compra.php(31): PDO->query('SHOW COLUMNS FR...')
#1 C:\xampp\htdocs\nombre_de_empresa\Config\database.php(201): require_once('C:\\xampp\\htdocs...')
#2 C:\xampp\htdocs\nombre_de_empresa\Controllers\CreditosController.php(9): require_once('C:\\xampp\\htdocs...')
#3 {main}
[28-Sep-2026 21:59:33 America/Bogota] === INICIO SETUP PRECIO_COMPRA ===
[28-Sep-2026 21:59:33 America/Bogota] ❌ ERROR: SQLSTATE[HY000]: General error: 1 near "SHOW": syntax error
[28-Sep-2026 21:59:33 America/Bogota] Stack: #0 C:\xampp\htdocs\nombre_de_empresa\Config\setup_precio_compra.php(31): PDO->query('SHOW COLUMNS FR...')
#1 C:\xampp\htdocs\nombre_de_empresa\Config\database.php(201): require_once('C:\\xampp\\htdocs...')
#2 C:\xampp\htdocs\nombre_de_empresa\Views\productos.php(10): require_once('C:\\xampp\\htdocs...')
#3 {main}
[28-Sep-2026 21:59:38 America/Bogota] === INICIO SETUP PRECIO_COMPRA ===
[28-Sep-2026 21:59:38 America/Bogota] ❌ ERROR: SQLSTATE[HY000]: General error: 1 near "SHOW": syntax error
[28-Sep-2026 21:59:38 America/Bogota] Stack: #0 C:\xampp\htdocs\nombre_de_empresa\Config\setup_precio_compra.php(31): PDO->query('SHOW COLUMNS FR...')
#1 C:\xampp\htdocs\nombre_de_empresa\Config\database.php(201): require_once('C:\\xampp\\htdocs...')
#2 C:\xampp\htdocs\nombre_de_empresa\Controllers\CreditosController.php(9): require_once('C:\\xampp\\htdocs...')
#3 {main}
[28-Sep-2026 21:59:38 America/Bogota] === INICIO SETUP PRECIO_COMPRA ===
[28-Sep-2026 21:59:38 America/Bogota] ❌ ERROR: SQLSTATE[HY000]: General error: 1 near "SHOW": syntax error
[28-Sep-2026 21:59:38 America/Bogota] Stack: #0 C:\xampp\htdocs\nombre_de_empresa\Config\setup_precio_compra.php(31): PDO->query('SHOW COLUMNS FR...')
#1 C:\xampp\htdocs\nombre_de_empresa\Config\database.php(201): require_once('C:\\xampp\\htdocs...')
#2 C:\xampp\htdocs\nombre_de_empresa\Views\inventarios.php(13): require_once('C:\\xampp\\htdocs...')
#3 {main}
[28-Sep-2026 21:59:38 America/Bogota] === INICIO SETUP PRECIO_COMPRA ===
[28-Sep-2026 21:59:38 America/Bogota] ❌ ERROR: SQLSTATE[HY000]: General error: 1 near "SHOW": syntax error
[28-Sep-2026 21:59:38 America/Bogota] Stack: #0 C:\xampp\htdocs\nombre_de_empresa\Config\setup_precio_compra.php(31): PDO->query('SHOW COLUMNS FR...')
#1 C:\xampp\htdocs\nombre_de_empresa\Config\database.php(201): require_once('C:\\xampp\\htdocs...')
#2 C:\xampp\htdocs\nombre_de_empresa\Controllers\CreditosController.php(9): require_once('C:\\xampp\\htdocs...')
#3 {main}
[28-Sep-2026 21:59:38 America/Bogota] === INICIO SETUP PRECIO_COMPRA ===
[28-Sep-2026 21:59:38 America/Bogota] ❌ ERROR: SQLSTATE[HY000]: General error: 1 near "SHOW": syntax error
[28-Sep-2026 21:59:38 America/Bogota] Stack: #0 C:\xampp\htdocs\nombre_de_empresa\Config\setup_precio_compra.php(31): PDO->query('SHOW COLUMNS FR...')
#1 C:\xampp\htdocs\nombre_de_empresa\Config\database.php(201): require_once('C:\\xampp\\htdocs...')
#2 C:\xampp\htdocs\nombre_de_empresa\Controllers\CreditosController.php(9): require_once('C:\\xampp\\htdocs...')
#3 {main}
[28-Sep-2026 21:59:38 America/Bogota] === INICIO SETUP PRECIO_COMPRA ===
[28-Sep-2026 21:59:38 America/Bogota] ❌ ERROR: SQLSTATE[HY000]: General error: 1 near "SHOW": syntax error
[28-Sep-2026 21:59:38 America/Bogota] Stack: #0 C:\xampp\htdocs\nombre_de_empresa\Config\setup_precio_compra.php(31): PDO->query('SHOW COLUMNS FR...')
#1 C:\xampp\htdocs\nombre_de_empresa\Config\database.php(201): require_once('C:\\xampp\\htdocs...')
#2 C:\xampp\htdocs\nombre_de_empresa\Views\inventarios.php(13): require_once('C:\\xampp\\htdocs...')
#3 {main}
[28-Sep-2026 21:59:39 America/Bogota] === INICIO SETUP PRECIO_COMPRA ===
[28-Sep-2026 21:59:39 America/Bogota] ❌ ERROR: SQLSTATE[HY000]: General error: 1 near "SHOW": syntax error
[28-Sep-2026 21:59:39 America/Bogota] Stack: #0 C:\xampp\htdocs\nombre_de_empresa\Config\setup_precio_compra.php(31): PDO->query('SHOW COLUMNS FR...')
#1 C:\xampp\htdocs\nombre_de_empresa\Config\database.php(201): require_once('C:\\xampp\\htdocs...')
#2 C:\xampp\htdocs\nombre_de_empresa\Controllers\CreditosController.php(9): require_once('C:\\xampp\\htdocs...')
#3 {main}
[28-Sep-2026 21:59:43 America/Bogota] === INICIO SETUP PRECIO_COMPRA ===
[28-Sep-2026 21:59:43 America/Bogota] ❌ ERROR: SQLSTATE[HY000]: General error: 1 near "SHOW": syntax error
[28-Sep-2026 21:59:43 America/Bogota] Stack: #0 C:\xampp\htdocs\nombre_de_empresa\Config\setup_precio_compra.php(31): PDO->query('SHOW COLUMNS FR...')
#1 C:\xampp\htdocs\nombre_de_empresa\Config\database.php(201): require_once('C:\\xampp\\htdocs...')
#2 C:\xampp\htdocs\nombre_de_empresa\Controllers\CreditosController.php(9): require_once('C:\\xampp\\htdocs...')
#3 {main}
[28-Sep-2026 22:03:06 America/Bogota] === INICIO SETUP PRECIO_COMPRA ===
[28-Sep-2026 22:03:06 America/Bogota] ❌ ERROR: SQLSTATE[HY000]: General error: 1 near "SHOW": syntax error
[28-Sep-2026 22:03:06 America/Bogota] Stack: #0 C:\xampp\htdocs\nombre_de_empresa\Config\setup_precio_compra.php(31): PDO->query('SHOW COLUMNS FR...')
#1 C:\xampp\htdocs\nombre_de_empresa\Config\database.php(201): require_once('C:\\xampp\\htdocs...')
#2 C:\xampp\htdocs\nombre_de_empresa\Controllers\CreditosController.php(9): require_once('C:\\xampp\\htdocs...')
#3 {main}
[28-Sep-2026 22:03:06 America/Bogota] === INICIO SETUP PRECIO_COMPRA ===
[28-Sep-2026 22:03:06 America/Bogota] ❌ ERROR: SQLSTATE[HY000]: General error: 1 near "SHOW": syntax error
[28-Sep-2026 22:03:06 America/Bogota] Stack: #0 C:\xampp\htdocs\nombre_de_empresa\Config\setup_precio_compra.php(31): PDO->query('SHOW COLUMNS FR...')
#1 C:\xampp\htdocs\nombre_de_empresa\Config\database.php(201): require_once('C:\\xampp\\htdocs...')
#2 C:\xampp\htdocs\nombre_de_empresa\Views\inventarios.php(13): require_once('C:\\xampp\\htdocs...')
#3 {main}
[28-Sep-2026 22:03:06 America/Bogota] === INICIO SETUP PRECIO_COMPRA ===
[28-Sep-2026 22:03:06 America/Bogota] ❌ ERROR: SQLSTATE[HY000]: General error: 1 near "SHOW": syntax error
[28-Sep-2026 22:03:06 America/Bogota] Stack: #0 C:\xampp\htdocs\nombre_de_empresa\Config\setup_precio_compra.php(31): PDO->query('SHOW COLUMNS FR...')
#1 C:\xampp\htdocs\nombre_de_empresa\Config\database.php(201): require_once('C:\\xampp\\htdocs...')
#2 C:\xampp\htdocs\nombre_de_empresa\Controllers\CreditosController.php(9): require_once('C:\\xampp\\htdocs...')
#3 {main}
[28-Sep-2026 22:06:08 America/Bogota] === INICIO SETUP PRECIO_COMPRA ===
[28-Sep-2026 22:06:08 America/Bogota] ❌ ERROR: SQLSTATE[HY000]: General error: 1 near "SHOW": syntax error
[28-Sep-2026 22:06:08 America/Bogota] Stack: #0 C:\xampp\htdocs\nombre_de_empresa\Config\setup_precio_compra.php(31): PDO->query('SHOW COLUMNS FR...')
#1 C:\xampp\htdocs\nombre_de_empresa\Config\database.php(201): require_once('C:\\xampp\\htdocs...')
#2 C:\xampp\htdocs\nombre_de_empresa\Views\productos.php(10): require_once('C:\\xampp\\htdocs...')
#3 {main}
[28-Sep-2026 22:06:23 America/Bogota] === INICIO SETUP PRECIO_COMPRA ===
[28-Sep-2026 22:06:23 America/Bogota] ❌ ERROR: SQLSTATE[HY000]: General error: 1 near "SHOW": syntax error
[28-Sep-2026 22:06:23 America/Bogota] Stack: #0 C:\xampp\htdocs\nombre_de_empresa\Config\setup_precio_compra.php(31): PDO->query('SHOW COLUMNS FR...')
#1 C:\xampp\htdocs\nombre_de_empresa\Config\database.php(201): require_once('C:\\xampp\\htdocs...')
#2 C:\xampp\htdocs\nombre_de_empresa\Controllers\CreditosController.php(9): require_once('C:\\xampp\\htdocs...')
#3 {main}
[28-Sep-2026 22:06:26 America/Bogota] === INICIO SETUP PRECIO_COMPRA ===
[28-Sep-2026 22:06:26 America/Bogota] ❌ ERROR: SQLSTATE[HY000]: General error: 1 near "SHOW": syntax error
[28-Sep-2026 22:06:26 America/Bogota] Stack: #0 C:\xampp\htdocs\nombre_de_empresa\Config\setup_precio_compra.php(31): PDO->query('SHOW COLUMNS FR...')
#1 C:\xampp\htdocs\nombre_de_empresa\Config\database.php(201): require_once('C:\\xampp\\htdocs...')
#2 C:\xampp\htdocs\nombre_de_empresa\Views\inventarios.php(13): require_once('C:\\xampp\\htdocs...')
#3 {main}
[28-Sep-2026 22:06:26 America/Bogota] === INICIO SETUP PRECIO_COMPRA ===
[28-Sep-2026 22:06:26 America/Bogota] ❌ ERROR: SQLSTATE[HY000]: General error: 1 near "SHOW": syntax error
[28-Sep-2026 22:06:26 America/Bogota] Stack: #0 C:\xampp\htdocs\nombre_de_empresa\Config\setup_precio_compra.php(31): PDO->query('SHOW COLUMNS FR...')
#1 C:\xampp\htdocs\nombre_de_empresa\Config\database.php(201): require_once('C:\\xampp\\htdocs...')
#2 C:\xampp\htdocs\nombre_de_empresa\Controllers\CreditosController.php(9): require_once('C:\\xampp\\htdocs...')
#3 {main}
[28-Sep-2026 22:06:30 America/Bogota] === INICIO SETUP PRECIO_COMPRA ===
[28-Sep-2026 22:06:30 America/Bogota] ❌ ERROR: SQLSTATE[HY000]: General error: 1 near "SHOW": syntax error
[28-Sep-2026 22:06:30 America/Bogota] Stack: #0 C:\xampp\htdocs\nombre_de_empresa\Config\setup_precio_compra.php(31): PDO->query('SHOW COLUMNS FR...')
#1 C:\xampp\htdocs\nombre_de_empresa\Config\database.php(201): require_once('C:\\xampp\\htdocs...')
#2 C:\xampp\htdocs\nombre_de_empresa\Views\productos.php(10): require_once('C:\\xampp\\htdocs...')
#3 {main}
[28-Sep-2026 22:07:12 America/Bogota] === INICIO SETUP PRECIO_COMPRA ===
[28-Sep-2026 22:07:12 America/Bogota] ❌ ERROR: SQLSTATE[HY000]: General error: 1 near "SHOW": syntax error
[28-Sep-2026 22:07:12 America/Bogota] Stack: #0 C:\xampp\htdocs\nombre_de_empresa\Config\setup_precio_compra.php(31): PDO->query('SHOW COLUMNS FR...')
#1 C:\xampp\htdocs\nombre_de_empresa\Config\database.php(201): require_once('C:\\xampp\\htdocs...')
#2 C:\xampp\htdocs\nombre_de_empresa\Controllers\BaseDatosController.php(10): require_once('C:\\xampp\\htdocs...')
#3 {main}
[28-Sep-2026 22:07:14 America/Bogota] === INICIO SETUP PRECIO_COMPRA ===
[28-Sep-2026 22:07:14 America/Bogota] ❌ ERROR: SQLSTATE[HY000]: General error: 1 near "SHOW": syntax error
[28-Sep-2026 22:07:14 America/Bogota] Stack: #0 C:\xampp\htdocs\nombre_de_empresa\Config\setup_precio_compra.php(31): PDO->query('SHOW COLUMNS FR...')
#1 C:\xampp\htdocs\nombre_de_empresa\Config\database.php(201): require_once('C:\\xampp\\htdocs...')
#2 C:\xampp\htdocs\nombre_de_empresa\Controllers\CreditosController.php(9): require_once('C:\\xampp\\htdocs...')
#3 {main}
[28-Sep-2026 22:07:20 America/Bogota] === INICIO SETUP PRECIO_COMPRA ===
[28-Sep-2026 22:07:20 America/Bogota] ❌ ERROR: SQLSTATE[HY000]: General error: 1 near "SHOW": syntax error
[28-Sep-2026 22:07:20 America/Bogota] Stack: #0 C:\xampp\htdocs\nombre_de_empresa\Config\setup_precio_compra.php(31): PDO->query('SHOW COLUMNS FR...')
#1 C:\xampp\htdocs\nombre_de_empresa\Config\database.php(201): require_once('C:\\xampp\\htdocs...')
#2 C:\xampp\htdocs\nombre_de_empresa\Controllers\BaseDatosController.php(10): require_once('C:\\xampp\\htdocs...')
#3 {main}
[28-Sep-2026 22:07:22 America/Bogota] === INICIO SETUP PRECIO_COMPRA ===
[28-Sep-2026 22:07:22 America/Bogota] ❌ ERROR: SQLSTATE[HY000]: General error: 1 near "SHOW": syntax error
[28-Sep-2026 22:07:22 America/Bogota] Stack: #0 C:\xampp\htdocs\nombre_de_empresa\Config\setup_precio_compra.php(31): PDO->query('SHOW COLUMNS FR...')
#1 C:\xampp\htdocs\nombre_de_empresa\Config\database.php(201): require_once('C:\\xampp\\htdocs...')
#2 C:\xampp\htdocs\nombre_de_empresa\Controllers\CreditosController.php(9): require_once('C:\\xampp\\htdocs...')
#3 {main}
[28-Sep-2026 22:07:22 America/Bogota] ✅ Columna precio_compra creada en productos
[28-Sep-2026 22:07:25 America/Bogota] === INICIO SETUP PRECIO_COMPRA ===
[28-Sep-2026 22:07:25 America/Bogota] ❌ ERROR: SQLSTATE[HY000]: General error: 1 near "SHOW": syntax error
[28-Sep-2026 22:07:25 America/Bogota] Stack: #0 C:\xampp\htdocs\nombre_de_empresa\Config\setup_precio_compra.php(31): PDO->query('SHOW COLUMNS FR...')
#1 C:\xampp\htdocs\nombre_de_empresa\Config\database.php(201): require_once('C:\\xampp\\htdocs...')
#2 C:\xampp\htdocs\nombre_de_empresa\Views\inventarios.php(13): require_once('C:\\xampp\\htdocs...')
#3 {main}
[28-Sep-2026 22:07:26 America/Bogota] === INICIO SETUP PRECIO_COMPRA ===
[28-Sep-2026 22:07:26 America/Bogota] ❌ ERROR: SQLSTATE[HY000]: General error: 1 near "SHOW": syntax error
[28-Sep-2026 22:07:26 America/Bogota] Stack: #0 C:\xampp\htdocs\nombre_de_empresa\Config\setup_precio_compra.php(31): PDO->query('SHOW COLUMNS FR...')
#1 C:\xampp\htdocs\nombre_de_empresa\Config\database.php(201): require_once('C:\\xampp\\htdocs...')
#2 C:\xampp\htdocs\nombre_de_empresa\Controllers\CreditosController.php(9): require_once('C:\\xampp\\htdocs...')
#3 {main}
[28-Sep-2026 22:07:30 America/Bogota] === INICIO SETUP PRECIO_COMPRA ===
[28-Sep-2026 22:07:30 America/Bogota] ❌ ERROR: SQLSTATE[HY000]: General error: 1 near "SHOW": syntax error
[28-Sep-2026 22:07:30 America/Bogota] Stack: #0 C:\xampp\htdocs\nombre_de_empresa\Config\setup_precio_compra.php(31): PDO->query('SHOW COLUMNS FR...')
#1 C:\xampp\htdocs\nombre_de_empresa\Config\database.php(201): require_once('C:\\xampp\\htdocs...')
#2 C:\xampp\htdocs\nombre_de_empresa\Views\productos.php(10): require_once('C:\\xampp\\htdocs...')
#3 {main}
[28-Sep-2026 22:07:33 America/Bogota] === INICIO SETUP PRECIO_COMPRA ===
[28-Sep-2026 22:07:33 America/Bogota] ❌ ERROR: SQLSTATE[HY000]: General error: 1 near "SHOW": syntax error
[28-Sep-2026 22:07:33 America/Bogota] Stack: #0 C:\xampp\htdocs\nombre_de_empresa\Config\setup_precio_compra.php(31): PDO->query('SHOW COLUMNS FR...')
#1 C:\xampp\htdocs\nombre_de_empresa\Config\database.php(201): require_once('C:\\xampp\\htdocs...')
#2 C:\xampp\htdocs\nombre_de_empresa\Controllers\CreditosController.php(9): require_once('C:\\xampp\\htdocs...')
#3 {main}
[28-Sep-2026 22:07:33 America/Bogota] === INICIO SETUP PRECIO_COMPRA ===
[28-Sep-2026 22:07:33 America/Bogota] ❌ ERROR: SQLSTATE[HY000]: General error: 1 near "SHOW": syntax error
[28-Sep-2026 22:07:33 America/Bogota] Stack: #0 C:\xampp\htdocs\nombre_de_empresa\Config\setup_precio_compra.php(31): PDO->query('SHOW COLUMNS FR...')
#1 C:\xampp\htdocs\nombre_de_empresa\Config\database.php(201): require_once('C:\\xampp\\htdocs...')
#2 C:\xampp\htdocs\nombre_de_empresa\Views\productos.php(10): require_once('C:\\xampp\\htdocs...')
#3 {main}
[28-Sep-2026 22:07:34 America/Bogota] === INICIO SETUP PRECIO_COMPRA ===
[28-Sep-2026 22:07:34 America/Bogota] ❌ ERROR: SQLSTATE[HY000]: General error: 1 near "SHOW": syntax error
[28-Sep-2026 22:07:34 America/Bogota] Stack: #0 C:\xampp\htdocs\nombre_de_empresa\Config\setup_precio_compra.php(31): PDO->query('SHOW COLUMNS FR...')
#1 C:\xampp\htdocs\nombre_de_empresa\Config\database.php(201): require_once('C:\\xampp\\htdocs...')
#2 C:\xampp\htdocs\nombre_de_empresa\Controllers\CreditosController.php(9): require_once('C:\\xampp\\htdocs...')
#3 {main}
[28-Sep-2026 22:07:34 America/Bogota] === INICIO SETUP PRECIO_COMPRA ===
[28-Sep-2026 22:07:34 America/Bogota] ❌ ERROR: SQLSTATE[HY000]: General error: 1 near "SHOW": syntax error
[28-Sep-2026 22:07:34 America/Bogota] Stack: #0 C:\xampp\htdocs\nombre_de_empresa\Config\setup_precio_compra.php(31): PDO->query('SHOW COLUMNS FR...')
#1 C:\xampp\htdocs\nombre_de_empresa\Config\database.php(201): require_once('C:\\xampp\\htdocs...')
#2 C:\xampp\htdocs\nombre_de_empresa\Views\productos.php(10): require_once('C:\\xampp\\htdocs...')
#3 {main}
[28-Sep-2026 22:07:37 America/Bogota] === INICIO SETUP PRECIO_COMPRA ===
[28-Sep-2026 22:07:37 America/Bogota] ❌ ERROR: SQLSTATE[HY000]: General error: 1 near "SHOW": syntax error
[28-Sep-2026 22:07:37 America/Bogota] Stack: #0 C:\xampp\htdocs\nombre_de_empresa\Config\setup_precio_compra.php(31): PDO->query('SHOW COLUMNS FR...')
#1 C:\xampp\htdocs\nombre_de_empresa\Config\database.php(201): require_once('C:\\xampp\\htdocs...')
#2 C:\xampp\htdocs\nombre_de_empresa\Views\inventarios.php(13): require_once('C:\\xampp\\htdocs...')
#3 {main}
[28-Sep-2026 22:07:37 America/Bogota] === INICIO SETUP PRECIO_COMPRA ===
[28-Sep-2026 22:07:37 America/Bogota] ❌ ERROR: SQLSTATE[HY000]: General error: 1 near "SHOW": syntax error
[28-Sep-2026 22:07:37 America/Bogota] Stack: #0 C:\xampp\htdocs\nombre_de_empresa\Config\setup_precio_compra.php(31): PDO->query('SHOW COLUMNS FR...')
#1 C:\xampp\htdocs\nombre_de_empresa\Config\database.php(201): require_once('C:\\xampp\\htdocs...')
#2 C:\xampp\htdocs\nombre_de_empresa\Controllers\CreditosController.php(9): require_once('C:\\xampp\\htdocs...')
#3 {main}
[28-Sep-2026 22:07:43 America/Bogota] === INICIO SETUP PRECIO_COMPRA ===
[28-Sep-2026 22:07:43 America/Bogota] ❌ ERROR: SQLSTATE[HY000]: General error: 1 near "SHOW": syntax error
[28-Sep-2026 22:07:43 America/Bogota] Stack: #0 C:\xampp\htdocs\nombre_de_empresa\Config\setup_precio_compra.php(31): PDO->query('SHOW COLUMNS FR...')
#1 C:\xampp\htdocs\nombre_de_empresa\Config\database.php(201): require_once('C:\\xampp\\htdocs...')
#2 C:\xampp\htdocs\nombre_de_empresa\Views\productos.php(10): require_once('C:\\xampp\\htdocs...')
#3 {main}
[28-Sep-2026 22:07:44 America/Bogota] === INICIO SETUP PRECIO_COMPRA ===
[28-Sep-2026 22:07:44 America/Bogota] ❌ ERROR: SQLSTATE[HY000]: General error: 1 near "SHOW": syntax error
[28-Sep-2026 22:07:44 America/Bogota] Stack: #0 C:\xampp\htdocs\nombre_de_empresa\Config\setup_precio_compra.php(31): PDO->query('SHOW COLUMNS FR...')
#1 C:\xampp\htdocs\nombre_de_empresa\Config\database.php(201): require_once('C:\\xampp\\htdocs...')
#2 C:\xampp\htdocs\nombre_de_empresa\Controllers\CreditosController.php(9): require_once('C:\\xampp\\htdocs...')
#3 {main}
[28-Sep-2026 22:07:45 America/Bogota] === INICIO SETUP PRECIO_COMPRA ===
[28-Sep-2026 22:07:45 America/Bogota] ❌ ERROR: SQLSTATE[HY000]: General error: 1 near "SHOW": syntax error
[28-Sep-2026 22:07:45 America/Bogota] Stack: #0 C:\xampp\htdocs\nombre_de_empresa\Config\setup_precio_compra.php(31): PDO->query('SHOW COLUMNS FR...')
#1 C:\xampp\htdocs\nombre_de_empresa\Config\database.php(201): require_once('C:\\xampp\\htdocs...')
#2 C:\xampp\htdocs\nombre_de_empresa\Views\productos.php(10): require_once('C:\\xampp\\htdocs...')
#3 {main}
[28-Sep-2026 22:07:46 America/Bogota] === INICIO SETUP PRECIO_COMPRA ===
[28-Sep-2026 22:07:46 America/Bogota] ❌ ERROR: SQLSTATE[HY000]: General error: 1 near "SHOW": syntax error
[28-Sep-2026 22:07:46 America/Bogota] Stack: #0 C:\xampp\htdocs\nombre_de_empresa\Config\setup_precio_compra.php(31): PDO->query('SHOW COLUMNS FR...')
#1 C:\xampp\htdocs\nombre_de_empresa\Config\database.php(201): require_once('C:\\xampp\\htdocs...')
#2 C:\xampp\htdocs\nombre_de_empresa\Controllers\CreditosController.php(9): require_once('C:\\xampp\\htdocs...')
#3 {main}
[28-Sep-2026 22:07:46 America/Bogota] === INICIO SETUP PRECIO_COMPRA ===
[28-Sep-2026 22:07:46 America/Bogota] ❌ ERROR: SQLSTATE[HY000]: General error: 1 near "SHOW": syntax error
[28-Sep-2026 22:07:46 America/Bogota] Stack: #0 C:\xampp\htdocs\nombre_de_empresa\Config\setup_precio_compra.php(31): PDO->query('SHOW COLUMNS FR...')
#1 C:\xampp\htdocs\nombre_de_empresa\Config\database.php(201): require_once('C:\\xampp\\htdocs...')
#2 C:\xampp\htdocs\nombre_de_empresa\Views\productos.php(10): require_once('C:\\xampp\\htdocs...')
#3 {main}
[28-Sep-2026 22:07:58 America/Bogota] === INICIO SETUP PRECIO_COMPRA ===
[28-Sep-2026 22:07:58 America/Bogota] ❌ ERROR: SQLSTATE[HY000]: General error: 1 near "SHOW": syntax error
[28-Sep-2026 22:07:58 America/Bogota] Stack: #0 C:\xampp\htdocs\nombre_de_empresa\Config\setup_precio_compra.php(31): PDO->query('SHOW COLUMNS FR...')
#1 C:\xampp\htdocs\nombre_de_empresa\Config\database.php(201): require_once('C:\\xampp\\htdocs...')
#2 C:\xampp\htdocs\nombre_de_empresa\Controllers\BaseDatosController.php(10): require_once('C:\\xampp\\htdocs...')
#3 {main}
[28-Sep-2026 22:07:59 America/Bogota] === INICIO SETUP PRECIO_COMPRA ===
[28-Sep-2026 22:07:59 America/Bogota] ❌ ERROR: SQLSTATE[HY000]: General error: 1 near "SHOW": syntax error
[28-Sep-2026 22:07:59 America/Bogota] Stack: #0 C:\xampp\htdocs\nombre_de_empresa\Config\setup_precio_compra.php(31): PDO->query('SHOW COLUMNS FR...')
#1 C:\xampp\htdocs\nombre_de_empresa\Config\database.php(201): require_once('C:\\xampp\\htdocs...')
#2 C:\xampp\htdocs\nombre_de_empresa\Controllers\CreditosController.php(9): require_once('C:\\xampp\\htdocs...')
#3 {main}
[28-Sep-2026 22:08:01 America/Bogota] === INICIO SETUP PRECIO_COMPRA ===
[28-Sep-2026 22:08:01 America/Bogota] ❌ ERROR: SQLSTATE[HY000]: General error: 1 near "SHOW": syntax error
[28-Sep-2026 22:08:01 America/Bogota] Stack: #0 C:\xampp\htdocs\nombre_de_empresa\Config\setup_precio_compra.php(31): PDO->query('SHOW COLUMNS FR...')
#1 C:\xampp\htdocs\nombre_de_empresa\Config\database.php(201): require_once('C:\\xampp\\htdocs...')
#2 C:\xampp\htdocs\nombre_de_empresa\Views\productos.php(10): require_once('C:\\xampp\\htdocs...')
#3 {main}
[28-Sep-2026 22:08:03 America/Bogota] === INICIO SETUP PRECIO_COMPRA ===
[28-Sep-2026 22:08:03 America/Bogota] ❌ ERROR: SQLSTATE[HY000]: General error: 1 near "SHOW": syntax error
[28-Sep-2026 22:08:03 America/Bogota] Stack: #0 C:\xampp\htdocs\nombre_de_empresa\Config\setup_precio_compra.php(31): PDO->query('SHOW COLUMNS FR...')
#1 C:\xampp\htdocs\nombre_de_empresa\Config\database.php(201): require_once('C:\\xampp\\htdocs...')
#2 C:\xampp\htdocs\nombre_de_empresa\Views\inventarios.php(13): require_once('C:\\xampp\\htdocs...')
#3 {main}
[28-Sep-2026 22:08:03 America/Bogota] === INICIO SETUP PRECIO_COMPRA ===
[28-Sep-2026 22:08:03 America/Bogota] ❌ ERROR: SQLSTATE[HY000]: General error: 1 near "SHOW": syntax error
[28-Sep-2026 22:08:03 America/Bogota] Stack: #0 C:\xampp\htdocs\nombre_de_empresa\Config\setup_precio_compra.php(31): PDO->query('SHOW COLUMNS FR...')
#1 C:\xampp\htdocs\nombre_de_empresa\Config\database.php(201): require_once('C:\\xampp\\htdocs...')
#2 C:\xampp\htdocs\nombre_de_empresa\Controllers\CreditosController.php(9): require_once('C:\\xampp\\htdocs...')
#3 {main}
[28-Sep-2026 22:08:10 America/Bogota] === INICIO SETUP PRECIO_COMPRA ===
[28-Sep-2026 22:08:10 America/Bogota] ❌ ERROR: SQLSTATE[HY000]: General error: 1 near "SHOW": syntax error
[28-Sep-2026 22:08:10 America/Bogota] Stack: #0 C:\xampp\htdocs\nombre_de_empresa\Config\setup_precio_compra.php(31): PDO->query('SHOW COLUMNS FR...')
#1 C:\xampp\htdocs\nombre_de_empresa\Config\database.php(201): require_once('C:\\xampp\\htdocs...')
#2 C:\xampp\htdocs\nombre_de_empresa\Controllers\BaseDatosController.php(10): require_once('C:\\xampp\\htdocs...')
#3 {main}
[28-Sep-2026 22:08:11 America/Bogota] === INICIO SETUP PRECIO_COMPRA ===
[28-Sep-2026 22:08:11 America/Bogota] ❌ ERROR: SQLSTATE[HY000]: General error: 1 near "SHOW": syntax error
[28-Sep-2026 22:08:11 America/Bogota] Stack: #0 C:\xampp\htdocs\nombre_de_empresa\Config\setup_precio_compra.php(31): PDO->query('SHOW COLUMNS FR...')
#1 C:\xampp\htdocs\nombre_de_empresa\Config\database.php(201): require_once('C:\\xampp\\htdocs...')
#2 C:\xampp\htdocs\nombre_de_empresa\Controllers\CreditosController.php(9): require_once('C:\\xampp\\htdocs...')
#3 {main}
[28-Sep-2026 22:08:11 America/Bogota] ✅ Columna precio_compra creada en productos
[28-Sep-2026 22:08:12 America/Bogota] === INICIO SETUP PRECIO_COMPRA ===
[28-Sep-2026 22:08:12 America/Bogota] ❌ ERROR: SQLSTATE[HY000]: General error: 1 near "SHOW": syntax error
[28-Sep-2026 22:08:12 America/Bogota] Stack: #0 C:\xampp\htdocs\nombre_de_empresa\Config\setup_precio_compra.php(31): PDO->query('SHOW COLUMNS FR...')
#1 C:\xampp\htdocs\nombre_de_empresa\Config\database.php(201): require_once('C:\\xampp\\htdocs...')
#2 C:\xampp\htdocs\nombre_de_empresa\Views\productos.php(10): require_once('C:\\xampp\\htdocs...')
#3 {main}
[28-Sep-2026 22:08:15 America/Bogota] === INICIO SETUP PRECIO_COMPRA ===
[28-Sep-2026 22:08:15 America/Bogota] ❌ ERROR: SQLSTATE[HY000]: General error: 1 near "SHOW": syntax error
[28-Sep-2026 22:08:15 America/Bogota] Stack: #0 C:\xampp\htdocs\nombre_de_empresa\Config\setup_precio_compra.php(31): PDO->query('SHOW COLUMNS FR...')
#1 C:\xampp\htdocs\nombre_de_empresa\Config\database.php(201): require_once('C:\\xampp\\htdocs...')
#2 C:\xampp\htdocs\nombre_de_empresa\Views\inventarios.php(13): require_once('C:\\xampp\\htdocs...')
#3 {main}
[28-Sep-2026 22:08:15 America/Bogota] === INICIO SETUP PRECIO_COMPRA ===
[28-Sep-2026 22:08:15 America/Bogota] ❌ ERROR: SQLSTATE[HY000]: General error: 1 near "SHOW": syntax error
[28-Sep-2026 22:08:15 America/Bogota] Stack: #0 C:\xampp\htdocs\nombre_de_empresa\Config\setup_precio_compra.php(31): PDO->query('SHOW COLUMNS FR...')
#1 C:\xampp\htdocs\nombre_de_empresa\Config\database.php(201): require_once('C:\\xampp\\htdocs...')
#2 C:\xampp\htdocs\nombre_de_empresa\Controllers\CreditosController.php(9): require_once('C:\\xampp\\htdocs...')
#3 {main}
[28-Sep-2026 22:08:20 America/Bogota] === INICIO SETUP PRECIO_COMPRA ===
[28-Sep-2026 22:08:20 America/Bogota] ❌ ERROR: SQLSTATE[HY000]: General error: 1 near "SHOW": syntax error
[28-Sep-2026 22:08:20 America/Bogota] Stack: #0 C:\xampp\htdocs\nombre_de_empresa\Config\setup_precio_compra.php(31): PDO->query('SHOW COLUMNS FR...')
#1 C:\xampp\htdocs\nombre_de_empresa\Config\database.php(201): require_once('C:\\xampp\\htdocs...')
#2 C:\xampp\htdocs\nombre_de_empresa\Views\productos.php(10): require_once('C:\\xampp\\htdocs...')
#3 {main}
[28-Sep-2026 22:08:23 America/Bogota] === INICIO SETUP PRECIO_COMPRA ===
[28-Sep-2026 22:08:23 America/Bogota] ❌ ERROR: SQLSTATE[HY000]: General error: 1 near "SHOW": syntax error
[28-Sep-2026 22:08:23 America/Bogota] Stack: #0 C:\xampp\htdocs\nombre_de_empresa\Config\setup_precio_compra.php(31): PDO->query('SHOW COLUMNS FR...')
#1 C:\xampp\htdocs\nombre_de_empresa\Config\database.php(201): require_once('C:\\xampp\\htdocs...')
#2 C:\xampp\htdocs\nombre_de_empresa\Controllers\CreditosController.php(9): require_once('C:\\xampp\\htdocs...')
#3 {main}
[28-Sep-2026 22:08:23 America/Bogota] === INICIO SETUP PRECIO_COMPRA ===
[28-Sep-2026 22:08:23 America/Bogota] ❌ ERROR: SQLSTATE[HY000]: General error: 1 near "SHOW": syntax error
[28-Sep-2026 22:08:23 America/Bogota] Stack: #0 C:\xampp\htdocs\nombre_de_empresa\Config\setup_precio_compra.php(31): PDO->query('SHOW COLUMNS FR...')
#1 C:\xampp\htdocs\nombre_de_empresa\Config\database.php(201): require_once('C:\\xampp\\htdocs...')
#2 C:\xampp\htdocs\nombre_de_empresa\Views\productos.php(10): require_once('C:\\xampp\\htdocs...')
#3 {main}
[28-Sep-2026 22:08:24 America/Bogota] === INICIO SETUP PRECIO_COMPRA ===
[28-Sep-2026 22:08:24 America/Bogota] ❌ ERROR: SQLSTATE[HY000]: General error: 1 near "SHOW": syntax error
[28-Sep-2026 22:08:24 America/Bogota] Stack: #0 C:\xampp\htdocs\nombre_de_empresa\Config\setup_precio_compra.php(31): PDO->query('SHOW COLUMNS FR...')
#1 C:\xampp\htdocs\nombre_de_empresa\Config\database.php(201): require_once('C:\\xampp\\htdocs...')
#2 C:\xampp\htdocs\nombre_de_empresa\Controllers\CreditosController.php(9): require_once('C:\\xampp\\htdocs...')
#3 {main}
[28-Sep-2026 22:08:24 America/Bogota] === INICIO SETUP PRECIO_COMPRA ===
[28-Sep-2026 22:08:24 America/Bogota] ❌ ERROR: SQLSTATE[HY000]: General error: 1 near "SHOW": syntax error
[28-Sep-2026 22:08:24 America/Bogota] Stack: #0 C:\xampp\htdocs\nombre_de_empresa\Config\setup_precio_compra.php(31): PDO->query('SHOW COLUMNS FR...')
#1 C:\xampp\htdocs\nombre_de_empresa\Config\database.php(201): require_once('C:\\xampp\\htdocs...')
#2 C:\xampp\htdocs\nombre_de_empresa\Views\productos.php(10): require_once('C:\\xampp\\htdocs...')
#3 {main}
[28-Sep-2026 22:08:36 America/Bogota] === INICIO SETUP PRECIO_COMPRA ===
[28-Sep-2026 22:08:36 America/Bogota] ❌ ERROR: SQLSTATE[HY000]: General error: 1 near "SHOW": syntax error
[28-Sep-2026 22:08:36 America/Bogota] Stack: #0 C:\xampp\htdocs\nombre_de_empresa\Config\setup_precio_compra.php(31): PDO->query('SHOW COLUMNS FR...')
#1 C:\xampp\htdocs\nombre_de_empresa\Config\database.php(201): require_once('C:\\xampp\\htdocs...')
#2 C:\xampp\htdocs\nombre_de_empresa\Controllers\BaseDatosController.php(10): require_once('C:\\xampp\\htdocs...')
#3 {main}
[28-Sep-2026 22:08:37 America/Bogota] === INICIO SETUP PRECIO_COMPRA ===
[28-Sep-2026 22:08:37 America/Bogota] ❌ ERROR: SQLSTATE[HY000]: General error: 1 near "SHOW": syntax error
[28-Sep-2026 22:08:37 America/Bogota] Stack: #0 C:\xampp\htdocs\nombre_de_empresa\Config\setup_precio_compra.php(31): PDO->query('SHOW COLUMNS FR...')
#1 C:\xampp\htdocs\nombre_de_empresa\Config\database.php(201): require_once('C:\\xampp\\htdocs...')
#2 C:\xampp\htdocs\nombre_de_empresa\Controllers\CreditosController.php(9): require_once('C:\\xampp\\htdocs...')
#3 {main}
[28-Sep-2026 22:08:37 America/Bogota] ✅ Columna precio_compra creada en productos
[28-Sep-2026 22:08:40 America/Bogota] === INICIO SETUP PRECIO_COMPRA ===
[28-Sep-2026 22:08:40 America/Bogota] ❌ ERROR: SQLSTATE[HY000]: General error: 1 near "SHOW": syntax error
[28-Sep-2026 22:08:40 America/Bogota] Stack: #0 C:\xampp\htdocs\nombre_de_empresa\Config\setup_precio_compra.php(31): PDO->query('SHOW COLUMNS FR...')
#1 C:\xampp\htdocs\nombre_de_empresa\Config\database.php(201): require_once('C:\\xampp\\htdocs...')
#2 C:\xampp\htdocs\nombre_de_empresa\Views\productos.php(10): require_once('C:\\xampp\\htdocs...')
#3 {main}
[28-Sep-2026 22:08:42 America/Bogota] === INICIO SETUP PRECIO_COMPRA ===
[28-Sep-2026 22:08:42 America/Bogota] ❌ ERROR: SQLSTATE[HY000]: General error: 1 near "SHOW": syntax error
[28-Sep-2026 22:08:42 America/Bogota] Stack: #0 C:\xampp\htdocs\nombre_de_empresa\Config\setup_precio_compra.php(31): PDO->query('SHOW COLUMNS FR...')
#1 C:\xampp\htdocs\nombre_de_empresa\Config\database.php(201): require_once('C:\\xampp\\htdocs...')
#2 C:\xampp\htdocs\nombre_de_empresa\Views\inventarios.php(13): require_once('C:\\xampp\\htdocs...')
#3 {main}
[28-Sep-2026 22:08:42 America/Bogota] === INICIO SETUP PRECIO_COMPRA ===
[28-Sep-2026 22:08:42 America/Bogota] ❌ ERROR: SQLSTATE[HY000]: General error: 1 near "SHOW": syntax error
[28-Sep-2026 22:08:42 America/Bogota] Stack: #0 C:\xampp\htdocs\nombre_de_empresa\Config\setup_precio_compra.php(31): PDO->query('SHOW COLUMNS FR...')
#1 C:\xampp\htdocs\nombre_de_empresa\Config\database.php(201): require_once('C:\\xampp\\htdocs...')
#2 C:\xampp\htdocs\nombre_de_empresa\Controllers\CreditosController.php(9): require_once('C:\\xampp\\htdocs...')
#3 {main}
[28-Sep-2026 22:08:48 America/Bogota] === INICIO SETUP PRECIO_COMPRA ===
[28-Sep-2026 22:08:48 America/Bogota] ❌ ERROR: SQLSTATE[HY000]: General error: 1 near "SHOW": syntax error
[28-Sep-2026 22:08:48 America/Bogota] Stack: #0 C:\xampp\htdocs\nombre_de_empresa\Config\setup_precio_compra.php(31): PDO->query('SHOW COLUMNS FR...')
#1 C:\xampp\htdocs\nombre_de_empresa\Config\database.php(201): require_once('C:\\xampp\\htdocs...')
#2 C:\xampp\htdocs\nombre_de_empresa\Views\productos.php(10): require_once('C:\\xampp\\htdocs...')
#3 {main}
[28-Sep-2026 22:08:49 America/Bogota] === INICIO SETUP PRECIO_COMPRA ===
[28-Sep-2026 22:08:49 America/Bogota] ❌ ERROR: SQLSTATE[HY000]: General error: 1 near "SHOW": syntax error
[28-Sep-2026 22:08:49 America/Bogota] Stack: #0 C:\xampp\htdocs\nombre_de_empresa\Config\setup_precio_compra.php(31): PDO->query('SHOW COLUMNS FR...')
#1 C:\xampp\htdocs\nombre_de_empresa\Config\database.php(201): require_once('C:\\xampp\\htdocs...')
#2 C:\xampp\htdocs\nombre_de_empresa\Controllers\CreditosController.php(9): require_once('C:\\xampp\\htdocs...')
#3 {main}
[28-Sep-2026 22:08:49 America/Bogota] === INICIO SETUP PRECIO_COMPRA ===
[28-Sep-2026 22:08:49 America/Bogota] ❌ ERROR: SQLSTATE[HY000]: General error: 1 near "SHOW": syntax error
[28-Sep-2026 22:08:49 America/Bogota] Stack: #0 C:\xampp\htdocs\nombre_de_empresa\Config\setup_precio_compra.php(31): PDO->query('SHOW COLUMNS FR...')
#1 C:\xampp\htdocs\nombre_de_empresa\Config\database.php(201): require_once('C:\\xampp\\htdocs...')
#2 C:\xampp\htdocs\nombre_de_empresa\Views\productos.php(10): require_once('C:\\xampp\\htdocs...')
#3 {main}
[28-Sep-2026 22:08:53 America/Bogota] === INICIO SETUP PRECIO_COMPRA ===
[28-Sep-2026 22:08:53 America/Bogota] ❌ ERROR: SQLSTATE[HY000]: General error: 1 near "SHOW": syntax error
[28-Sep-2026 22:08:53 America/Bogota] Stack: #0 C:\xampp\htdocs\nombre_de_empresa\Config\setup_precio_compra.php(31): PDO->query('SHOW COLUMNS FR...')
#1 C:\xampp\htdocs\nombre_de_empresa\Config\database.php(201): require_once('C:\\xampp\\htdocs...')
#2 C:\xampp\htdocs\nombre_de_empresa\Controllers\CreditosController.php(9): require_once('C:\\xampp\\htdocs...')
#3 {main}
[28-Sep-2026 22:08:53 America/Bogota] === INICIO SETUP PRECIO_COMPRA ===
[28-Sep-2026 22:08:53 America/Bogota] ❌ ERROR: SQLSTATE[HY000]: General error: 1 near "SHOW": syntax error
[28-Sep-2026 22:08:53 America/Bogota] Stack: #0 C:\xampp\htdocs\nombre_de_empresa\Config\setup_precio_compra.php(31): PDO->query('SHOW COLUMNS FR...')
#1 C:\xampp\htdocs\nombre_de_empresa\Config\database.php(201): require_once('C:\\xampp\\htdocs...')
#2 C:\xampp\htdocs\nombre_de_empresa\Views\productos.php(10): require_once('C:\\xampp\\htdocs...')
#3 {main}
[28-Sep-2026 22:08:54 America/Bogota] === INICIO SETUP PRECIO_COMPRA ===
[28-Sep-2026 22:08:54 America/Bogota] ❌ ERROR: SQLSTATE[HY000]: General error: 1 near "SHOW": syntax error
[28-Sep-2026 22:08:54 America/Bogota] Stack: #0 C:\xampp\htdocs\nombre_de_empresa\Config\setup_precio_compra.php(31): PDO->query('SHOW COLUMNS FR...')
#1 C:\xampp\htdocs\nombre_de_empresa\Config\database.php(201): require_once('C:\\xampp\\htdocs...')
#2 C:\xampp\htdocs\nombre_de_empresa\Controllers\CreditosController.php(9): require_once('C:\\xampp\\htdocs...')
#3 {main}
[28-Sep-2026 22:08:54 America/Bogota] === INICIO SETUP PRECIO_COMPRA ===
[28-Sep-2026 22:08:54 America/Bogota] ❌ ERROR: SQLSTATE[HY000]: General error: 1 near "SHOW": syntax error
[28-Sep-2026 22:08:54 America/Bogota] Stack: #0 C:\xampp\htdocs\nombre_de_empresa\Config\setup_precio_compra.php(31): PDO->query('SHOW COLUMNS FR...')
#1 C:\xampp\htdocs\nombre_de_empresa\Config\database.php(201): require_once('C:\\xampp\\htdocs...')
#2 C:\xampp\htdocs\nombre_de_empresa\Views\productos.php(10): require_once('C:\\xampp\\htdocs...')
#3 {main}
[28-Sep-2026 22:08:59 America/Bogota] === INICIO SETUP PRECIO_COMPRA ===
[28-Sep-2026 22:08:59 America/Bogota] ❌ ERROR: SQLSTATE[HY000]: General error: 1 near "SHOW": syntax error
[28-Sep-2026 22:08:59 America/Bogota] Stack: #0 C:\xampp\htdocs\nombre_de_empresa\Config\setup_precio_compra.php(31): PDO->query('SHOW COLUMNS FR...')
#1 C:\xampp\htdocs\nombre_de_empresa\Config\database.php(201): require_once('C:\\xampp\\htdocs...')
#2 C:\xampp\htdocs\nombre_de_empresa\Views\productos.php(10): require_once('C:\\xampp\\htdocs...')
#3 {main}
[28-Sep-2026 22:09:01 America/Bogota] === INICIO SETUP PRECIO_COMPRA ===
[28-Sep-2026 22:09:01 America/Bogota] ❌ ERROR: SQLSTATE[HY000]: General error: 1 near "SHOW": syntax error
[28-Sep-2026 22:09:01 America/Bogota] Stack: #0 C:\xampp\htdocs\nombre_de_empresa\Config\setup_precio_compra.php(31): PDO->query('SHOW COLUMNS FR...')
#1 C:\xampp\htdocs\nombre_de_empresa\Config\database.php(201): require_once('C:\\xampp\\htdocs...')
#2 C:\xampp\htdocs\nombre_de_empresa\Controllers\CreditosController.php(9): require_once('C:\\xampp\\htdocs...')
#3 {main}
[28-Sep-2026 22:09:01 America/Bogota] === INICIO SETUP PRECIO_COMPRA ===
[28-Sep-2026 22:09:01 America/Bogota] ❌ ERROR: SQLSTATE[HY000]: General error: 1 near "SHOW": syntax error
[28-Sep-2026 22:09:01 America/Bogota] Stack: #0 C:\xampp\htdocs\nombre_de_empresa\Config\setup_precio_compra.php(31): PDO->query('SHOW COLUMNS FR...')
#1 C:\xampp\htdocs\nombre_de_empresa\Config\database.php(201): require_once('C:\\xampp\\htdocs...')
#2 C:\xampp\htdocs\nombre_de_empresa\Views\productos.php(10): require_once('C:\\xampp\\htdocs...')
#3 {main}
[28-Sep-2026 22:09:03 America/Bogota] === INICIO SETUP PRECIO_COMPRA ===
[28-Sep-2026 22:09:03 America/Bogota] ❌ ERROR: SQLSTATE[HY000]: General error: 1 near "SHOW": syntax error
[28-Sep-2026 22:09:03 America/Bogota] Stack: #0 C:\xampp\htdocs\nombre_de_empresa\Config\setup_precio_compra.php(31): PDO->query('SHOW COLUMNS FR...')
#1 C:\xampp\htdocs\nombre_de_empresa\Config\database.php(201): require_once('C:\\xampp\\htdocs...')
#2 C:\xampp\htdocs\nombre_de_empresa\Views\inventarios.php(13): require_once('C:\\xampp\\htdocs...')
#3 {main}
[28-Sep-2026 22:09:04 America/Bogota] === INICIO SETUP PRECIO_COMPRA ===
[28-Sep-2026 22:09:04 America/Bogota] ❌ ERROR: SQLSTATE[HY000]: General error: 1 near "SHOW": syntax error
[28-Sep-2026 22:09:04 America/Bogota] Stack: #0 C:\xampp\htdocs\nombre_de_empresa\Config\setup_precio_compra.php(31): PDO->query('SHOW COLUMNS FR...')
#1 C:\xampp\htdocs\nombre_de_empresa\Config\database.php(201): require_once('C:\\xampp\\htdocs...')
#2 C:\xampp\htdocs\nombre_de_empresa\Controllers\CreditosController.php(9): require_once('C:\\xampp\\htdocs...')
#3 {main}
[28-Sep-2026 22:09:35 America/Bogota] === INICIO SETUP PRECIO_COMPRA ===
[28-Sep-2026 22:09:35 America/Bogota] ❌ ERROR: SQLSTATE[HY000]: General error: 1 near "SHOW": syntax error
[28-Sep-2026 22:09:35 America/Bogota] Stack: #0 C:\xampp\htdocs\nombre_de_empresa\Config\setup_precio_compra.php(31): PDO->query('SHOW COLUMNS FR...')
#1 C:\xampp\htdocs\nombre_de_empresa\Config\database.php(201): require_once('C:\\xampp\\htdocs...')
#2 C:\xampp\htdocs\nombre_de_empresa\Views\productos.php(10): require_once('C:\\xampp\\htdocs...')
#3 {main}
[28-Sep-2026 22:10:02 America/Bogota] === INICIO SETUP PRECIO_COMPRA ===
[28-Sep-2026 22:10:02 America/Bogota] ❌ ERROR: SQLSTATE[HY000]: General error: 1 near "SHOW": syntax error
[28-Sep-2026 22:10:02 America/Bogota] Stack: #0 C:\xampp\htdocs\nombre_de_empresa\Config\setup_precio_compra.php(31): PDO->query('SHOW COLUMNS FR...')
#1 C:\xampp\htdocs\nombre_de_empresa\Config\database.php(201): require_once('C:\\xampp\\htdocs...')
#2 C:\xampp\htdocs\nombre_de_empresa\Controllers\CreditosController.php(9): require_once('C:\\xampp\\htdocs...')
#3 {main}
[28-Sep-2026 22:27:45 America/Bogota] === INICIO SETUP PRECIO_COMPRA ===
[28-Sep-2026 22:27:45 America/Bogota] ❌ ERROR: SQLSTATE[HY000]: General error: 1 near "SHOW": syntax error
[28-Sep-2026 22:27:45 America/Bogota] Stack: #0 C:\xampp\htdocs\nombre_de_empresa\Config\setup_precio_compra.php(31): PDO->query('SHOW COLUMNS FR...')
#1 C:\xampp\htdocs\nombre_de_empresa\Config\database.php(201): require_once('C:\\xampp\\htdocs...')
#2 C:\xampp\htdocs\nombre_de_empresa\Controllers\CreditosController.php(9): require_once('C:\\xampp\\htdocs...')
#3 {main}
[28-Sep-2026 22:27:45 America/Bogota] === INICIO SETUP PRECIO_COMPRA ===
[28-Sep-2026 22:27:45 America/Bogota] ❌ ERROR: SQLSTATE[HY000]: General error: 1 near "SHOW": syntax error
[28-Sep-2026 22:27:45 America/Bogota] Stack: #0 C:\xampp\htdocs\nombre_de_empresa\Config\setup_precio_compra.php(31): PDO->query('SHOW COLUMNS FR...')
#1 C:\xampp\htdocs\nombre_de_empresa\Config\database.php(201): require_once('C:\\xampp\\htdocs...')
#2 C:\xampp\htdocs\nombre_de_empresa\Views\productos.php(10): require_once('C:\\xampp\\htdocs...')
#3 {main}
[28-Sep-2026 22:27:48 America/Bogota] === INICIO SETUP PRECIO_COMPRA ===
[28-Sep-2026 22:27:48 America/Bogota] ❌ ERROR: SQLSTATE[HY000]: General error: 1 near "SHOW": syntax error
[28-Sep-2026 22:27:48 America/Bogota] Stack: #0 C:\xampp\htdocs\nombre_de_empresa\Config\setup_precio_compra.php(31): PDO->query('SHOW COLUMNS FR...')
#1 C:\xampp\htdocs\nombre_de_empresa\Config\database.php(201): require_once('C:\\xampp\\htdocs...')
#2 C:\xampp\htdocs\nombre_de_empresa\Controllers\CreditosController.php(9): require_once('C:\\xampp\\htdocs...')
#3 {main}
[28-Sep-2026 22:27:48 America/Bogota] === INICIO SETUP PRECIO_COMPRA ===
[28-Sep-2026 22:27:48 America/Bogota] ❌ ERROR: SQLSTATE[HY000]: General error: 1 near "SHOW": syntax error
[28-Sep-2026 22:27:48 America/Bogota] Stack: #0 C:\xampp\htdocs\nombre_de_empresa\Config\setup_precio_compra.php(31): PDO->query('SHOW COLUMNS FR...')
#1 C:\xampp\htdocs\nombre_de_empresa\Config\database.php(201): require_once('C:\\xampp\\htdocs...')
#2 C:\xampp\htdocs\nombre_de_empresa\Views\productos.php(10): require_once('C:\\xampp\\htdocs...')
#3 {main}
[28-Sep-2026 22:27:53 America/Bogota] === INICIO SETUP PRECIO_COMPRA ===
[28-Sep-2026 22:27:53 America/Bogota] ❌ ERROR: SQLSTATE[HY000]: General error: 1 near "SHOW": syntax error
[28-Sep-2026 22:27:53 America/Bogota] Stack: #0 C:\xampp\htdocs\nombre_de_empresa\Config\setup_precio_compra.php(31): PDO->query('SHOW COLUMNS FR...')
#1 C:\xampp\htdocs\nombre_de_empresa\Config\database.php(201): require_once('C:\\xampp\\htdocs...')
#2 C:\xampp\htdocs\nombre_de_empresa\Views\productos.php(10): require_once('C:\\xampp\\htdocs...')
#3 {main}
[28-Sep-2026 22:27:55 America/Bogota] === INICIO SETUP PRECIO_COMPRA ===
[28-Sep-2026 22:27:55 America/Bogota] ❌ ERROR: SQLSTATE[HY000]: General error: 1 near "SHOW": syntax error
[28-Sep-2026 22:27:55 America/Bogota] Stack: #0 C:\xampp\htdocs\nombre_de_empresa\Config\setup_precio_compra.php(31): PDO->query('SHOW COLUMNS FR...')
#1 C:\xampp\htdocs\nombre_de_empresa\Config\database.php(201): require_once('C:\\xampp\\htdocs...')
#2 C:\xampp\htdocs\nombre_de_empresa\Controllers\CreditosController.php(9): require_once('C:\\xampp\\htdocs...')
#3 {main}
[28-Sep-2026 22:27:55 America/Bogota] === INICIO SETUP PRECIO_COMPRA ===
[28-Sep-2026 22:27:55 America/Bogota] ❌ ERROR: SQLSTATE[HY000]: General error: 1 near "SHOW": syntax error
[28-Sep-2026 22:27:55 America/Bogota] Stack: #0 C:\xampp\htdocs\nombre_de_empresa\Config\setup_precio_compra.php(31): PDO->query('SHOW COLUMNS FR...')
#1 C:\xampp\htdocs\nombre_de_empresa\Config\database.php(201): require_once('C:\\xampp\\htdocs...')
#2 C:\xampp\htdocs\nombre_de_empresa\Views\productos.php(10): require_once('C:\\xampp\\htdocs...')
#3 {main}
[28-Sep-2026 22:28:01 America/Bogota] === INICIO SETUP PRECIO_COMPRA ===
[28-Sep-2026 22:28:01 America/Bogota] ❌ ERROR: SQLSTATE[HY000]: General error: 1 near "SHOW": syntax error
[28-Sep-2026 22:28:01 America/Bogota] Stack: #0 C:\xampp\htdocs\nombre_de_empresa\Config\setup_precio_compra.php(31): PDO->query('SHOW COLUMNS FR...')
#1 C:\xampp\htdocs\nombre_de_empresa\Config\database.php(201): require_once('C:\\xampp\\htdocs...')
#2 C:\xampp\htdocs\nombre_de_empresa\Views\inventarios.php(13): require_once('C:\\xampp\\htdocs...')
#3 {main}
[28-Sep-2026 22:28:01 America/Bogota] === INICIO SETUP PRECIO_COMPRA ===
[28-Sep-2026 22:28:01 America/Bogota] ❌ ERROR: SQLSTATE[HY000]: General error: 1 near "SHOW": syntax error
[28-Sep-2026 22:28:01 America/Bogota] Stack: #0 C:\xampp\htdocs\nombre_de_empresa\Config\setup_precio_compra.php(31): PDO->query('SHOW COLUMNS FR...')
#1 C:\xampp\htdocs\nombre_de_empresa\Config\database.php(201): require_once('C:\\xampp\\htdocs...')
#2 C:\xampp\htdocs\nombre_de_empresa\Controllers\CreditosController.php(9): require_once('C:\\xampp\\htdocs...')
#3 {main}
[28-Sep-2026 22:28:10 America/Bogota] === INICIO SETUP PRECIO_COMPRA ===
[28-Sep-2026 22:28:10 America/Bogota] ❌ ERROR: SQLSTATE[HY000]: General error: 1 near "SHOW": syntax error
[28-Sep-2026 22:28:10 America/Bogota] Stack: #0 C:\xampp\htdocs\nombre_de_empresa\Config\setup_precio_compra.php(31): PDO->query('SHOW COLUMNS FR...')
#1 C:\xampp\htdocs\nombre_de_empresa\Config\database.php(201): require_once('C:\\xampp\\htdocs...')
#2 C:\xampp\htdocs\nombre_de_empresa\Controllers\BaseDatosController.php(10): require_once('C:\\xampp\\htdocs...')
#3 {main}
[28-Sep-2026 22:28:11 America/Bogota] === INICIO SETUP PRECIO_COMPRA ===
[28-Sep-2026 22:28:11 America/Bogota] ❌ ERROR: SQLSTATE[HY000]: General error: 1 near "SHOW": syntax error
[28-Sep-2026 22:28:11 America/Bogota] Stack: #0 C:\xampp\htdocs\nombre_de_empresa\Config\setup_precio_compra.php(31): PDO->query('SHOW COLUMNS FR...')
#1 C:\xampp\htdocs\nombre_de_empresa\Config\database.php(201): require_once('C:\\xampp\\htdocs...')
#2 C:\xampp\htdocs\nombre_de_empresa\Views\inventarios.php(13): require_once('C:\\xampp\\htdocs...')
#3 {main}
[28-Sep-2026 22:28:12 America/Bogota] === INICIO SETUP PRECIO_COMPRA ===
[28-Sep-2026 22:28:12 America/Bogota] ❌ ERROR: SQLSTATE[HY000]: General error: 1 near "SHOW": syntax error
[28-Sep-2026 22:28:12 America/Bogota] Stack: #0 C:\xampp\htdocs\nombre_de_empresa\Config\setup_precio_compra.php(31): PDO->query('SHOW COLUMNS FR...')
#1 C:\xampp\htdocs\nombre_de_empresa\Config\database.php(201): require_once('C:\\xampp\\htdocs...')
#2 C:\xampp\htdocs\nombre_de_empresa\Controllers\CreditosController.php(9): require_once('C:\\xampp\\htdocs...')
#3 {main}
[28-Sep-2026 22:28:15 America/Bogota] === INICIO SETUP PRECIO_COMPRA ===
[28-Sep-2026 22:28:15 America/Bogota] ❌ ERROR: SQLSTATE[HY000]: General error: 1 near "SHOW": syntax error
[28-Sep-2026 22:28:15 America/Bogota] Stack: #0 C:\xampp\htdocs\nombre_de_empresa\Config\setup_precio_compra.php(31): PDO->query('SHOW COLUMNS FR...')
#1 C:\xampp\htdocs\nombre_de_empresa\Config\database.php(201): require_once('C:\\xampp\\htdocs...')
#2 C:\xampp\htdocs\nombre_de_empresa\Views\productos.php(10): require_once('C:\\xampp\\htdocs...')
#3 {main}
[28-Sep-2026 22:28:18 America/Bogota] === INICIO SETUP PRECIO_COMPRA ===
[28-Sep-2026 22:28:18 America/Bogota] ❌ ERROR: SQLSTATE[HY000]: General error: 1 near "SHOW": syntax error
[28-Sep-2026 22:28:18 America/Bogota] Stack: #0 C:\xampp\htdocs\nombre_de_empresa\Config\setup_precio_compra.php(31): PDO->query('SHOW COLUMNS FR...')
#1 C:\xampp\htdocs\nombre_de_empresa\Config\database.php(201): require_once('C:\\xampp\\htdocs...')
#2 C:\xampp\htdocs\nombre_de_empresa\Controllers\CreditosController.php(9): require_once('C:\\xampp\\htdocs...')
#3 {main}
[28-Sep-2026 22:28:18 America/Bogota] === INICIO SETUP PRECIO_COMPRA ===
[28-Sep-2026 22:28:18 America/Bogota] ❌ ERROR: SQLSTATE[HY000]: General error: 1 near "SHOW": syntax error
[28-Sep-2026 22:28:18 America/Bogota] Stack: #0 C:\xampp\htdocs\nombre_de_empresa\Config\setup_precio_compra.php(31): PDO->query('SHOW COLUMNS FR...')
#1 C:\xampp\htdocs\nombre_de_empresa\Config\database.php(201): require_once('C:\\xampp\\htdocs...')
#2 C:\xampp\htdocs\nombre_de_empresa\Views\productos.php(10): require_once('C:\\xampp\\htdocs...')
#3 {main}
[28-Sep-2026 22:28:20 America/Bogota] === INICIO SETUP PRECIO_COMPRA ===
[28-Sep-2026 22:28:20 America/Bogota] ❌ ERROR: SQLSTATE[HY000]: General error: 1 near "SHOW": syntax error
[28-Sep-2026 22:28:20 America/Bogota] Stack: #0 C:\xampp\htdocs\nombre_de_empresa\Config\setup_precio_compra.php(31): PDO->query('SHOW COLUMNS FR...')
#1 C:\xampp\htdocs\nombre_de_empresa\Config\database.php(201): require_once('C:\\xampp\\htdocs...')
#2 C:\xampp\htdocs\nombre_de_empresa\Controllers\CreditosController.php(9): require_once('C:\\xampp\\htdocs...')
#3 {main}
[28-Sep-2026 22:28:21 America/Bogota] === INICIO SETUP PRECIO_COMPRA ===
[28-Sep-2026 22:28:21 America/Bogota] ❌ ERROR: SQLSTATE[HY000]: General error: 1 near "SHOW": syntax error
[28-Sep-2026 22:28:21 America/Bogota] Stack: #0 C:\xampp\htdocs\nombre_de_empresa\Config\setup_precio_compra.php(31): PDO->query('SHOW COLUMNS FR...')
#1 C:\xampp\htdocs\nombre_de_empresa\Config\database.php(201): require_once('C:\\xampp\\htdocs...')
#2 C:\xampp\htdocs\nombre_de_empresa\Views\productos.php(10): require_once('C:\\xampp\\htdocs...')
#3 {main}
[28-Sep-2026 22:28:21 America/Bogota] === INICIO SETUP PRECIO_COMPRA ===
[28-Sep-2026 22:28:21 America/Bogota] ❌ ERROR: SQLSTATE[HY000]: General error: 1 near "SHOW": syntax error
[28-Sep-2026 22:28:21 America/Bogota] Stack: #0 C:\xampp\htdocs\nombre_de_empresa\Config\setup_precio_compra.php(31): PDO->query('SHOW COLUMNS FR...')
#1 C:\xampp\htdocs\nombre_de_empresa\Config\database.php(201): require_once('C:\\xampp\\htdocs...')
#2 C:\xampp\htdocs\nombre_de_empresa\Controllers\CreditosController.php(9): require_once('C:\\xampp\\htdocs...')
#3 {main}
[28-Sep-2026 22:28:21 America/Bogota] === INICIO SETUP PRECIO_COMPRA ===
[28-Sep-2026 22:28:21 America/Bogota] ❌ ERROR: SQLSTATE[HY000]: General error: 1 near "SHOW": syntax error
[28-Sep-2026 22:28:21 America/Bogota] Stack: #0 C:\xampp\htdocs\nombre_de_empresa\Config\setup_precio_compra.php(31): PDO->query('SHOW COLUMNS FR...')
#1 C:\xampp\htdocs\nombre_de_empresa\Config\database.php(201): require_once('C:\\xampp\\htdocs...')
#2 C:\xampp\htdocs\nombre_de_empresa\Views\productos.php(10): require_once('C:\\xampp\\htdocs...')
#3 {main}
[28-Sep-2026 22:28:21 America/Bogota] === INICIO SETUP PRECIO_COMPRA ===
[28-Sep-2026 22:28:21 America/Bogota] ❌ ERROR: SQLSTATE[HY000]: General error: 1 near "SHOW": syntax error
[28-Sep-2026 22:28:21 America/Bogota] Stack: #0 C:\xampp\htdocs\nombre_de_empresa\Config\setup_precio_compra.php(31): PDO->query('SHOW COLUMNS FR...')
#1 C:\xampp\htdocs\nombre_de_empresa\Config\database.php(201): require_once('C:\\xampp\\htdocs...')
#2 C:\xampp\htdocs\nombre_de_empresa\Controllers\CreditosController.php(9): require_once('C:\\xampp\\htdocs...')
#3 {main}
[28-Sep-2026 22:28:21 America/Bogota] === INICIO SETUP PRECIO_COMPRA ===
[28-Sep-2026 22:28:21 America/Bogota] ❌ ERROR: SQLSTATE[HY000]: General error: 1 near "SHOW": syntax error
[28-Sep-2026 22:28:21 America/Bogota] Stack: #0 C:\xampp\htdocs\nombre_de_empresa\Config\setup_precio_compra.php(31): PDO->query('SHOW COLUMNS FR...')
#1 C:\xampp\htdocs\nombre_de_empresa\Config\database.php(201): require_once('C:\\xampp\\htdocs...')
#2 C:\xampp\htdocs\nombre_de_empresa\Views\productos.php(10): require_once('C:\\xampp\\htdocs...')
#3 {main}
[28-Sep-2026 22:28:22 America/Bogota] === INICIO SETUP PRECIO_COMPRA ===
[28-Sep-2026 22:28:22 America/Bogota] ❌ ERROR: SQLSTATE[HY000]: General error: 1 near "SHOW": syntax error
[28-Sep-2026 22:28:22 America/Bogota] Stack: #0 C:\xampp\htdocs\nombre_de_empresa\Config\setup_precio_compra.php(31): PDO->query('SHOW COLUMNS FR...')
#1 C:\xampp\htdocs\nombre_de_empresa\Config\database.php(201): require_once('C:\\xampp\\htdocs...')
#2 C:\xampp\htdocs\nombre_de_empresa\Controllers\CreditosController.php(9): require_once('C:\\xampp\\htdocs...')
#3 {main}
[28-Sep-2026 22:28:22 America/Bogota] === INICIO SETUP PRECIO_COMPRA ===
[28-Sep-2026 22:28:22 America/Bogota] ❌ ERROR: SQLSTATE[HY000]: General error: 1 near "SHOW": syntax error
[28-Sep-2026 22:28:22 America/Bogota] Stack: #0 C:\xampp\htdocs\nombre_de_empresa\Config\setup_precio_compra.php(31): PDO->query('SHOW COLUMNS FR...')
#1 C:\xampp\htdocs\nombre_de_empresa\Config\database.php(201): require_once('C:\\xampp\\htdocs...')
#2 C:\xampp\htdocs\nombre_de_empresa\Views\productos.php(10): require_once('C:\\xampp\\htdocs...')
#3 {main}
[28-Sep-2026 22:28:22 America/Bogota] === INICIO SETUP PRECIO_COMPRA ===
[28-Sep-2026 22:28:22 America/Bogota] ❌ ERROR: SQLSTATE[HY000]: General error: 1 near "SHOW": syntax error
[28-Sep-2026 22:28:22 America/Bogota] Stack: #0 C:\xampp\htdocs\nombre_de_empresa\Config\setup_precio_compra.php(31): PDO->query('SHOW COLUMNS FR...')
#1 C:\xampp\htdocs\nombre_de_empresa\Config\database.php(201): require_once('C:\\xampp\\htdocs...')
#2 C:\xampp\htdocs\nombre_de_empresa\Controllers\CreditosController.php(9): require_once('C:\\xampp\\htdocs...')
#3 {main}
[28-Sep-2026 22:28:22 America/Bogota] === INICIO SETUP PRECIO_COMPRA ===
[28-Sep-2026 22:28:22 America/Bogota] ❌ ERROR: SQLSTATE[HY000]: General error: 1 near "SHOW": syntax error
[28-Sep-2026 22:28:22 America/Bogota] Stack: #0 C:\xampp\htdocs\nombre_de_empresa\Config\setup_precio_compra.php(31): PDO->query('SHOW COLUMNS FR...')
#1 C:\xampp\htdocs\nombre_de_empresa\Config\database.php(201): require_once('C:\\xampp\\htdocs...')
#2 C:\xampp\htdocs\nombre_de_empresa\Views\productos.php(10): require_once('C:\\xampp\\htdocs...')
#3 {main}
[28-Sep-2026 22:28:24 America/Bogota] === INICIO SETUP PRECIO_COMPRA ===
[28-Sep-2026 22:28:24 America/Bogota] ❌ ERROR: SQLSTATE[HY000]: General error: 1 near "SHOW": syntax error
[28-Sep-2026 22:28:24 America/Bogota] Stack: #0 C:\xampp\htdocs\nombre_de_empresa\Config\setup_precio_compra.php(31): PDO->query('SHOW COLUMNS FR...')
#1 C:\xampp\htdocs\nombre_de_empresa\Config\database.php(201): require_once('C:\\xampp\\htdocs...')
#2 C:\xampp\htdocs\nombre_de_empresa\Views\inventarios.php(13): require_once('C:\\xampp\\htdocs...')
#3 {main}
[28-Sep-2026 22:28:25 America/Bogota] === INICIO SETUP PRECIO_COMPRA ===
[28-Sep-2026 22:28:25 America/Bogota] ❌ ERROR: SQLSTATE[HY000]: General error: 1 near "SHOW": syntax error
[28-Sep-2026 22:28:25 America/Bogota] Stack: #0 C:\xampp\htdocs\nombre_de_empresa\Config\setup_precio_compra.php(31): PDO->query('SHOW COLUMNS FR...')
#1 C:\xampp\htdocs\nombre_de_empresa\Config\database.php(201): require_once('C:\\xampp\\htdocs...')
#2 C:\xampp\htdocs\nombre_de_empresa\Controllers\CreditosController.php(9): require_once('C:\\xampp\\htdocs...')
#3 {main}
[28-Sep-2026 22:28:25 America/Bogota] === INICIO SETUP PRECIO_COMPRA ===
[28-Sep-2026 22:28:25 America/Bogota] ❌ ERROR: SQLSTATE[HY000]: General error: 1 near "SHOW": syntax error
[28-Sep-2026 22:28:25 America/Bogota] Stack: #0 C:\xampp\htdocs\nombre_de_empresa\Config\setup_precio_compra.php(31): PDO->query('SHOW COLUMNS FR...')
#1 C:\xampp\htdocs\nombre_de_empresa\Config\database.php(201): require_once('C:\\xampp\\htdocs...')
#2 C:\xampp\htdocs\nombre_de_empresa\Controllers\CreditosController.php(9): require_once('C:\\xampp\\htdocs...')
#3 {main}
[28-Sep-2026 22:28:29 America/Bogota] === INICIO SETUP PRECIO_COMPRA ===
[28-Sep-2026 22:28:29 America/Bogota] ❌ ERROR: SQLSTATE[HY000]: General error: 1 near "SHOW": syntax error
[28-Sep-2026 22:28:29 America/Bogota] Stack: #0 C:\xampp\htdocs\nombre_de_empresa\Config\setup_precio_compra.php(31): PDO->query('SHOW COLUMNS FR...')
#1 C:\xampp\htdocs\nombre_de_empresa\Config\database.php(201): require_once('C:\\xampp\\htdocs...')
#2 C:\xampp\htdocs\nombre_de_empresa\Controllers\CreditosController.php(9): require_once('C:\\xampp\\htdocs...')
#3 {main}
[28-Sep-2026 22:28:29 America/Bogota] === INICIO SETUP PRECIO_COMPRA ===
[28-Sep-2026 22:28:29 America/Bogota] ❌ ERROR: SQLSTATE[HY000]: General error: 1 near "SHOW": syntax error
[28-Sep-2026 22:28:29 America/Bogota] Stack: #0 C:\xampp\htdocs\nombre_de_empresa\Config\setup_precio_compra.php(31): PDO->query('SHOW COLUMNS FR...')
#1 C:\xampp\htdocs\nombre_de_empresa\Config\database.php(201): require_once('C:\\xampp\\htdocs...')
#2 C:\xampp\htdocs\nombre_de_empresa\Views\productos.php(10): require_once('C:\\xampp\\htdocs...')
#3 {main}
[28-Sep-2026 22:28:38 America/Bogota] === INICIO SETUP PRECIO_COMPRA ===
[28-Sep-2026 22:28:38 America/Bogota] ❌ ERROR: SQLSTATE[HY000]: General error: 1 near "SHOW": syntax error
[28-Sep-2026 22:28:38 America/Bogota] Stack: #0 C:\xampp\htdocs\nombre_de_empresa\Config\setup_precio_compra.php(31): PDO->query('SHOW COLUMNS FR...')
#1 C:\xampp\htdocs\nombre_de_empresa\Config\database.php(201): require_once('C:\\xampp\\htdocs...')
#2 C:\xampp\htdocs\nombre_de_empresa\Controllers\BaseDatosController.php(10): require_once('C:\\xampp\\htdocs...')
#3 {main}
[28-Sep-2026 22:28:39 America/Bogota] === INICIO SETUP PRECIO_COMPRA ===
[28-Sep-2026 22:28:39 America/Bogota] ❌ ERROR: SQLSTATE[HY000]: General error: 1 near "SHOW": syntax error
[28-Sep-2026 22:28:39 America/Bogota] Stack: #0 C:\xampp\htdocs\nombre_de_empresa\Config\setup_precio_compra.php(31): PDO->query('SHOW COLUMNS FR...')
#1 C:\xampp\htdocs\nombre_de_empresa\Config\database.php(201): require_once('C:\\xampp\\htdocs...')
#2 C:\xampp\htdocs\nombre_de_empresa\Views\productos.php(10): require_once('C:\\xampp\\htdocs...')
#3 {main}
[28-Sep-2026 22:28:41 America/Bogota] === INICIO SETUP PRECIO_COMPRA ===
[28-Sep-2026 22:28:41 America/Bogota] ❌ ERROR: SQLSTATE[HY000]: General error: 1 near "SHOW": syntax error
[28-Sep-2026 22:28:41 America/Bogota] Stack: #0 C:\xampp\htdocs\nombre_de_empresa\Config\setup_precio_compra.php(31): PDO->query('SHOW COLUMNS FR...')
#1 C:\xampp\htdocs\nombre_de_empresa\Config\database.php(201): require_once('C:\\xampp\\htdocs...')
#2 C:\xampp\htdocs\nombre_de_empresa\Controllers\CreditosController.php(9): require_once('C:\\xampp\\htdocs...')
#3 {main}
[28-Sep-2026 22:28:41 America/Bogota] ✅ Columna precio_compra creada en productos
[28-Sep-2026 22:28:41 America/Bogota] === INICIO SETUP PRECIO_COMPRA ===
[28-Sep-2026 22:28:41 America/Bogota] ❌ ERROR: SQLSTATE[HY000]: General error: 1 near "SHOW": syntax error
[28-Sep-2026 22:28:41 America/Bogota] Stack: #0 C:\xampp\htdocs\nombre_de_empresa\Config\setup_precio_compra.php(31): PDO->query('SHOW COLUMNS FR...')
#1 C:\xampp\htdocs\nombre_de_empresa\Config\database.php(201): require_once('C:\\xampp\\htdocs...')
#2 C:\xampp\htdocs\nombre_de_empresa\Views\productos.php(10): require_once('C:\\xampp\\htdocs...')
#3 {main}
[28-Sep-2026 22:28:44 America/Bogota] === INICIO SETUP PRECIO_COMPRA ===
[28-Sep-2026 22:28:44 America/Bogota] ❌ ERROR: SQLSTATE[HY000]: General error: 1 near "SHOW": syntax error
[28-Sep-2026 22:28:44 America/Bogota] Stack: #0 C:\xampp\htdocs\nombre_de_empresa\Config\setup_precio_compra.php(31): PDO->query('SHOW COLUMNS FR...')
#1 C:\xampp\htdocs\nombre_de_empresa\Config\database.php(201): require_once('C:\\xampp\\htdocs...')
#2 C:\xampp\htdocs\nombre_de_empresa\Views\inventarios.php(13): require_once('C:\\xampp\\htdocs...')
#3 {main}
[28-Sep-2026 22:28:44 America/Bogota] === INICIO SETUP PRECIO_COMPRA ===
[28-Sep-2026 22:28:44 America/Bogota] ❌ ERROR: SQLSTATE[HY000]: General error: 1 near "SHOW": syntax error
[28-Sep-2026 22:28:44 America/Bogota] Stack: #0 C:\xampp\htdocs\nombre_de_empresa\Config\setup_precio_compra.php(31): PDO->query('SHOW COLUMNS FR...')
#1 C:\xampp\htdocs\nombre_de_empresa\Config\database.php(201): require_once('C:\\xampp\\htdocs...')
#2 C:\xampp\htdocs\nombre_de_empresa\Controllers\CreditosController.php(9): require_once('C:\\xampp\\htdocs...')
#3 {main}
[28-Sep-2026 22:28:49 America/Bogota] === INICIO SETUP PRECIO_COMPRA ===
[28-Sep-2026 22:28:49 America/Bogota] ❌ ERROR: SQLSTATE[HY000]: General error: 1 near "SHOW": syntax error
[28-Sep-2026 22:28:49 America/Bogota] Stack: #0 C:\xampp\htdocs\nombre_de_empresa\Config\setup_precio_compra.php(31): PDO->query('SHOW COLUMNS FR...')
#1 C:\xampp\htdocs\nombre_de_empresa\Config\database.php(201): require_once('C:\\xampp\\htdocs...')
#2 C:\xampp\htdocs\nombre_de_empresa\Views\productos.php(10): require_once('C:\\xampp\\htdocs...')
#3 {main}
[28-Sep-2026 22:28:50 America/Bogota] === INICIO SETUP PRECIO_COMPRA ===
[28-Sep-2026 22:28:50 America/Bogota] ❌ ERROR: SQLSTATE[HY000]: General error: 1 near "SHOW": syntax error
[28-Sep-2026 22:28:50 America/Bogota] Stack: #0 C:\xampp\htdocs\nombre_de_empresa\Config\setup_precio_compra.php(31): PDO->query('SHOW COLUMNS FR...')
#1 C:\xampp\htdocs\nombre_de_empresa\Config\database.php(201): require_once('C:\\xampp\\htdocs...')
#2 C:\xampp\htdocs\nombre_de_empresa\Controllers\CreditosController.php(9): require_once('C:\\xampp\\htdocs...')
#3 {main}
[28-Sep-2026 22:28:50 America/Bogota] === INICIO SETUP PRECIO_COMPRA ===
[28-Sep-2026 22:28:50 America/Bogota] ❌ ERROR: SQLSTATE[HY000]: General error: 1 near "SHOW": syntax error
[28-Sep-2026 22:28:50 America/Bogota] Stack: #0 C:\xampp\htdocs\nombre_de_empresa\Config\setup_precio_compra.php(31): PDO->query('SHOW COLUMNS FR...')
#1 C:\xampp\htdocs\nombre_de_empresa\Config\database.php(201): require_once('C:\\xampp\\htdocs...')
#2 C:\xampp\htdocs\nombre_de_empresa\Views\productos.php(10): require_once('C:\\xampp\\htdocs...')
#3 {main}
[28-Sep-2026 22:28:51 America/Bogota] === INICIO SETUP PRECIO_COMPRA ===
[28-Sep-2026 22:28:51 America/Bogota] ❌ ERROR: SQLSTATE[HY000]: General error: 1 near "SHOW": syntax error
[28-Sep-2026 22:28:51 America/Bogota] Stack: #0 C:\xampp\htdocs\nombre_de_empresa\Config\setup_precio_compra.php(31): PDO->query('SHOW COLUMNS FR...')
#1 C:\xampp\htdocs\nombre_de_empresa\Config\database.php(201): require_once('C:\\xampp\\htdocs...')
#2 C:\xampp\htdocs\nombre_de_empresa\Controllers\CreditosController.php(9): require_once('C:\\xampp\\htdocs...')
#3 {main}
[28-Sep-2026 22:28:51 America/Bogota] === INICIO SETUP PRECIO_COMPRA ===
[28-Sep-2026 22:28:51 America/Bogota] ❌ ERROR: SQLSTATE[HY000]: General error: 1 near "SHOW": syntax error
[28-Sep-2026 22:28:51 America/Bogota] Stack: #0 C:\xampp\htdocs\nombre_de_empresa\Config\setup_precio_compra.php(31): PDO->query('SHOW COLUMNS FR...')
#1 C:\xampp\htdocs\nombre_de_empresa\Config\database.php(201): require_once('C:\\xampp\\htdocs...')
#2 C:\xampp\htdocs\nombre_de_empresa\Views\productos.php(10): require_once('C:\\xampp\\htdocs...')
#3 {main}
[28-Sep-2026 22:29:02 America/Bogota] === INICIO SETUP PRECIO_COMPRA ===
[28-Sep-2026 22:29:02 America/Bogota] ❌ ERROR: SQLSTATE[HY000]: General error: 1 near "SHOW": syntax error
[28-Sep-2026 22:29:02 America/Bogota] Stack: #0 C:\xampp\htdocs\nombre_de_empresa\Config\setup_precio_compra.php(31): PDO->query('SHOW COLUMNS FR...')
#1 C:\xampp\htdocs\nombre_de_empresa\Config\database.php(201): require_once('C:\\xampp\\htdocs...')
#2 C:\xampp\htdocs\nombre_de_empresa\Controllers\BaseDatosController.php(10): require_once('C:\\xampp\\htdocs...')
#3 {main}
[28-Sep-2026 22:29:03 America/Bogota] === INICIO SETUP PRECIO_COMPRA ===
[28-Sep-2026 22:29:03 America/Bogota] ❌ ERROR: SQLSTATE[HY000]: General error: 1 near "SHOW": syntax error
[28-Sep-2026 22:29:03 America/Bogota] Stack: #0 C:\xampp\htdocs\nombre_de_empresa\Config\setup_precio_compra.php(31): PDO->query('SHOW COLUMNS FR...')
#1 C:\xampp\htdocs\nombre_de_empresa\Config\database.php(201): require_once('C:\\xampp\\htdocs...')
#2 C:\xampp\htdocs\nombre_de_empresa\Controllers\CreditosController.php(9): require_once('C:\\xampp\\htdocs...')
#3 {main}
[28-Sep-2026 22:29:03 America/Bogota] ✅ Columna precio_compra creada en productos
[28-Sep-2026 22:29:05 America/Bogota] === INICIO SETUP PRECIO_COMPRA ===
[28-Sep-2026 22:29:05 America/Bogota] ❌ ERROR: SQLSTATE[HY000]: General error: 1 near "SHOW": syntax error
[28-Sep-2026 22:29:05 America/Bogota] Stack: #0 C:\xampp\htdocs\nombre_de_empresa\Config\setup_precio_compra.php(31): PDO->query('SHOW COLUMNS FR...')
#1 C:\xampp\htdocs\nombre_de_empresa\Config\database.php(201): require_once('C:\\xampp\\htdocs...')
#2 C:\xampp\htdocs\nombre_de_empresa\Controllers\CreditosController.php(9): require_once('C:\\xampp\\htdocs...')
#3 {main}
[28-Sep-2026 22:29:08 America/Bogota] === INICIO SETUP PRECIO_COMPRA ===
[28-Sep-2026 22:29:08 America/Bogota] ❌ ERROR: SQLSTATE[HY000]: General error: 1 near "SHOW": syntax error
[28-Sep-2026 22:29:08 America/Bogota] Stack: #0 C:\xampp\htdocs\nombre_de_empresa\Config\setup_precio_compra.php(31): PDO->query('SHOW COLUMNS FR...')
#1 C:\xampp\htdocs\nombre_de_empresa\Config\database.php(201): require_once('C:\\xampp\\htdocs...')
#2 C:\xampp\htdocs\nombre_de_empresa\Views\inventarios.php(13): require_once('C:\\xampp\\htdocs...')
#3 {main}
[28-Sep-2026 22:29:08 America/Bogota] === INICIO SETUP PRECIO_COMPRA ===
[28-Sep-2026 22:29:08 America/Bogota] ❌ ERROR: SQLSTATE[HY000]: General error: 1 near "SHOW": syntax error
[28-Sep-2026 22:29:08 America/Bogota] Stack: #0 C:\xampp\htdocs\nombre_de_empresa\Config\setup_precio_compra.php(31): PDO->query('SHOW COLUMNS FR...')
#1 C:\xampp\htdocs\nombre_de_empresa\Config\database.php(201): require_once('C:\\xampp\\htdocs...')
#2 C:\xampp\htdocs\nombre_de_empresa\Controllers\CreditosController.php(9): require_once('C:\\xampp\\htdocs...')
#3 {main}
[28-Sep-2026 22:29:13 America/Bogota] === INICIO SETUP PRECIO_COMPRA ===
[28-Sep-2026 22:29:13 America/Bogota] ❌ ERROR: SQLSTATE[HY000]: General error: 1 near "SHOW": syntax error
[28-Sep-2026 22:29:13 America/Bogota] Stack: #0 C:\xampp\htdocs\nombre_de_empresa\Config\setup_precio_compra.php(31): PDO->query('SHOW COLUMNS FR...')
#1 C:\xampp\htdocs\nombre_de_empresa\Config\database.php(201): require_once('C:\\xampp\\htdocs...')
#2 C:\xampp\htdocs\nombre_de_empresa\Views\productos.php(10): require_once('C:\\xampp\\htdocs...')
#3 {main}
[28-Sep-2026 22:29:15 America/Bogota] === INICIO SETUP PRECIO_COMPRA ===
[28-Sep-2026 22:29:15 America/Bogota] ❌ ERROR: SQLSTATE[HY000]: General error: 1 near "SHOW": syntax error
[28-Sep-2026 22:29:15 America/Bogota] Stack: #0 C:\xampp\htdocs\nombre_de_empresa\Config\setup_precio_compra.php(31): PDO->query('SHOW COLUMNS FR...')
#1 C:\xampp\htdocs\nombre_de_empresa\Config\database.php(201): require_once('C:\\xampp\\htdocs...')
#2 C:\xampp\htdocs\nombre_de_empresa\Controllers\CreditosController.php(9): require_once('C:\\xampp\\htdocs...')
#3 {main}
[28-Sep-2026 22:29:15 America/Bogota] === INICIO SETUP PRECIO_COMPRA ===
[28-Sep-2026 22:29:15 America/Bogota] ❌ ERROR: SQLSTATE[HY000]: General error: 1 near "SHOW": syntax error
[28-Sep-2026 22:29:15 America/Bogota] Stack: #0 C:\xampp\htdocs\nombre_de_empresa\Config\setup_precio_compra.php(31): PDO->query('SHOW COLUMNS FR...')
#1 C:\xampp\htdocs\nombre_de_empresa\Config\database.php(201): require_once('C:\\xampp\\htdocs...')
#2 C:\xampp\htdocs\nombre_de_empresa\Views\productos.php(10): require_once('C:\\xampp\\htdocs...')
#3 {main}
[28-Sep-2026 22:29:24 America/Bogota] === INICIO SETUP PRECIO_COMPRA ===
[28-Sep-2026 22:29:24 America/Bogota] ❌ ERROR: SQLSTATE[HY000]: General error: 1 near "SHOW": syntax error
[28-Sep-2026 22:29:24 America/Bogota] Stack: #0 C:\xampp\htdocs\nombre_de_empresa\Config\setup_precio_compra.php(31): PDO->query('SHOW COLUMNS FR...')
#1 C:\xampp\htdocs\nombre_de_empresa\Config\database.php(201): require_once('C:\\xampp\\htdocs...')
#2 C:\xampp\htdocs\nombre_de_empresa\Controllers\BaseDatosController.php(10): require_once('C:\\xampp\\htdocs...')
#3 {main}
[28-Sep-2026 22:29:26 America/Bogota] === INICIO SETUP PRECIO_COMPRA ===
[28-Sep-2026 22:29:26 America/Bogota] ❌ ERROR: SQLSTATE[HY000]: General error: 1 near "SHOW": syntax error
[28-Sep-2026 22:29:26 America/Bogota] Stack: #0 C:\xampp\htdocs\nombre_de_empresa\Config\setup_precio_compra.php(31): PDO->query('SHOW COLUMNS FR...')
#1 C:\xampp\htdocs\nombre_de_empresa\Config\database.php(201): require_once('C:\\xampp\\htdocs...')
#2 C:\xampp\htdocs\nombre_de_empresa\Controllers\CreditosController.php(9): require_once('C:\\xampp\\htdocs...')
#3 {main}
[28-Sep-2026 22:29:26 America/Bogota] ✅ Columna precio_compra creada en productos
[28-Sep-2026 22:29:27 America/Bogota] === INICIO SETUP PRECIO_COMPRA ===
[28-Sep-2026 22:29:27 America/Bogota] ❌ ERROR: SQLSTATE[HY000]: General error: 1 near "SHOW": syntax error
[28-Sep-2026 22:29:27 America/Bogota] Stack: #0 C:\xampp\htdocs\nombre_de_empresa\Config\setup_precio_compra.php(31): PDO->query('SHOW COLUMNS FR...')
#1 C:\xampp\htdocs\nombre_de_empresa\Config\database.php(201): require_once('C:\\xampp\\htdocs...')
#2 C:\xampp\htdocs\nombre_de_empresa\Views\productos.php(10): require_once('C:\\xampp\\htdocs...')
#3 {main}
[28-Sep-2026 22:29:28 America/Bogota] === INICIO SETUP PRECIO_COMPRA ===
[28-Sep-2026 22:29:28 America/Bogota] ❌ ERROR: SQLSTATE[HY000]: General error: 1 near "SHOW": syntax error
[28-Sep-2026 22:29:28 America/Bogota] Stack: #0 C:\xampp\htdocs\nombre_de_empresa\Config\setup_precio_compra.php(31): PDO->query('SHOW COLUMNS FR...')
#1 C:\xampp\htdocs\nombre_de_empresa\Config\database.php(201): require_once('C:\\xampp\\htdocs...')
#2 C:\xampp\htdocs\nombre_de_empresa\Controllers\CreditosController.php(9): require_once('C:\\xampp\\htdocs...')
#3 {main}
[28-Sep-2026 22:29:28 America/Bogota] === INICIO SETUP PRECIO_COMPRA ===
[28-Sep-2026 22:29:28 America/Bogota] ❌ ERROR: SQLSTATE[HY000]: General error: 1 near "SHOW": syntax error
[28-Sep-2026 22:29:28 America/Bogota] Stack: #0 C:\xampp\htdocs\nombre_de_empresa\Config\setup_precio_compra.php(31): PDO->query('SHOW COLUMNS FR...')
#1 C:\xampp\htdocs\nombre_de_empresa\Config\database.php(201): require_once('C:\\xampp\\htdocs...')
#2 C:\xampp\htdocs\nombre_de_empresa\Views\productos.php(10): require_once('C:\\xampp\\htdocs...')
#3 {main}
[28-Sep-2026 22:29:30 America/Bogota] === INICIO SETUP PRECIO_COMPRA ===
[28-Sep-2026 22:29:30 America/Bogota] ❌ ERROR: SQLSTATE[HY000]: General error: 1 near "SHOW": syntax error
[28-Sep-2026 22:29:30 America/Bogota] Stack: #0 C:\xampp\htdocs\nombre_de_empresa\Config\setup_precio_compra.php(31): PDO->query('SHOW COLUMNS FR...')
#1 C:\xampp\htdocs\nombre_de_empresa\Config\database.php(201): require_once('C:\\xampp\\htdocs...')
#2 C:\xampp\htdocs\nombre_de_empresa\Views\inventarios.php(13): require_once('C:\\xampp\\htdocs...')
#3 {main}
[28-Sep-2026 22:29:30 America/Bogota] === INICIO SETUP PRECIO_COMPRA ===
[28-Sep-2026 22:29:30 America/Bogota] ❌ ERROR: SQLSTATE[HY000]: General error: 1 near "SHOW": syntax error
[28-Sep-2026 22:29:30 America/Bogota] Stack: #0 C:\xampp\htdocs\nombre_de_empresa\Config\setup_precio_compra.php(31): PDO->query('SHOW COLUMNS FR...')
#1 C:\xampp\htdocs\nombre_de_empresa\Config\database.php(201): require_once('C:\\xampp\\htdocs...')
#2 C:\xampp\htdocs\nombre_de_empresa\Controllers\CreditosController.php(9): require_once('C:\\xampp\\htdocs...')
#3 {main}
[28-Sep-2026 22:29:35 America/Bogota] === INICIO SETUP PRECIO_COMPRA ===
[28-Sep-2026 22:29:35 America/Bogota] ❌ ERROR: SQLSTATE[HY000]: General error: 1 near "SHOW": syntax error
[28-Sep-2026 22:29:35 America/Bogota] Stack: #0 C:\xampp\htdocs\nombre_de_empresa\Config\setup_precio_compra.php(31): PDO->query('SHOW COLUMNS FR...')
#1 C:\xampp\htdocs\nombre_de_empresa\Config\database.php(201): require_once('C:\\xampp\\htdocs...')
#2 C:\xampp\htdocs\nombre_de_empresa\Views\productos.php(10): require_once('C:\\xampp\\htdocs...')
#3 {main}
[28-Sep-2026 22:29:37 America/Bogota] === INICIO SETUP PRECIO_COMPRA ===
[28-Sep-2026 22:29:37 America/Bogota] ❌ ERROR: SQLSTATE[HY000]: General error: 1 near "SHOW": syntax error
[28-Sep-2026 22:29:37 America/Bogota] Stack: #0 C:\xampp\htdocs\nombre_de_empresa\Config\setup_precio_compra.php(31): PDO->query('SHOW COLUMNS FR...')
#1 C:\xampp\htdocs\nombre_de_empresa\Config\database.php(201): require_once('C:\\xampp\\htdocs...')
#2 C:\xampp\htdocs\nombre_de_empresa\Controllers\CreditosController.php(9): require_once('C:\\xampp\\htdocs...')
#3 {main}
[28-Sep-2026 22:29:37 America/Bogota] === INICIO SETUP PRECIO_COMPRA ===
[28-Sep-2026 22:29:37 America/Bogota] ❌ ERROR: SQLSTATE[HY000]: General error: 1 near "SHOW": syntax error
[28-Sep-2026 22:29:37 America/Bogota] Stack: #0 C:\xampp\htdocs\nombre_de_empresa\Config\setup_precio_compra.php(31): PDO->query('SHOW COLUMNS FR...')
#1 C:\xampp\htdocs\nombre_de_empresa\Config\database.php(201): require_once('C:\\xampp\\htdocs...')
#2 C:\xampp\htdocs\nombre_de_empresa\Views\productos.php(10): require_once('C:\\xampp\\htdocs...')
#3 {main}
[28-Sep-2026 22:29:38 America/Bogota] === INICIO SETUP PRECIO_COMPRA ===
[28-Sep-2026 22:29:38 America/Bogota] ❌ ERROR: SQLSTATE[HY000]: General error: 1 near "SHOW": syntax error
[28-Sep-2026 22:29:38 America/Bogota] Stack: #0 C:\xampp\htdocs\nombre_de_empresa\Config\setup_precio_compra.php(31): PDO->query('SHOW COLUMNS FR...')
#1 C:\xampp\htdocs\nombre_de_empresa\Config\database.php(201): require_once('C:\\xampp\\htdocs...')
#2 C:\xampp\htdocs\nombre_de_empresa\Controllers\CreditosController.php(9): require_once('C:\\xampp\\htdocs...')
#3 {main}
[28-Sep-2026 22:29:38 America/Bogota] === INICIO SETUP PRECIO_COMPRA ===
[28-Sep-2026 22:29:38 America/Bogota] ❌ ERROR: SQLSTATE[HY000]: General error: 1 near "SHOW": syntax error
[28-Sep-2026 22:29:38 America/Bogota] Stack: #0 C:\xampp\htdocs\nombre_de_empresa\Config\setup_precio_compra.php(31): PDO->query('SHOW COLUMNS FR...')
#1 C:\xampp\htdocs\nombre_de_empresa\Config\database.php(201): require_once('C:\\xampp\\htdocs...')
#2 C:\xampp\htdocs\nombre_de_empresa\Views\productos.php(10): require_once('C:\\xampp\\htdocs...')
#3 {main}
[28-Sep-2026 22:33:08 America/Bogota] === INICIO SETUP PRECIO_COMPRA ===
[28-Sep-2026 22:33:08 America/Bogota] ❌ ERROR: SQLSTATE[HY000]: General error: 1 near "SHOW": syntax error
[28-Sep-2026 22:33:08 America/Bogota] Stack: #0 C:\xampp\htdocs\nombre_de_empresa\Config\setup_precio_compra.php(31): PDO->query('SHOW COLUMNS FR...')
#1 C:\xampp\htdocs\nombre_de_empresa\Config\database.php(242): require_once('C:\\xampp\\htdocs...')
#2 C:\xampp\htdocs\nombre_de_empresa\Views\productos.php(10): require_once('C:\\xampp\\htdocs...')
#3 {main}
[28-Sep-2026 22:33:15 America/Bogota] === INICIO SETUP PRECIO_COMPRA ===
[28-Sep-2026 22:33:15 America/Bogota] ❌ ERROR: SQLSTATE[HY000]: General error: 1 near "SHOW": syntax error
[28-Sep-2026 22:33:15 America/Bogota] Stack: #0 C:\xampp\htdocs\nombre_de_empresa\Config\setup_precio_compra.php(31): PDO->query('SHOW COLUMNS FR...')
#1 C:\xampp\htdocs\nombre_de_empresa\Config\database.php(242): require_once('C:\\xampp\\htdocs...')
#2 C:\xampp\htdocs\nombre_de_empresa\Controllers\BaseDatosController.php(10): require_once('C:\\xampp\\htdocs...')
#3 {main}
[28-Sep-2026 22:33:16 America/Bogota] === INICIO SETUP PRECIO_COMPRA ===
[28-Sep-2026 22:33:16 America/Bogota] ❌ ERROR: SQLSTATE[HY000]: General error: 1 near "SHOW": syntax error
[28-Sep-2026 22:33:16 America/Bogota] Stack: #0 C:\xampp\htdocs\nombre_de_empresa\Config\setup_precio_compra.php(31): PDO->query('SHOW COLUMNS FR...')
#1 C:\xampp\htdocs\nombre_de_empresa\Config\database.php(242): require_once('C:\\xampp\\htdocs...')
#2 C:\xampp\htdocs\nombre_de_empresa\Controllers\CreditosController.php(9): require_once('C:\\xampp\\htdocs...')
#3 {main}
[28-Sep-2026 22:33:16 America/Bogota] ✅ Columna precio_compra creada en productos
[28-Sep-2026 22:33:19 America/Bogota] === INICIO SETUP PRECIO_COMPRA ===
[28-Sep-2026 22:33:19 America/Bogota] ❌ ERROR: SQLSTATE[HY000]: General error: 1 near "SHOW": syntax error
[28-Sep-2026 22:33:19 America/Bogota] Stack: #0 C:\xampp\htdocs\nombre_de_empresa\Config\setup_precio_compra.php(31): PDO->query('SHOW COLUMNS FR...')
#1 C:\xampp\htdocs\nombre_de_empresa\Config\database.php(242): require_once('C:\\xampp\\htdocs...')
#2 C:\xampp\htdocs\nombre_de_empresa\Views\inventarios.php(13): require_once('C:\\xampp\\htdocs...')
#3 {main}
[28-Sep-2026 22:33:19 America/Bogota] === INICIO SETUP PRECIO_COMPRA ===
[28-Sep-2026 22:33:19 America/Bogota] ❌ ERROR: SQLSTATE[HY000]: General error: 1 near "SHOW": syntax error
[28-Sep-2026 22:33:19 America/Bogota] Stack: #0 C:\xampp\htdocs\nombre_de_empresa\Config\setup_precio_compra.php(31): PDO->query('SHOW COLUMNS FR...')
#1 C:\xampp\htdocs\nombre_de_empresa\Config\database.php(242): require_once('C:\\xampp\\htdocs...')
#2 C:\xampp\htdocs\nombre_de_empresa\Controllers\CreditosController.php(9): require_once('C:\\xampp\\htdocs...')
#3 {main}
[28-Sep-2026 22:33:23 America/Bogota] === INICIO SETUP PRECIO_COMPRA ===
[28-Sep-2026 22:33:23 America/Bogota] ❌ ERROR: SQLSTATE[HY000]: General error: 1 near "SHOW": syntax error
[28-Sep-2026 22:33:23 America/Bogota] Stack: #0 C:\xampp\htdocs\nombre_de_empresa\Config\setup_precio_compra.php(31): PDO->query('SHOW COLUMNS FR...')
#1 C:\xampp\htdocs\nombre_de_empresa\Config\database.php(242): require_once('C:\\xampp\\htdocs...')
#2 C:\xampp\htdocs\nombre_de_empresa\Views\productos.php(10): require_once('C:\\xampp\\htdocs...')
#3 {main}
[28-Sep-2026 22:33:26 America/Bogota] === INICIO SETUP PRECIO_COMPRA ===
[28-Sep-2026 22:33:26 America/Bogota] ❌ ERROR: SQLSTATE[HY000]: General error: 1 near "SHOW": syntax error
[28-Sep-2026 22:33:26 America/Bogota] Stack: #0 C:\xampp\htdocs\nombre_de_empresa\Config\setup_precio_compra.php(31): PDO->query('SHOW COLUMNS FR...')
#1 C:\xampp\htdocs\nombre_de_empresa\Config\database.php(242): require_once('C:\\xampp\\htdocs...')
#2 C:\xampp\htdocs\nombre_de_empresa\Controllers\CreditosController.php(9): require_once('C:\\xampp\\htdocs...')
#3 {main}
[28-Sep-2026 22:33:26 America/Bogota] === INICIO SETUP PRECIO_COMPRA ===
[28-Sep-2026 22:33:26 America/Bogota] ❌ ERROR: SQLSTATE[HY000]: General error: 1 near "SHOW": syntax error
[28-Sep-2026 22:33:26 America/Bogota] Stack: #0 C:\xampp\htdocs\nombre_de_empresa\Config\setup_precio_compra.php(31): PDO->query('SHOW COLUMNS FR...')
#1 C:\xampp\htdocs\nombre_de_empresa\Config\database.php(242): require_once('C:\\xampp\\htdocs...')
#2 C:\xampp\htdocs\nombre_de_empresa\Views\productos.php(10): require_once('C:\\xampp\\htdocs...')
#3 {main}
[28-Sep-2026 22:33:29 America/Bogota] === INICIO SETUP PRECIO_COMPRA ===
[28-Sep-2026 22:33:29 America/Bogota] ❌ ERROR: SQLSTATE[HY000]: General error: 1 near "SHOW": syntax error
[28-Sep-2026 22:33:29 America/Bogota] Stack: #0 C:\xampp\htdocs\nombre_de_empresa\Config\setup_precio_compra.php(31): PDO->query('SHOW COLUMNS FR...')
#1 C:\xampp\htdocs\nombre_de_empresa\Config\database.php(242): require_once('C:\\xampp\\htdocs...')
#2 C:\xampp\htdocs\nombre_de_empresa\Controllers\CreditosController.php(9): require_once('C:\\xampp\\htdocs...')
#3 {main}
[28-Sep-2026 22:33:29 America/Bogota] === INICIO SETUP PRECIO_COMPRA ===
[28-Sep-2026 22:33:29 America/Bogota] ❌ ERROR: SQLSTATE[HY000]: General error: 1 near "SHOW": syntax error
[28-Sep-2026 22:33:29 America/Bogota] Stack: #0 C:\xampp\htdocs\nombre_de_empresa\Config\setup_precio_compra.php(31): PDO->query('SHOW COLUMNS FR...')
#1 C:\xampp\htdocs\nombre_de_empresa\Config\database.php(242): require_once('C:\\xampp\\htdocs...')
#2 C:\xampp\htdocs\nombre_de_empresa\Views\productos.php(10): require_once('C:\\xampp\\htdocs...')
#3 {main}
[28-Sep-2026 22:33:46 America/Bogota] === INICIO SETUP PRECIO_COMPRA ===
[28-Sep-2026 22:33:46 America/Bogota] ❌ ERROR: SQLSTATE[HY000]: General error: 1 near "SHOW": syntax error
[28-Sep-2026 22:33:46 America/Bogota] Stack: #0 C:\xampp\htdocs\nombre_de_empresa\Config\setup_precio_compra.php(31): PDO->query('SHOW COLUMNS FR...')
#1 C:\xampp\htdocs\nombre_de_empresa\Config\database.php(242): require_once('C:\\xampp\\htdocs...')
#2 C:\xampp\htdocs\nombre_de_empresa\Controllers\BaseDatosController.php(10): require_once('C:\\xampp\\htdocs...')
#3 {main}
[28-Sep-2026 22:33:48 America/Bogota] === INICIO SETUP PRECIO_COMPRA ===
[28-Sep-2026 22:33:48 America/Bogota] ❌ ERROR: SQLSTATE[HY000]: General error: 1 near "SHOW": syntax error
[28-Sep-2026 22:33:48 America/Bogota] Stack: #0 C:\xampp\htdocs\nombre_de_empresa\Config\setup_precio_compra.php(31): PDO->query('SHOW COLUMNS FR...')
#1 C:\xampp\htdocs\nombre_de_empresa\Config\database.php(242): require_once('C:\\xampp\\htdocs...')
#2 C:\xampp\htdocs\nombre_de_empresa\Controllers\CreditosController.php(9): require_once('C:\\xampp\\htdocs...')
#3 {main}
[28-Sep-2026 22:33:48 America/Bogota] ✅ Columna precio_compra creada en productos
[28-Sep-2026 22:33:49 America/Bogota] === INICIO SETUP PRECIO_COMPRA ===
[28-Sep-2026 22:33:49 America/Bogota] ❌ ERROR: SQLSTATE[HY000]: General error: 1 near "SHOW": syntax error
[28-Sep-2026 22:33:49 America/Bogota] Stack: #0 C:\xampp\htdocs\nombre_de_empresa\Config\setup_precio_compra.php(31): PDO->query('SHOW COLUMNS FR...')
#1 C:\xampp\htdocs\nombre_de_empresa\Config\database.php(242): require_once('C:\\xampp\\htdocs...')
#2 C:\xampp\htdocs\nombre_de_empresa\Views\productos.php(10): require_once('C:\\xampp\\htdocs...')
#3 {main}
[28-Sep-2026 22:33:52 America/Bogota] === INICIO SETUP PRECIO_COMPRA ===
[28-Sep-2026 22:33:52 America/Bogota] ❌ ERROR: SQLSTATE[HY000]: General error: 1 near "SHOW": syntax error
[28-Sep-2026 22:33:52 America/Bogota] Stack: #0 C:\xampp\htdocs\nombre_de_empresa\Config\setup_precio_compra.php(31): PDO->query('SHOW COLUMNS FR...')
#1 C:\xampp\htdocs\nombre_de_empresa\Config\database.php(242): require_once('C:\\xampp\\htdocs...')
#2 C:\xampp\htdocs\nombre_de_empresa\Views\inventarios.php(13): require_once('C:\\xampp\\htdocs...')
#3 {main}
[28-Sep-2026 22:33:52 America/Bogota] === INICIO SETUP PRECIO_COMPRA ===
[28-Sep-2026 22:33:52 America/Bogota] ❌ ERROR: SQLSTATE[HY000]: General error: 1 near "SHOW": syntax error
[28-Sep-2026 22:33:52 America/Bogota] Stack: #0 C:\xampp\htdocs\nombre_de_empresa\Config\setup_precio_compra.php(31): PDO->query('SHOW COLUMNS FR...')
#1 C:\xampp\htdocs\nombre_de_empresa\Config\database.php(242): require_once('C:\\xampp\\htdocs...')
#2 C:\xampp\htdocs\nombre_de_empresa\Controllers\CreditosController.php(9): require_once('C:\\xampp\\htdocs...')
#3 {main}
[28-Sep-2026 22:33:57 America/Bogota] === INICIO SETUP PRECIO_COMPRA ===
[28-Sep-2026 22:33:57 America/Bogota] ❌ ERROR: SQLSTATE[HY000]: General error: 1 near "SHOW": syntax error
[28-Sep-2026 22:33:57 America/Bogota] Stack: #0 C:\xampp\htdocs\nombre_de_empresa\Config\setup_precio_compra.php(31): PDO->query('SHOW COLUMNS FR...')
#1 C:\xampp\htdocs\nombre_de_empresa\Config\database.php(242): require_once('C:\\xampp\\htdocs...')
#2 C:\xampp\htdocs\nombre_de_empresa\Views\productos.php(10): require_once('C:\\xampp\\htdocs...')
#3 {main}
[28-Sep-2026 22:34:03 America/Bogota] === INICIO SETUP PRECIO_COMPRA ===
[28-Sep-2026 22:34:03 America/Bogota] ❌ ERROR: SQLSTATE[HY000]: General error: 1 near "SHOW": syntax error
[28-Sep-2026 22:34:03 America/Bogota] Stack: #0 C:\xampp\htdocs\nombre_de_empresa\Config\setup_precio_compra.php(31): PDO->query('SHOW COLUMNS FR...')
#1 C:\xampp\htdocs\nombre_de_empresa\Config\database.php(242): require_once('C:\\xampp\\htdocs...')
#2 C:\xampp\htdocs\nombre_de_empresa\Controllers\BaseDatosController.php(10): require_once('C:\\xampp\\htdocs...')
#3 {main}
[28-Sep-2026 22:34:03 America/Bogota] === INICIO SETUP PRECIO_COMPRA ===
[28-Sep-2026 22:34:03 America/Bogota] ❌ ERROR: SQLSTATE[HY000]: General error: 1 near "SHOW": syntax error
[28-Sep-2026 22:34:03 America/Bogota] Stack: #0 C:\xampp\htdocs\nombre_de_empresa\Config\setup_precio_compra.php(31): PDO->query('SHOW COLUMNS FR...')
#1 C:\xampp\htdocs\nombre_de_empresa\Config\database.php(242): require_once('C:\\xampp\\htdocs...')
#2 C:\xampp\htdocs\nombre_de_empresa\Views\inventarios.php(13): require_once('C:\\xampp\\htdocs...')
#3 {main}
[28-Sep-2026 22:34:04 America/Bogota] === INICIO SETUP PRECIO_COMPRA ===
[28-Sep-2026 22:34:04 America/Bogota] ❌ ERROR: SQLSTATE[HY000]: General error: 1 near "SHOW": syntax error
[28-Sep-2026 22:34:04 America/Bogota] Stack: #0 C:\xampp\htdocs\nombre_de_empresa\Config\setup_precio_compra.php(31): PDO->query('SHOW COLUMNS FR...')
#1 C:\xampp\htdocs\nombre_de_empresa\Config\database.php(242): require_once('C:\\xampp\\htdocs...')
#2 C:\xampp\htdocs\nombre_de_empresa\Controllers\CreditosController.php(9): require_once('C:\\xampp\\htdocs...')
#3 {main}
[28-Sep-2026 22:34:08 America/Bogota] === INICIO SETUP PRECIO_COMPRA ===
[28-Sep-2026 22:34:08 America/Bogota] ❌ ERROR: SQLSTATE[HY000]: General error: 1 near "SHOW": syntax error
[28-Sep-2026 22:34:08 America/Bogota] Stack: #0 C:\xampp\htdocs\nombre_de_empresa\Config\setup_precio_compra.php(31): PDO->query('SHOW COLUMNS FR...')
#1 C:\xampp\htdocs\nombre_de_empresa\Config\database.php(242): require_once('C:\\xampp\\htdocs...')
#2 C:\xampp\htdocs\nombre_de_empresa\Views\productos.php(10): require_once('C:\\xampp\\htdocs...')
#3 {main}
[28-Sep-2026 22:34:09 America/Bogota] === INICIO SETUP PRECIO_COMPRA ===
[28-Sep-2026 22:34:09 America/Bogota] ❌ ERROR: SQLSTATE[HY000]: General error: 1 near "SHOW": syntax error
[28-Sep-2026 22:34:09 America/Bogota] Stack: #0 C:\xampp\htdocs\nombre_de_empresa\Config\setup_precio_compra.php(31): PDO->query('SHOW COLUMNS FR...')
#1 C:\xampp\htdocs\nombre_de_empresa\Config\database.php(242): require_once('C:\\xampp\\htdocs...')
#2 C:\xampp\htdocs\nombre_de_empresa\Views\productos.php(10): require_once('C:\\xampp\\htdocs...')
#3 {main}
[28-Sep-2026 22:36:31 America/Bogota] === INICIO SETUP PRECIO_COMPRA ===
[28-Sep-2026 22:36:31 America/Bogota] ❌ ERROR: SQLSTATE[HY000]: General error: 1 near "SHOW": syntax error
[28-Sep-2026 22:36:31 America/Bogota] Stack: #0 C:\xampp\htdocs\nombre_de_empresa\Config\setup_precio_compra.php(31): PDO->query('SHOW COLUMNS FR...')
#1 C:\xampp\htdocs\nombre_de_empresa\Config\database.php(272): require_once('C:\\xampp\\htdocs...')
#2 C:\xampp\htdocs\nombre_de_empresa\Controllers\CreditosController.php(9): require_once('C:\\xampp\\htdocs...')
#3 {main}
[28-Sep-2026 22:36:31 America/Bogota] === INICIO SETUP PRECIO_COMPRA ===
[28-Sep-2026 22:36:31 America/Bogota] ❌ ERROR: SQLSTATE[HY000]: General error: 1 near "SHOW": syntax error
[28-Sep-2026 22:36:31 America/Bogota] Stack: #0 C:\xampp\htdocs\nombre_de_empresa\Config\setup_precio_compra.php(31): PDO->query('SHOW COLUMNS FR...')
#1 C:\xampp\htdocs\nombre_de_empresa\Config\database.php(272): require_once('C:\\xampp\\htdocs...')
#2 C:\xampp\htdocs\nombre_de_empresa\Views\productos.php(10): require_once('C:\\xampp\\htdocs...')
#3 {main}
[28-Sep-2026 22:36:37 America/Bogota] === INICIO SETUP PRECIO_COMPRA ===
[28-Sep-2026 22:36:37 America/Bogota] ❌ ERROR: SQLSTATE[HY000]: General error: 1 near "SHOW": syntax error
[28-Sep-2026 22:36:37 America/Bogota] Stack: #0 C:\xampp\htdocs\nombre_de_empresa\Config\setup_precio_compra.php(31): PDO->query('SHOW COLUMNS FR...')
#1 C:\xampp\htdocs\nombre_de_empresa\Config\database.php(272): require_once('C:\\xampp\\htdocs...')
#2 C:\xampp\htdocs\nombre_de_empresa\Controllers\BaseDatosController.php(10): require_once('C:\\xampp\\htdocs...')
#3 {main}
[28-Sep-2026 22:36:45 America/Bogota] === INICIO SETUP PRECIO_COMPRA ===
[28-Sep-2026 22:36:45 America/Bogota] ❌ ERROR: SQLSTATE[HY000]: General error: 1 near "SHOW": syntax error
[28-Sep-2026 22:36:45 America/Bogota] Stack: #0 C:\xampp\htdocs\nombre_de_empresa\Config\setup_precio_compra.php(31): PDO->query('SHOW COLUMNS FR...')
#1 C:\xampp\htdocs\nombre_de_empresa\Config\database.php(272): require_once('C:\\xampp\\htdocs...')
#2 C:\xampp\htdocs\nombre_de_empresa\Controllers\BaseDatosController.php(10): require_once('C:\\xampp\\htdocs...')
#3 {main}
[28-Sep-2026 22:37:39 America/Bogota] Error en migración precio_compra: SQLSTATE[HY000]: General error: 1 no such column: precio_compra
[28-Sep-2026 22:37:39 America/Bogota] === INICIO SETUP PRECIO_COMPRA ===
[28-Sep-2026 22:37:39 America/Bogota] ❌ ERROR: SQLSTATE[HY000]: General error: 1 near "SHOW": syntax error
[28-Sep-2026 22:37:39 America/Bogota] Stack: #0 C:\xampp\htdocs\nombre_de_empresa\Config\setup_precio_compra.php(31): PDO->query('SHOW COLUMNS FR...')
#1 C:\xampp\htdocs\nombre_de_empresa\Config\database.php(272): require_once('C:\\xampp\\htdocs...')
#2 C:\xampp\htdocs\nombre_de_empresa\Controllers\CreditosController.php(9): require_once('C:\\xampp\\htdocs...')
#3 {main}
[28-Sep-2026 22:37:39 America/Bogota] ✅ Columna precio_compra creada en productos
[28-Sep-2026 22:37:43 America/Bogota] === INICIO SETUP PRECIO_COMPRA ===
[28-Sep-2026 22:37:43 America/Bogota] ❌ ERROR: SQLSTATE[HY000]: General error: 1 near "SHOW": syntax error
[28-Sep-2026 22:37:43 America/Bogota] Stack: #0 C:\xampp\htdocs\nombre_de_empresa\Config\setup_precio_compra.php(31): PDO->query('SHOW COLUMNS FR...')
#1 C:\xampp\htdocs\nombre_de_empresa\Config\database.php(272): require_once('C:\\xampp\\htdocs...')
#2 C:\xampp\htdocs\nombre_de_empresa\Controllers\CreditosController.php(9): require_once('C:\\xampp\\htdocs...')
#3 {main}
[28-Sep-2026 22:37:51 America/Bogota] === INICIO SETUP PRECIO_COMPRA ===
[28-Sep-2026 22:37:51 America/Bogota] ❌ ERROR: SQLSTATE[HY000]: General error: 1 near "SHOW": syntax error
[28-Sep-2026 22:37:51 America/Bogota] Stack: #0 C:\xampp\htdocs\nombre_de_empresa\Config\setup_precio_compra.php(31): PDO->query('SHOW COLUMNS FR...')
#1 C:\xampp\htdocs\nombre_de_empresa\Config\database.php(272): require_once('C:\\xampp\\htdocs...')
#2 C:\xampp\htdocs\nombre_de_empresa\Controllers\BaseDatosController.php(10): require_once('C:\\xampp\\htdocs...')
#3 {main}
[28-Sep-2026 22:39:04 America/Bogota] PRECIO_COMPRA: No hay lock - Verificando productos pendientes...
[28-Sep-2026 22:39:04 America/Bogota] PRECIO_COMPRA ERROR: SQLSTATE[HY000]: General error: 1 no such column: precio_compra
[28-Sep-2026 22:39:04 America/Bogota] === INICIO SETUP PRECIO_COMPRA ===
[28-Sep-2026 22:39:04 America/Bogota] ❌ ERROR: SQLSTATE[HY000]: General error: 1 near "SHOW": syntax error
[28-Sep-2026 22:39:04 America/Bogota] Stack: #0 C:\xampp\htdocs\nombre_de_empresa\Config\setup_precio_compra.php(31): PDO->query('SHOW COLUMNS FR...')
#1 C:\xampp\htdocs\nombre_de_empresa\Config\database.php(254): require_once('C:\\xampp\\htdocs...')
#2 C:\xampp\htdocs\nombre_de_empresa\Controllers\CreditosController.php(9): require_once('C:\\xampp\\htdocs...')
#3 {main}
[28-Sep-2026 22:39:04 America/Bogota] ✅ Columna precio_compra creada en productos
[28-Sep-2026 22:39:10 America/Bogota] PRECIO_COMPRA: Lock existe - Migración ya completada
[28-Sep-2026 22:39:10 America/Bogota] === INICIO SETUP PRECIO_COMPRA ===
[28-Sep-2026 22:39:10 America/Bogota] ❌ ERROR: SQLSTATE[HY000]: General error: 1 near "SHOW": syntax error
[28-Sep-2026 22:39:10 America/Bogota] Stack: #0 C:\xampp\htdocs\nombre_de_empresa\Config\setup_precio_compra.php(31): PDO->query('SHOW COLUMNS FR...')
#1 C:\xampp\htdocs\nombre_de_empresa\Config\database.php(254): require_once('C:\\xampp\\htdocs...')
#2 C:\xampp\htdocs\nombre_de_empresa\Controllers\BaseDatosController.php(10): require_once('C:\\xampp\\htdocs...')
#3 {main}
[28-Sep-2026 22:39:11 America/Bogota] PRECIO_COMPRA: Lock existe - Migración ya completada
[28-Sep-2026 22:39:11 America/Bogota] === INICIO SETUP PRECIO_COMPRA ===
[28-Sep-2026 22:39:11 America/Bogota] ❌ ERROR: SQLSTATE[HY000]: General error: 1 near "SHOW": syntax error
[28-Sep-2026 22:39:11 America/Bogota] Stack: #0 C:\xampp\htdocs\nombre_de_empresa\Config\setup_precio_compra.php(31): PDO->query('SHOW COLUMNS FR...')
#1 C:\xampp\htdocs\nombre_de_empresa\Config\database.php(254): require_once('C:\\xampp\\htdocs...')
#2 C:\xampp\htdocs\nombre_de_empresa\Controllers\CreditosController.php(9): require_once('C:\\xampp\\htdocs...')
#3 {main}
[28-Sep-2026 22:39:11 America/Bogota] ✅ Columna precio_compra creada en productos
[28-Sep-2026 22:39:17 America/Bogota] PRECIO_COMPRA: Lock existe - Migración ya completada
[28-Sep-2026 22:39:17 America/Bogota] === INICIO SETUP PRECIO_COMPRA ===
[28-Sep-2026 22:39:17 America/Bogota] ❌ ERROR: SQLSTATE[HY000]: General error: 1 near "SHOW": syntax error
[28-Sep-2026 22:39:17 America/Bogota] Stack: #0 C:\xampp\htdocs\nombre_de_empresa\Config\setup_precio_compra.php(31): PDO->query('SHOW COLUMNS FR...')
#1 C:\xampp\htdocs\nombre_de_empresa\Config\database.php(254): require_once('C:\\xampp\\htdocs...')
#2 C:\xampp\htdocs\nombre_de_empresa\Views\inventarios.php(13): require_once('C:\\xampp\\htdocs...')
#3 {main}
[28-Sep-2026 22:39:17 America/Bogota] PRECIO_COMPRA: Lock existe - Migración ya completada
[28-Sep-2026 22:39:17 America/Bogota] === INICIO SETUP PRECIO_COMPRA ===
[28-Sep-2026 22:39:17 America/Bogota] ❌ ERROR: SQLSTATE[HY000]: General error: 1 near "SHOW": syntax error
[28-Sep-2026 22:39:17 America/Bogota] Stack: #0 C:\xampp\htdocs\nombre_de_empresa\Config\setup_precio_compra.php(31): PDO->query('SHOW COLUMNS FR...')
#1 C:\xampp\htdocs\nombre_de_empresa\Config\database.php(254): require_once('C:\\xampp\\htdocs...')
#2 C:\xampp\htdocs\nombre_de_empresa\Controllers\CreditosController.php(9): require_once('C:\\xampp\\htdocs...')
#3 {main}
[28-Sep-2026 22:39:24 America/Bogota] PRECIO_COMPRA: Lock existe - Migración ya completada
[28-Sep-2026 22:39:24 America/Bogota] === INICIO SETUP PRECIO_COMPRA ===
[28-Sep-2026 22:39:24 America/Bogota] ❌ ERROR: SQLSTATE[HY000]: General error: 1 near "SHOW": syntax error
[28-Sep-2026 22:39:24 America/Bogota] Stack: #0 C:\xampp\htdocs\nombre_de_empresa\Config\setup_precio_compra.php(31): PDO->query('SHOW COLUMNS FR...')
#1 C:\xampp\htdocs\nombre_de_empresa\Config\database.php(254): require_once('C:\\xampp\\htdocs...')
#2 C:\xampp\htdocs\nombre_de_empresa\Views\productos.php(10): require_once('C:\\xampp\\htdocs...')
#3 {main}
[28-Sep-2026 22:40:03 America/Bogota] PRECIO_COMPRA: Lock existe - Migración ya completada
[28-Sep-2026 22:40:03 America/Bogota] === INICIO SETUP PRECIO_COMPRA ===
[28-Sep-2026 22:40:03 America/Bogota] ❌ ERROR: SQLSTATE[HY000]: General error: 1 near "SHOW": syntax error
[28-Sep-2026 22:40:03 America/Bogota] Stack: #0 C:\xampp\htdocs\nombre_de_empresa\Config\setup_precio_compra.php(31): PDO->query('SHOW COLUMNS FR...')
#1 C:\xampp\htdocs\nombre_de_empresa\Config\database.php(254): require_once('C:\\xampp\\htdocs...')
#2 C:\xampp\htdocs\nombre_de_empresa\Controllers\CreditosController.php(9): require_once('C:\\xampp\\htdocs...')
#3 {main}
[28-Sep-2026 22:40:04 America/Bogota] PRECIO_COMPRA: Lock existe - Migración ya completada
[28-Sep-2026 22:40:04 America/Bogota] === INICIO SETUP PRECIO_COMPRA ===
[28-Sep-2026 22:40:04 America/Bogota] ❌ ERROR: SQLSTATE[HY000]: General error: 1 near "SHOW": syntax error
[28-Sep-2026 22:40:04 America/Bogota] Stack: #0 C:\xampp\htdocs\nombre_de_empresa\Config\setup_precio_compra.php(31): PDO->query('SHOW COLUMNS FR...')
#1 C:\xampp\htdocs\nombre_de_empresa\Config\database.php(254): require_once('C:\\xampp\\htdocs...')
#2 C:\xampp\htdocs\nombre_de_empresa\Views\productos.php(10): require_once('C:\\xampp\\htdocs...')
#3 {main}
[28-Sep-2026 22:40:05 America/Bogota] PRECIO_COMPRA: Lock existe - Migración ya completada
[28-Sep-2026 22:40:05 America/Bogota] === INICIO SETUP PRECIO_COMPRA ===
[28-Sep-2026 22:40:05 America/Bogota] ❌ ERROR: SQLSTATE[HY000]: General error: 1 near "SHOW": syntax error
[28-Sep-2026 22:40:05 America/Bogota] Stack: #0 C:\xampp\htdocs\nombre_de_empresa\Config\setup_precio_compra.php(31): PDO->query('SHOW COLUMNS FR...')
#1 C:\xampp\htdocs\nombre_de_empresa\Config\database.php(254): require_once('C:\\xampp\\htdocs...')
#2 C:\xampp\htdocs\nombre_de_empresa\Controllers\CreditosController.php(9): require_once('C:\\xampp\\htdocs...')
#3 {main}
[28-Sep-2026 22:40:05 America/Bogota] PRECIO_COMPRA: Lock existe - Migración ya completada
[28-Sep-2026 22:40:05 America/Bogota] === INICIO SETUP PRECIO_COMPRA ===
[28-Sep-2026 22:40:05 America/Bogota] ❌ ERROR: SQLSTATE[HY000]: General error: 1 near "SHOW": syntax error
[28-Sep-2026 22:40:05 America/Bogota] Stack: #0 C:\xampp\htdocs\nombre_de_empresa\Config\setup_precio_compra.php(31): PDO->query('SHOW COLUMNS FR...')
#1 C:\xampp\htdocs\nombre_de_empresa\Config\database.php(254): require_once('C:\\xampp\\htdocs...')
#2 C:\xampp\htdocs\nombre_de_empresa\Views\productos.php(10): require_once('C:\\xampp\\htdocs...')
#3 {main}
[28-Sep-2026 22:40:18 America/Bogota] PRECIO_COMPRA: Lock existe - Migración ya completada
[28-Sep-2026 22:40:18 America/Bogota] === INICIO SETUP PRECIO_COMPRA ===
[28-Sep-2026 22:40:18 America/Bogota] ❌ ERROR: SQLSTATE[HY000]: General error: 1 near "SHOW": syntax error
[28-Sep-2026 22:40:18 America/Bogota] Stack: #0 C:\xampp\htdocs\nombre_de_empresa\Config\setup_precio_compra.php(31): PDO->query('SHOW COLUMNS FR...')
#1 C:\xampp\htdocs\nombre_de_empresa\Config\database.php(254): require_once('C:\\xampp\\htdocs...')
#2 C:\xampp\htdocs\nombre_de_empresa\Controllers\BaseDatosController.php(10): require_once('C:\\xampp\\htdocs...')
#3 {main}
[28-Sep-2026 22:40:19 America/Bogota] PRECIO_COMPRA: Lock existe - Migración ya completada
[28-Sep-2026 22:40:19 America/Bogota] === INICIO SETUP PRECIO_COMPRA ===
[28-Sep-2026 22:40:19 America/Bogota] ❌ ERROR: SQLSTATE[HY000]: General error: 1 near "SHOW": syntax error
[28-Sep-2026 22:40:19 America/Bogota] Stack: #0 C:\xampp\htdocs\nombre_de_empresa\Config\setup_precio_compra.php(31): PDO->query('SHOW COLUMNS FR...')
#1 C:\xampp\htdocs\nombre_de_empresa\Config\database.php(254): require_once('C:\\xampp\\htdocs...')
#2 C:\xampp\htdocs\nombre_de_empresa\Controllers\CreditosController.php(9): require_once('C:\\xampp\\htdocs...')
#3 {main}
[28-Sep-2026 22:40:19 America/Bogota] ✅ Columna precio_compra creada en productos
[28-Sep-2026 22:40:20 America/Bogota] PRECIO_COMPRA: Lock existe - Migración ya completada
[28-Sep-2026 22:40:20 America/Bogota] === INICIO SETUP PRECIO_COMPRA ===
[28-Sep-2026 22:40:20 America/Bogota] ❌ ERROR: SQLSTATE[HY000]: General error: 1 near "SHOW": syntax error
[28-Sep-2026 22:40:20 America/Bogota] Stack: #0 C:\xampp\htdocs\nombre_de_empresa\Config\setup_precio_compra.php(31): PDO->query('SHOW COLUMNS FR...')
#1 C:\xampp\htdocs\nombre_de_empresa\Config\database.php(254): require_once('C:\\xampp\\htdocs...')
#2 C:\xampp\htdocs\nombre_de_empresa\Views\inventarios.php(13): require_once('C:\\xampp\\htdocs...')
#3 {main}
[28-Sep-2026 22:40:20 America/Bogota] PRECIO_COMPRA: Lock existe - Migración ya completada
[28-Sep-2026 22:40:20 America/Bogota] === INICIO SETUP PRECIO_COMPRA ===
[28-Sep-2026 22:40:20 America/Bogota] ❌ ERROR: SQLSTATE[HY000]: General error: 1 near "SHOW": syntax error
[28-Sep-2026 22:40:20 America/Bogota] Stack: #0 C:\xampp\htdocs\nombre_de_empresa\Config\setup_precio_compra.php(31): PDO->query('SHOW COLUMNS FR...')
#1 C:\xampp\htdocs\nombre_de_empresa\Config\database.php(254): require_once('C:\\xampp\\htdocs...')
#2 C:\xampp\htdocs\nombre_de_empresa\Controllers\CreditosController.php(9): require_once('C:\\xampp\\htdocs...')
#3 {main}
[28-Sep-2026 22:40:22 America/Bogota] PRECIO_COMPRA: Lock existe - Migración ya completada
[28-Sep-2026 22:40:22 America/Bogota] === INICIO SETUP PRECIO_COMPRA ===
[28-Sep-2026 22:40:22 America/Bogota] ❌ ERROR: SQLSTATE[HY000]: General error: 1 near "SHOW": syntax error
[28-Sep-2026 22:40:22 America/Bogota] Stack: #0 C:\xampp\htdocs\nombre_de_empresa\Config\setup_precio_compra.php(31): PDO->query('SHOW COLUMNS FR...')
#1 C:\xampp\htdocs\nombre_de_empresa\Config\database.php(254): require_once('C:\\xampp\\htdocs...')
#2 C:\xampp\htdocs\nombre_de_empresa\Controllers\CreditosController.php(9): require_once('C:\\xampp\\htdocs...')
#3 {main}
[28-Sep-2026 22:40:26 America/Bogota] PRECIO_COMPRA: Lock existe - Migración ya completada
[28-Sep-2026 22:40:26 America/Bogota] === INICIO SETUP PRECIO_COMPRA ===
[28-Sep-2026 22:40:26 America/Bogota] ❌ ERROR: SQLSTATE[HY000]: General error: 1 near "SHOW": syntax error
[28-Sep-2026 22:40:26 America/Bogota] Stack: #0 C:\xampp\htdocs\nombre_de_empresa\Config\setup_precio_compra.php(31): PDO->query('SHOW COLUMNS FR...')
#1 C:\xampp\htdocs\nombre_de_empresa\Config\database.php(254): require_once('C:\\xampp\\htdocs...')
#2 C:\xampp\htdocs\nombre_de_empresa\Views\productos.php(10): require_once('C:\\xampp\\htdocs...')
#3 {main}
[28-Sep-2026 22:40:58 America/Bogota] PRECIO_COMPRA: Lock existe - Migración ya completada
[28-Sep-2026 22:40:58 America/Bogota] === INICIO SETUP PRECIO_COMPRA ===
[28-Sep-2026 22:40:58 America/Bogota] ❌ ERROR: SQLSTATE[HY000]: General error: 1 near "SHOW": syntax error
[28-Sep-2026 22:40:58 America/Bogota] Stack: #0 C:\xampp\htdocs\nombre_de_empresa\Config\setup_precio_compra.php(31): PDO->query('SHOW COLUMNS FR...')
#1 C:\xampp\htdocs\nombre_de_empresa\Config\database.php(254): require_once('C:\\xampp\\htdocs...')
#2 C:\xampp\htdocs\nombre_de_empresa\Controllers\CreditosController.php(9): require_once('C:\\xampp\\htdocs...')
#3 {main}
[28-Sep-2026 22:40:58 America/Bogota] PRECIO_COMPRA: Lock existe - Migración ya completada
[28-Sep-2026 22:40:58 America/Bogota] === INICIO SETUP PRECIO_COMPRA ===
[28-Sep-2026 22:40:58 America/Bogota] ❌ ERROR: SQLSTATE[HY000]: General error: 1 near "SHOW": syntax error
[28-Sep-2026 22:40:58 America/Bogota] Stack: #0 C:\xampp\htdocs\nombre_de_empresa\Config\setup_precio_compra.php(31): PDO->query('SHOW COLUMNS FR...')
#1 C:\xampp\htdocs\nombre_de_empresa\Config\database.php(254): require_once('C:\\xampp\\htdocs...')
#2 C:\xampp\htdocs\nombre_de_empresa\Views\productos.php(10): require_once('C:\\xampp\\htdocs...')
#3 {main}
[28-Sep-2026 22:43:27 America/Bogota] PRECIO_COMPRA: Lock existe - No se requiere migración
[28-Sep-2026 22:43:27 America/Bogota] === INICIO SETUP PRECIO_COMPRA ===
[28-Sep-2026 22:43:27 America/Bogota] ❌ ERROR: SQLSTATE[HY000]: General error: 1 near "SHOW": syntax error
[28-Sep-2026 22:43:27 America/Bogota] Stack: #0 C:\xampp\htdocs\nombre_de_empresa\Config\setup_precio_compra.php(31): PDO->query('SHOW COLUMNS FR...')
#1 C:\xampp\htdocs\nombre_de_empresa\Config\database.php(264): require_once('C:\\xampp\\htdocs...')
#2 C:\xampp\htdocs\nombre_de_empresa\Controllers\BaseDatosController.php(10): require_once('C:\\xampp\\htdocs...')
#3 {main}
[28-Sep-2026 22:43:29 America/Bogota] PRECIO_COMPRA: Lock existe - No se requiere migración
[28-Sep-2026 22:43:29 America/Bogota] === INICIO SETUP PRECIO_COMPRA ===
[28-Sep-2026 22:43:29 America/Bogota] ❌ ERROR: SQLSTATE[HY000]: General error: 1 near "SHOW": syntax error
[28-Sep-2026 22:43:29 America/Bogota] Stack: #0 C:\xampp\htdocs\nombre_de_empresa\Config\setup_precio_compra.php(31): PDO->query('SHOW COLUMNS FR...')
#1 C:\xampp\htdocs\nombre_de_empresa\Config\database.php(264): require_once('C:\\xampp\\htdocs...')
#2 C:\xampp\htdocs\nombre_de_empresa\Controllers\CreditosController.php(9): require_once('C:\\xampp\\htdocs...')
#3 {main}
[28-Sep-2026 22:43:29 America/Bogota] ✅ Columna precio_compra creada en productos
[28-Sep-2026 22:43:36 America/Bogota] PRECIO_COMPRA: Lock existe - No se requiere migración
[28-Sep-2026 22:43:36 America/Bogota] === INICIO SETUP PRECIO_COMPRA ===
[28-Sep-2026 22:43:36 America/Bogota] ❌ ERROR: SQLSTATE[HY000]: General error: 1 near "SHOW": syntax error
[28-Sep-2026 22:43:36 America/Bogota] Stack: #0 C:\xampp\htdocs\nombre_de_empresa\Config\setup_precio_compra.php(31): PDO->query('SHOW COLUMNS FR...')
#1 C:\xampp\htdocs\nombre_de_empresa\Config\database.php(264): require_once('C:\\xampp\\htdocs...')
#2 C:\xampp\htdocs\nombre_de_empresa\Views\inventarios.php(13): require_once('C:\\xampp\\htdocs...')
#3 {main}
[28-Sep-2026 22:43:36 America/Bogota] PRECIO_COMPRA: Lock existe - No se requiere migración
[28-Sep-2026 22:43:36 America/Bogota] === INICIO SETUP PRECIO_COMPRA ===
[28-Sep-2026 22:43:36 America/Bogota] ❌ ERROR: SQLSTATE[HY000]: General error: 1 near "SHOW": syntax error
[28-Sep-2026 22:43:36 America/Bogota] Stack: #0 C:\xampp\htdocs\nombre_de_empresa\Config\setup_precio_compra.php(31): PDO->query('SHOW COLUMNS FR...')
#1 C:\xampp\htdocs\nombre_de_empresa\Config\database.php(264): require_once('C:\\xampp\\htdocs...')
#2 C:\xampp\htdocs\nombre_de_empresa\Controllers\CreditosController.php(9): require_once('C:\\xampp\\htdocs...')
#3 {main}
[28-Sep-2026 22:43:38 America/Bogota] PRECIO_COMPRA: Lock existe - No se requiere migración
[28-Sep-2026 22:43:38 America/Bogota] === INICIO SETUP PRECIO_COMPRA ===
[28-Sep-2026 22:43:38 America/Bogota] ❌ ERROR: SQLSTATE[HY000]: General error: 1 near "SHOW": syntax error
[28-Sep-2026 22:43:38 America/Bogota] Stack: #0 C:\xampp\htdocs\nombre_de_empresa\Config\setup_precio_compra.php(31): PDO->query('SHOW COLUMNS FR...')
#1 C:\xampp\htdocs\nombre_de_empresa\Config\database.php(264): require_once('C:\\xampp\\htdocs...')
#2 C:\xampp\htdocs\nombre_de_empresa\Controllers\CreditosController.php(9): require_once('C:\\xampp\\htdocs...')
#3 {main}
[28-Sep-2026 22:43:47 America/Bogota] PRECIO_COMPRA: Lock existe - No se requiere migración
[28-Sep-2026 22:43:47 America/Bogota] === INICIO SETUP PRECIO_COMPRA ===
[28-Sep-2026 22:43:47 America/Bogota] ❌ ERROR: SQLSTATE[HY000]: General error: 1 near "SHOW": syntax error
[28-Sep-2026 22:43:47 America/Bogota] Stack: #0 C:\xampp\htdocs\nombre_de_empresa\Config\setup_precio_compra.php(31): PDO->query('SHOW COLUMNS FR...')
#1 C:\xampp\htdocs\nombre_de_empresa\Config\database.php(264): require_once('C:\\xampp\\htdocs...')
#2 C:\xampp\htdocs\nombre_de_empresa\Views\productos.php(10): require_once('C:\\xampp\\htdocs...')
#3 {main}
[28-Sep-2026 22:43:49 America/Bogota] PRECIO_COMPRA: Lock existe - No se requiere migración
[28-Sep-2026 22:43:49 America/Bogota] === INICIO SETUP PRECIO_COMPRA ===
[28-Sep-2026 22:43:49 America/Bogota] ❌ ERROR: SQLSTATE[HY000]: General error: 1 near "SHOW": syntax error
[28-Sep-2026 22:43:49 America/Bogota] Stack: #0 C:\xampp\htdocs\nombre_de_empresa\Config\setup_precio_compra.php(31): PDO->query('SHOW COLUMNS FR...')
#1 C:\xampp\htdocs\nombre_de_empresa\Config\database.php(264): require_once('C:\\xampp\\htdocs...')
#2 C:\xampp\htdocs\nombre_de_empresa\Controllers\CreditosController.php(9): require_once('C:\\xampp\\htdocs...')
#3 {main}
[28-Sep-2026 22:43:49 America/Bogota] PRECIO_COMPRA: Lock existe - No se requiere migración
[28-Sep-2026 22:43:49 America/Bogota] === INICIO SETUP PRECIO_COMPRA ===
[28-Sep-2026 22:43:49 America/Bogota] ❌ ERROR: SQLSTATE[HY000]: General error: 1 near "SHOW": syntax error
[28-Sep-2026 22:43:49 America/Bogota] Stack: #0 C:\xampp\htdocs\nombre_de_empresa\Config\setup_precio_compra.php(31): PDO->query('SHOW COLUMNS FR...')
#1 C:\xampp\htdocs\nombre_de_empresa\Config\database.php(264): require_once('C:\\xampp\\htdocs...')
#2 C:\xampp\htdocs\nombre_de_empresa\Views\productos.php(10): require_once('C:\\xampp\\htdocs...')
#3 {main}
[28-Sep-2026 22:43:51 America/Bogota] PRECIO_COMPRA: Lock existe - No se requiere migración
[28-Sep-2026 22:43:51 America/Bogota] === INICIO SETUP PRECIO_COMPRA ===
[28-Sep-2026 22:43:51 America/Bogota] ❌ ERROR: SQLSTATE[HY000]: General error: 1 near "SHOW": syntax error
[28-Sep-2026 22:43:51 America/Bogota] Stack: #0 C:\xampp\htdocs\nombre_de_empresa\Config\setup_precio_compra.php(31): PDO->query('SHOW COLUMNS FR...')
#1 C:\xampp\htdocs\nombre_de_empresa\Config\database.php(264): require_once('C:\\xampp\\htdocs...')
#2 C:\xampp\htdocs\nombre_de_empresa\Controllers\CreditosController.php(9): require_once('C:\\xampp\\htdocs...')
#3 {main}
[28-Sep-2026 22:43:51 America/Bogota] PRECIO_COMPRA: Lock existe - No se requiere migración
[28-Sep-2026 22:43:51 America/Bogota] === INICIO SETUP PRECIO_COMPRA ===
[28-Sep-2026 22:43:51 America/Bogota] ❌ ERROR: SQLSTATE[HY000]: General error: 1 near "SHOW": syntax error
[28-Sep-2026 22:43:51 America/Bogota] Stack: #0 C:\xampp\htdocs\nombre_de_empresa\Config\setup_precio_compra.php(31): PDO->query('SHOW COLUMNS FR...')
#1 C:\xampp\htdocs\nombre_de_empresa\Config\database.php(264): require_once('C:\\xampp\\htdocs...')
#2 C:\xampp\htdocs\nombre_de_empresa\Views\productos.php(10): require_once('C:\\xampp\\htdocs...')
#3 {main}
[28-Sep-2026 22:44:26 America/Bogota] PRECIO_COMPRA: Lock existe - No se requiere migración
[28-Sep-2026 22:44:26 America/Bogota] === INICIO SETUP PRECIO_COMPRA ===
[28-Sep-2026 22:44:26 America/Bogota] ❌ ERROR: SQLSTATE[HY000]: General error: 1 near "SHOW": syntax error
[28-Sep-2026 22:44:26 America/Bogota] Stack: #0 C:\xampp\htdocs\nombre_de_empresa\Config\setup_precio_compra.php(31): PDO->query('SHOW COLUMNS FR...')
#1 C:\xampp\htdocs\nombre_de_empresa\Config\database.php(264): require_once('C:\\xampp\\htdocs...')
#2 C:\xampp\htdocs\nombre_de_empresa\Controllers\CreditosController.php(9): require_once('C:\\xampp\\htdocs...')
#3 {main}
[28-Sep-2026 22:44:29 America/Bogota] PRECIO_COMPRA: Lock existe - No se requiere migración
[28-Sep-2026 22:44:29 America/Bogota] === INICIO SETUP PRECIO_COMPRA ===
[28-Sep-2026 22:44:29 America/Bogota] ❌ ERROR: SQLSTATE[HY000]: General error: 1 near "SHOW": syntax error
[28-Sep-2026 22:44:29 America/Bogota] Stack: #0 C:\xampp\htdocs\nombre_de_empresa\Config\setup_precio_compra.php(31): PDO->query('SHOW COLUMNS FR...')
#1 C:\xampp\htdocs\nombre_de_empresa\Config\database.php(264): require_once('C:\\xampp\\htdocs...')
#2 C:\xampp\htdocs\nombre_de_empresa\Controllers\CreditosController.php(9): require_once('C:\\xampp\\htdocs...')
#3 {main}
[28-Sep-2026 22:44:29 America/Bogota] PRECIO_COMPRA: Lock existe - No se requiere migración
[28-Sep-2026 22:44:29 America/Bogota] === INICIO SETUP PRECIO_COMPRA ===
[28-Sep-2026 22:44:29 America/Bogota] ❌ ERROR: SQLSTATE[HY000]: General error: 1 near "SHOW": syntax error
[28-Sep-2026 22:44:29 America/Bogota] Stack: #0 C:\xampp\htdocs\nombre_de_empresa\Config\setup_precio_compra.php(31): PDO->query('SHOW COLUMNS FR...')
#1 C:\xampp\htdocs\nombre_de_empresa\Config\database.php(264): require_once('C:\\xampp\\htdocs...')
#2 C:\xampp\htdocs\nombre_de_empresa\Controllers\CreditosController.php(9): require_once('C:\\xampp\\htdocs...')
#3 {main}
[28-Sep-2026 22:44:30 America/Bogota] PRECIO_COMPRA: Lock existe - No se requiere migración
[28-Sep-2026 22:44:30 America/Bogota] === INICIO SETUP PRECIO_COMPRA ===
[28-Sep-2026 22:44:30 America/Bogota] ❌ ERROR: SQLSTATE[HY000]: General error: 1 near "SHOW": syntax error
[28-Sep-2026 22:44:30 America/Bogota] Stack: #0 C:\xampp\htdocs\nombre_de_empresa\Config\setup_precio_compra.php(31): PDO->query('SHOW COLUMNS FR...')
#1 C:\xampp\htdocs\nombre_de_empresa\Config\database.php(264): require_once('C:\\xampp\\htdocs...')
#2 C:\xampp\htdocs\nombre_de_empresa\Views\inventarios.php(13): require_once('C:\\xampp\\htdocs...')
#3 {main}
[28-Sep-2026 22:44:30 America/Bogota] PRECIO_COMPRA: Lock existe - No se requiere migración
[28-Sep-2026 22:44:30 America/Bogota] === INICIO SETUP PRECIO_COMPRA ===
[28-Sep-2026 22:44:30 America/Bogota] ❌ ERROR: SQLSTATE[HY000]: General error: 1 near "SHOW": syntax error
[28-Sep-2026 22:44:30 America/Bogota] Stack: #0 C:\xampp\htdocs\nombre_de_empresa\Config\setup_precio_compra.php(31): PDO->query('SHOW COLUMNS FR...')
#1 C:\xampp\htdocs\nombre_de_empresa\Config\database.php(264): require_once('C:\\xampp\\htdocs...')
#2 C:\xampp\htdocs\nombre_de_empresa\Controllers\CreditosController.php(9): require_once('C:\\xampp\\htdocs...')
#3 {main}
[28-Sep-2026 22:44:31 America/Bogota] PRECIO_COMPRA: Lock existe - No se requiere migración
[28-Sep-2026 22:44:31 America/Bogota] === INICIO SETUP PRECIO_COMPRA ===
[28-Sep-2026 22:44:31 America/Bogota] ❌ ERROR: SQLSTATE[HY000]: General error: 1 near "SHOW": syntax error
[28-Sep-2026 22:44:31 America/Bogota] Stack: #0 C:\xampp\htdocs\nombre_de_empresa\Config\setup_precio_compra.php(31): PDO->query('SHOW COLUMNS FR...')
#1 C:\xampp\htdocs\nombre_de_empresa\Config\database.php(264): require_once('C:\\xampp\\htdocs...')
#2 C:\xampp\htdocs\nombre_de_empresa\Controllers\CreditosController.php(9): require_once('C:\\xampp\\htdocs...')
#3 {main}
[28-Sep-2026 22:44:31 America/Bogota] PRECIO_COMPRA: Lock existe - No se requiere migración
[28-Sep-2026 22:44:31 America/Bogota] === INICIO SETUP PRECIO_COMPRA ===
[28-Sep-2026 22:44:31 America/Bogota] ❌ ERROR: SQLSTATE[HY000]: General error: 1 near "SHOW": syntax error
[28-Sep-2026 22:44:31 America/Bogota] Stack: #0 C:\xampp\htdocs\nombre_de_empresa\Config\setup_precio_compra.php(31): PDO->query('SHOW COLUMNS FR...')
#1 C:\xampp\htdocs\nombre_de_empresa\Config\database.php(264): require_once('C:\\xampp\\htdocs...')
#2 C:\xampp\htdocs\nombre_de_empresa\Controllers\CreditosController.php(9): require_once('C:\\xampp\\htdocs...')
#3 {main}
[28-Sep-2026 22:44:33 America/Bogota] PRECIO_COMPRA: Lock existe - No se requiere migración
[28-Sep-2026 22:44:33 America/Bogota] === INICIO SETUP PRECIO_COMPRA ===
[28-Sep-2026 22:44:33 America/Bogota] ❌ ERROR: SQLSTATE[HY000]: General error: 1 near "SHOW": syntax error
[28-Sep-2026 22:44:33 America/Bogota] Stack: #0 C:\xampp\htdocs\nombre_de_empresa\Config\setup_precio_compra.php(31): PDO->query('SHOW COLUMNS FR...')
#1 C:\xampp\htdocs\nombre_de_empresa\Config\database.php(264): require_once('C:\\xampp\\htdocs...')
#2 C:\xampp\htdocs\nombre_de_empresa\Controllers\CreditosController.php(9): require_once('C:\\xampp\\htdocs...')
#3 {main}
[28-Sep-2026 22:44:37 America/Bogota] PRECIO_COMPRA: Lock existe - No se requiere migración
[28-Sep-2026 22:44:37 America/Bogota] === INICIO SETUP PRECIO_COMPRA ===
[28-Sep-2026 22:44:37 America/Bogota] ❌ ERROR: SQLSTATE[HY000]: General error: 1 near "SHOW": syntax error
[28-Sep-2026 22:44:37 America/Bogota] Stack: #0 C:\xampp\htdocs\nombre_de_empresa\Config\setup_precio_compra.php(31): PDO->query('SHOW COLUMNS FR...')
#1 C:\xampp\htdocs\nombre_de_empresa\Config\database.php(264): require_once('C:\\xampp\\htdocs...')
#2 C:\xampp\htdocs\nombre_de_empresa\Views\inventarios.php(13): require_once('C:\\xampp\\htdocs...')
#3 {main}
[28-Sep-2026 22:44:37 America/Bogota] PRECIO_COMPRA: Lock existe - No se requiere migración
[28-Sep-2026 22:44:37 America/Bogota] === INICIO SETUP PRECIO_COMPRA ===
[28-Sep-2026 22:44:37 America/Bogota] ❌ ERROR: SQLSTATE[HY000]: General error: 1 near "SHOW": syntax error
[28-Sep-2026 22:44:37 America/Bogota] Stack: #0 C:\xampp\htdocs\nombre_de_empresa\Config\setup_precio_compra.php(31): PDO->query('SHOW COLUMNS FR...')
#1 C:\xampp\htdocs\nombre_de_empresa\Config\database.php(264): require_once('C:\\xampp\\htdocs...')
#2 C:\xampp\htdocs\nombre_de_empresa\Controllers\CreditosController.php(9): require_once('C:\\xampp\\htdocs...')
#3 {main}
[28-Sep-2026 22:44:44 America/Bogota] PRECIO_COMPRA: Lock existe - No se requiere migración
[28-Sep-2026 22:44:44 America/Bogota] === INICIO SETUP PRECIO_COMPRA ===
[28-Sep-2026 22:44:44 America/Bogota] ❌ ERROR: SQLSTATE[HY000]: General error: 1 near "SHOW": syntax error
[28-Sep-2026 22:44:44 America/Bogota] Stack: #0 C:\xampp\htdocs\nombre_de_empresa\Config\setup_precio_compra.php(31): PDO->query('SHOW COLUMNS FR...')
#1 C:\xampp\htdocs\nombre_de_empresa\Config\database.php(264): require_once('C:\\xampp\\htdocs...')
#2 C:\xampp\htdocs\nombre_de_empresa\Views\inventarios.php(13): require_once('C:\\xampp\\htdocs...')
#3 {main}
[28-Sep-2026 22:44:44 America/Bogota] PRECIO_COMPRA: Lock existe - No se requiere migración
[28-Sep-2026 22:44:44 America/Bogota] === INICIO SETUP PRECIO_COMPRA ===
[28-Sep-2026 22:44:44 America/Bogota] ❌ ERROR: SQLSTATE[HY000]: General error: 1 near "SHOW": syntax error
[28-Sep-2026 22:44:44 America/Bogota] Stack: #0 C:\xampp\htdocs\nombre_de_empresa\Config\setup_precio_compra.php(31): PDO->query('SHOW COLUMNS FR...')
#1 C:\xampp\htdocs\nombre_de_empresa\Config\database.php(264): require_once('C:\\xampp\\htdocs...')
#2 C:\xampp\htdocs\nombre_de_empresa\Controllers\CreditosController.php(9): require_once('C:\\xampp\\htdocs...')
#3 {main}
[28-Sep-2026 22:44:52 America/Bogota] PRECIO_COMPRA: Lock existe - No se requiere migración
[28-Sep-2026 22:44:52 America/Bogota] === INICIO SETUP PRECIO_COMPRA ===
[28-Sep-2026 22:44:52 America/Bogota] ❌ ERROR: SQLSTATE[HY000]: General error: 1 near "SHOW": syntax error
[28-Sep-2026 22:44:52 America/Bogota] Stack: #0 C:\xampp\htdocs\nombre_de_empresa\Config\setup_precio_compra.php(31): PDO->query('SHOW COLUMNS FR...')
#1 C:\xampp\htdocs\nombre_de_empresa\Config\database.php(264): require_once('C:\\xampp\\htdocs...')
#2 C:\xampp\htdocs\nombre_de_empresa\Views\productos.php(10): require_once('C:\\xampp\\htdocs...')
#3 {main}
[28-Sep-2026 22:45:03 America/Bogota] PRECIO_COMPRA: Lock existe - No se requiere migración
[28-Sep-2026 22:45:03 America/Bogota] === INICIO SETUP PRECIO_COMPRA ===
[28-Sep-2026 22:45:03 America/Bogota] ❌ ERROR: SQLSTATE[HY000]: General error: 1 near "SHOW": syntax error
[28-Sep-2026 22:45:03 America/Bogota] Stack: #0 C:\xampp\htdocs\nombre_de_empresa\Config\setup_precio_compra.php(31): PDO->query('SHOW COLUMNS FR...')
#1 C:\xampp\htdocs\nombre_de_empresa\Config\database.php(264): require_once('C:\\xampp\\htdocs...')
#2 C:\xampp\htdocs\nombre_de_empresa\Controllers\CreditosController.php(9): require_once('C:\\xampp\\htdocs...')
#3 {main}
[28-Sep-2026 22:45:03 America/Bogota] PRECIO_COMPRA: Lock existe - No se requiere migración
[28-Sep-2026 22:45:03 America/Bogota] === INICIO SETUP PRECIO_COMPRA ===
[28-Sep-2026 22:45:03 America/Bogota] ❌ ERROR: SQLSTATE[HY000]: General error: 1 near "SHOW": syntax error
[28-Sep-2026 22:45:03 America/Bogota] Stack: #0 C:\xampp\htdocs\nombre_de_empresa\Config\setup_precio_compra.php(31): PDO->query('SHOW COLUMNS FR...')
#1 C:\xampp\htdocs\nombre_de_empresa\Config\database.php(264): require_once('C:\\xampp\\htdocs...')
#2 C:\xampp\htdocs\nombre_de_empresa\Views\productos.php(10): require_once('C:\\xampp\\htdocs...')
#3 {main}
[28-Sep-2026 22:45:10 America/Bogota] PRECIO_COMPRA: Lock existe - No se requiere migración
[28-Sep-2026 22:45:10 America/Bogota] === INICIO SETUP PRECIO_COMPRA ===
[28-Sep-2026 22:45:10 America/Bogota] ❌ ERROR: SQLSTATE[HY000]: General error: 1 near "SHOW": syntax error
[28-Sep-2026 22:45:10 America/Bogota] Stack: #0 C:\xampp\htdocs\nombre_de_empresa\Config\setup_precio_compra.php(31): PDO->query('SHOW COLUMNS FR...')
#1 C:\xampp\htdocs\nombre_de_empresa\Config\database.php(264): require_once('C:\\xampp\\htdocs...')
#2 C:\xampp\htdocs\nombre_de_empresa\Controllers\BaseDatosController.php(10): require_once('C:\\xampp\\htdocs...')
#3 {main}
[28-Sep-2026 22:45:11 America/Bogota] PRECIO_COMPRA: Lock existe - No se requiere migración
[28-Sep-2026 22:45:11 America/Bogota] === INICIO SETUP PRECIO_COMPRA ===
[28-Sep-2026 22:45:11 America/Bogota] ❌ ERROR: SQLSTATE[HY000]: General error: 1 near "SHOW": syntax error
[28-Sep-2026 22:45:11 America/Bogota] Stack: #0 C:\xampp\htdocs\nombre_de_empresa\Config\setup_precio_compra.php(31): PDO->query('SHOW COLUMNS FR...')
#1 C:\xampp\htdocs\nombre_de_empresa\Config\database.php(264): require_once('C:\\xampp\\htdocs...')
#2 C:\xampp\htdocs\nombre_de_empresa\Controllers\CreditosController.php(9): require_once('C:\\xampp\\htdocs...')
#3 {main}
[28-Sep-2026 22:45:22 America/Bogota] PRECIO_COMPRA: Lock existe - No se requiere migración
[28-Sep-2026 22:45:22 America/Bogota] === INICIO SETUP PRECIO_COMPRA ===
[28-Sep-2026 22:45:22 America/Bogota] ❌ ERROR: SQLSTATE[HY000]: General error: 1 near "SHOW": syntax error
[28-Sep-2026 22:45:22 America/Bogota] Stack: #0 C:\xampp\htdocs\nombre_de_empresa\Config\setup_precio_compra.php(31): PDO->query('SHOW COLUMNS FR...')
#1 C:\xampp\htdocs\nombre_de_empresa\Config\database.php(264): require_once('C:\\xampp\\htdocs...')
#2 C:\xampp\htdocs\nombre_de_empresa\Views\inventarios.php(13): require_once('C:\\xampp\\htdocs...')
#3 {main}
[28-Sep-2026 22:45:23 America/Bogota] PRECIO_COMPRA: Lock existe - No se requiere migración
[28-Sep-2026 22:45:23 America/Bogota] === INICIO SETUP PRECIO_COMPRA ===
[28-Sep-2026 22:45:23 America/Bogota] ❌ ERROR: SQLSTATE[HY000]: General error: 1 near "SHOW": syntax error
[28-Sep-2026 22:45:23 America/Bogota] Stack: #0 C:\xampp\htdocs\nombre_de_empresa\Config\setup_precio_compra.php(31): PDO->query('SHOW COLUMNS FR...')
#1 C:\xampp\htdocs\nombre_de_empresa\Config\database.php(264): require_once('C:\\xampp\\htdocs...')
#2 C:\xampp\htdocs\nombre_de_empresa\Controllers\CreditosController.php(9): require_once('C:\\xampp\\htdocs...')
#3 {main}
[28-Sep-2026 22:45:28 America/Bogota] PRECIO_COMPRA: Lock existe - No se requiere migración
[28-Sep-2026 22:45:28 America/Bogota] === INICIO SETUP PRECIO_COMPRA ===
[28-Sep-2026 22:45:28 America/Bogota] ❌ ERROR: SQLSTATE[HY000]: General error: 1 near "SHOW": syntax error
[28-Sep-2026 22:45:28 America/Bogota] Stack: #0 C:\xampp\htdocs\nombre_de_empresa\Config\setup_precio_compra.php(31): PDO->query('SHOW COLUMNS FR...')
#1 C:\xampp\htdocs\nombre_de_empresa\Config\database.php(264): require_once('C:\\xampp\\htdocs...')
#2 C:\xampp\htdocs\nombre_de_empresa\Views\productos.php(10): require_once('C:\\xampp\\htdocs...')
#3 {main}
[28-Sep-2026 22:47:25 America/Bogota] PRECIO_COMPRA: Lock existe - No se requiere migración
[28-Sep-2026 22:47:25 America/Bogota] === INICIO SETUP PRECIO_COMPRA ===
[28-Sep-2026 22:47:25 America/Bogota] ❌ ERROR: SQLSTATE[HY000]: General error: 1 near "SHOW": syntax error
[28-Sep-2026 22:47:25 America/Bogota] Stack: #0 C:\xampp\htdocs\nombre_de_empresa\Config\setup_precio_compra.php(31): PDO->query('SHOW COLUMNS FR...')
#1 C:\xampp\htdocs\nombre_de_empresa\Config\database.php(264): require_once('C:\\xampp\\htdocs...')
#2 C:\xampp\htdocs\nombre_de_empresa\Controllers\CreditosController.php(9): require_once('C:\\xampp\\htdocs...')
#3 {main}
[28-Sep-2026 22:47:25 America/Bogota] PRECIO_COMPRA: Lock existe - No se requiere migración
[28-Sep-2026 22:47:25 America/Bogota] === INICIO SETUP PRECIO_COMPRA ===
[28-Sep-2026 22:47:25 America/Bogota] ❌ ERROR: SQLSTATE[HY000]: General error: 1 near "SHOW": syntax error
[28-Sep-2026 22:47:25 America/Bogota] Stack: #0 C:\xampp\htdocs\nombre_de_empresa\Config\setup_precio_compra.php(31): PDO->query('SHOW COLUMNS FR...')
#1 C:\xampp\htdocs\nombre_de_empresa\Config\database.php(264): require_once('C:\\xampp\\htdocs...')
#2 C:\xampp\htdocs\nombre_de_empresa\Views\productos.php(10): require_once('C:\\xampp\\htdocs...')
#3 {main}
[28-Sep-2026 22:47:31 America/Bogota] PRECIO_COMPRA: Lock existe - No se requiere migración
[28-Sep-2026 22:47:31 America/Bogota] === INICIO SETUP PRECIO_COMPRA ===
[28-Sep-2026 22:47:31 America/Bogota] ❌ ERROR: SQLSTATE[HY000]: General error: 1 near "SHOW": syntax error
[28-Sep-2026 22:47:31 America/Bogota] Stack: #0 C:\xampp\htdocs\nombre_de_empresa\Config\setup_precio_compra.php(31): PDO->query('SHOW COLUMNS FR...')
#1 C:\xampp\htdocs\nombre_de_empresa\Config\database.php(264): require_once('C:\\xampp\\htdocs...')
#2 C:\xampp\htdocs\nombre_de_empresa\Controllers\BaseDatosController.php(10): require_once('C:\\xampp\\htdocs...')
#3 {main}
[28-Sep-2026 22:47:32 America/Bogota] PRECIO_COMPRA: No hay lock - Verificando productos...
[28-Sep-2026 22:47:32 America/Bogota] PRECIO_COMPRA ERROR: SQLSTATE[HY000]: General error: 1 no such column: precio_compra
[28-Sep-2026 22:47:32 America/Bogota] === INICIO SETUP PRECIO_COMPRA ===
[28-Sep-2026 22:47:32 America/Bogota] ❌ ERROR: SQLSTATE[HY000]: General error: 1 near "SHOW": syntax error
[28-Sep-2026 22:47:32 America/Bogota] Stack: #0 C:\xampp\htdocs\nombre_de_empresa\Config\setup_precio_compra.php(31): PDO->query('SHOW COLUMNS FR...')
#1 C:\xampp\htdocs\nombre_de_empresa\Config\database.php(264): require_once('C:\\xampp\\htdocs...')
#2 C:\xampp\htdocs\nombre_de_empresa\Controllers\CreditosController.php(9): require_once('C:\\xampp\\htdocs...')
#3 {main}
[28-Sep-2026 22:47:32 America/Bogota] ✅ Columna precio_compra creada en productos
[28-Sep-2026 22:47:34 America/Bogota] PRECIO_COMPRA: Lock existe - No se requiere migración
[28-Sep-2026 22:47:34 America/Bogota] === INICIO SETUP PRECIO_COMPRA ===
[28-Sep-2026 22:47:34 America/Bogota] ❌ ERROR: SQLSTATE[HY000]: General error: 1 near "SHOW": syntax error
[28-Sep-2026 22:47:34 America/Bogota] Stack: #0 C:\xampp\htdocs\nombre_de_empresa\Config\setup_precio_compra.php(31): PDO->query('SHOW COLUMNS FR...')
#1 C:\xampp\htdocs\nombre_de_empresa\Config\database.php(264): require_once('C:\\xampp\\htdocs...')
#2 C:\xampp\htdocs\nombre_de_empresa\Views\inventarios.php(13): require_once('C:\\xampp\\htdocs...')
#3 {main}
[28-Sep-2026 22:47:35 America/Bogota] PRECIO_COMPRA: Lock existe - No se requiere migración
[28-Sep-2026 22:47:35 America/Bogota] === INICIO SETUP PRECIO_COMPRA ===
[28-Sep-2026 22:47:35 America/Bogota] ❌ ERROR: SQLSTATE[HY000]: General error: 1 near "SHOW": syntax error
[28-Sep-2026 22:47:35 America/Bogota] Stack: #0 C:\xampp\htdocs\nombre_de_empresa\Config\setup_precio_compra.php(31): PDO->query('SHOW COLUMNS FR...')
#1 C:\xampp\htdocs\nombre_de_empresa\Config\database.php(264): require_once('C:\\xampp\\htdocs...')
#2 C:\xampp\htdocs\nombre_de_empresa\Controllers\CreditosController.php(9): require_once('C:\\xampp\\htdocs...')
#3 {main}
[28-Sep-2026 22:47:41 America/Bogota] PRECIO_COMPRA: Lock existe - No se requiere migración
[28-Sep-2026 22:47:41 America/Bogota] === INICIO SETUP PRECIO_COMPRA ===
[28-Sep-2026 22:47:41 America/Bogota] ❌ ERROR: SQLSTATE[HY000]: General error: 1 near "SHOW": syntax error
[28-Sep-2026 22:47:41 America/Bogota] Stack: #0 C:\xampp\htdocs\nombre_de_empresa\Config\setup_precio_compra.php(31): PDO->query('SHOW COLUMNS FR...')
#1 C:\xampp\htdocs\nombre_de_empresa\Config\database.php(264): require_once('C:\\xampp\\htdocs...')
#2 C:\xampp\htdocs\nombre_de_empresa\Views\productos.php(10): require_once('C:\\xampp\\htdocs...')
#3 {main}
[28-Sep-2026 22:47:48 America/Bogota] PRECIO_COMPRA: Lock existe - No se requiere migración
[28-Sep-2026 22:47:48 America/Bogota] === INICIO SETUP PRECIO_COMPRA ===
[28-Sep-2026 22:47:48 America/Bogota] ❌ ERROR: SQLSTATE[HY000]: General error: 1 near "SHOW": syntax error
[28-Sep-2026 22:47:48 America/Bogota] Stack: #0 C:\xampp\htdocs\nombre_de_empresa\Config\setup_precio_compra.php(31): PDO->query('SHOW COLUMNS FR...')
#1 C:\xampp\htdocs\nombre_de_empresa\Config\database.php(264): require_once('C:\\xampp\\htdocs...')
#2 C:\xampp\htdocs\nombre_de_empresa\Controllers\CreditosController.php(9): require_once('C:\\xampp\\htdocs...')
#3 {main}
[28-Sep-2026 22:47:48 America/Bogota] PRECIO_COMPRA: Lock existe - No se requiere migración
[28-Sep-2026 22:47:48 America/Bogota] === INICIO SETUP PRECIO_COMPRA ===
[28-Sep-2026 22:47:48 America/Bogota] ❌ ERROR: SQLSTATE[HY000]: General error: 1 near "SHOW": syntax error
[28-Sep-2026 22:47:48 America/Bogota] Stack: #0 C:\xampp\htdocs\nombre_de_empresa\Config\setup_precio_compra.php(31): PDO->query('SHOW COLUMNS FR...')
#1 C:\xampp\htdocs\nombre_de_empresa\Config\database.php(264): require_once('C:\\xampp\\htdocs...')
#2 C:\xampp\htdocs\nombre_de_empresa\Views\productos.php(10): require_once('C:\\xampp\\htdocs...')
#3 {main}
[28-Sep-2026 22:47:54 America/Bogota] PRECIO_COMPRA: Lock existe - No se requiere migración
[28-Sep-2026 22:47:54 America/Bogota] === INICIO SETUP PRECIO_COMPRA ===
[28-Sep-2026 22:47:54 America/Bogota] ❌ ERROR: SQLSTATE[HY000]: General error: 1 near "SHOW": syntax error
[28-Sep-2026 22:47:54 America/Bogota] Stack: #0 C:\xampp\htdocs\nombre_de_empresa\Config\setup_precio_compra.php(31): PDO->query('SHOW COLUMNS FR...')
#1 C:\xampp\htdocs\nombre_de_empresa\Config\database.php(264): require_once('C:\\xampp\\htdocs...')
#2 C:\xampp\htdocs\nombre_de_empresa\Controllers\BaseDatosController.php(10): require_once('C:\\xampp\\htdocs...')
#3 {main}
[28-Sep-2026 22:47:56 America/Bogota] PRECIO_COMPRA: No hay lock - Verificando productos...
[28-Sep-2026 22:47:56 America/Bogota] PRECIO_COMPRA ERROR: SQLSTATE[HY000]: General error: 1 no such column: precio_compra
[28-Sep-2026 22:47:56 America/Bogota] === INICIO SETUP PRECIO_COMPRA ===
[28-Sep-2026 22:47:56 America/Bogota] ❌ ERROR: SQLSTATE[HY000]: General error: 1 near "SHOW": syntax error
[28-Sep-2026 22:47:56 America/Bogota] Stack: #0 C:\xampp\htdocs\nombre_de_empresa\Config\setup_precio_compra.php(31): PDO->query('SHOW COLUMNS FR...')
#1 C:\xampp\htdocs\nombre_de_empresa\Config\database.php(264): require_once('C:\\xampp\\htdocs...')
#2 C:\xampp\htdocs\nombre_de_empresa\Controllers\CreditosController.php(9): require_once('C:\\xampp\\htdocs...')
#3 {main}
[28-Sep-2026 22:47:56 America/Bogota] ✅ Columna precio_compra creada en productos
[28-Sep-2026 22:47:59 America/Bogota] PRECIO_COMPRA: Lock existe - No se requiere migración
[28-Sep-2026 22:47:59 America/Bogota] === INICIO SETUP PRECIO_COMPRA ===
[28-Sep-2026 22:47:59 America/Bogota] ❌ ERROR: SQLSTATE[HY000]: General error: 1 near "SHOW": syntax error
[28-Sep-2026 22:47:59 America/Bogota] Stack: #0 C:\xampp\htdocs\nombre_de_empresa\Config\setup_precio_compra.php(31): PDO->query('SHOW COLUMNS FR...')
#1 C:\xampp\htdocs\nombre_de_empresa\Config\database.php(264): require_once('C:\\xampp\\htdocs...')
#2 C:\xampp\htdocs\nombre_de_empresa\Views\inventarios.php(13): require_once('C:\\xampp\\htdocs...')
#3 {main}
[28-Sep-2026 22:47:59 America/Bogota] PRECIO_COMPRA: Lock existe - No se requiere migración
[28-Sep-2026 22:47:59 America/Bogota] === INICIO SETUP PRECIO_COMPRA ===
[28-Sep-2026 22:47:59 America/Bogota] ❌ ERROR: SQLSTATE[HY000]: General error: 1 near "SHOW": syntax error
[28-Sep-2026 22:47:59 America/Bogota] Stack: #0 C:\xampp\htdocs\nombre_de_empresa\Config\setup_precio_compra.php(31): PDO->query('SHOW COLUMNS FR...')
#1 C:\xampp\htdocs\nombre_de_empresa\Config\database.php(264): require_once('C:\\xampp\\htdocs...')
#2 C:\xampp\htdocs\nombre_de_empresa\Controllers\CreditosController.php(9): require_once('C:\\xampp\\htdocs...')
#3 {main}
[28-Sep-2026 22:48:04 America/Bogota] PRECIO_COMPRA: Lock existe - No se requiere migración
[28-Sep-2026 22:48:04 America/Bogota] === INICIO SETUP PRECIO_COMPRA ===
[28-Sep-2026 22:48:04 America/Bogota] ❌ ERROR: SQLSTATE[HY000]: General error: 1 near "SHOW": syntax error
[28-Sep-2026 22:48:04 America/Bogota] Stack: #0 C:\xampp\htdocs\nombre_de_empresa\Config\setup_precio_compra.php(31): PDO->query('SHOW COLUMNS FR...')
#1 C:\xampp\htdocs\nombre_de_empresa\Config\database.php(264): require_once('C:\\xampp\\htdocs...')
#2 C:\xampp\htdocs\nombre_de_empresa\Views\productos.php(10): require_once('C:\\xampp\\htdocs...')
#3 {main}
[28-Sep-2026 22:54:56 America/Bogota] PRECIO_COMPRA: Lock existe - No se requiere migración
[28-Sep-2026 22:54:56 America/Bogota] === INICIO SETUP PRECIO_COMPRA ===
[28-Sep-2026 22:54:56 America/Bogota] ❌ ERROR: SQLSTATE[HY000]: General error: 1 near "SHOW": syntax error
[28-Sep-2026 22:54:56 America/Bogota] Stack: #0 C:\xampp\htdocs\nombre_de_empresa\Config\setup_precio_compra.php(31): PDO->query('SHOW COLUMNS FR...')
#1 C:\xampp\htdocs\nombre_de_empresa\Config\database.php(284): require_once('C:\\xampp\\htdocs...')
#2 C:\xampp\htdocs\nombre_de_empresa\Controllers\CreditosController.php(9): require_once('C:\\xampp\\htdocs...')
#3 {main}
[28-Sep-2026 22:54:56 America/Bogota] PRECIO_COMPRA: Lock existe - No se requiere migración
[28-Sep-2026 22:54:56 America/Bogota] === INICIO SETUP PRECIO_COMPRA ===
[28-Sep-2026 22:54:56 America/Bogota] ❌ ERROR: SQLSTATE[HY000]: General error: 1 near "SHOW": syntax error
[28-Sep-2026 22:54:56 America/Bogota] Stack: #0 C:\xampp\htdocs\nombre_de_empresa\Config\setup_precio_compra.php(31): PDO->query('SHOW COLUMNS FR...')
#1 C:\xampp\htdocs\nombre_de_empresa\Config\database.php(284): require_once('C:\\xampp\\htdocs...')
#2 C:\xampp\htdocs\nombre_de_empresa\Views\productos.php(10): require_once('C:\\xampp\\htdocs...')
#3 {main}
[28-Sep-2026 22:54:57 America/Bogota] PRECIO_COMPRA: Lock existe - No se requiere migración
[28-Sep-2026 22:54:57 America/Bogota] === INICIO SETUP PRECIO_COMPRA ===
[28-Sep-2026 22:54:57 America/Bogota] ❌ ERROR: SQLSTATE[HY000]: General error: 1 near "SHOW": syntax error
[28-Sep-2026 22:54:57 America/Bogota] Stack: #0 C:\xampp\htdocs\nombre_de_empresa\Config\setup_precio_compra.php(31): PDO->query('SHOW COLUMNS FR...')
#1 C:\xampp\htdocs\nombre_de_empresa\Config\database.php(284): require_once('C:\\xampp\\htdocs...')
#2 C:\xampp\htdocs\nombre_de_empresa\Controllers\CreditosController.php(9): require_once('C:\\xampp\\htdocs...')
#3 {main}
[28-Sep-2026 22:54:57 America/Bogota] PRECIO_COMPRA: Lock existe - No se requiere migración
[28-Sep-2026 22:54:57 America/Bogota] === INICIO SETUP PRECIO_COMPRA ===
[28-Sep-2026 22:54:57 America/Bogota] ❌ ERROR: SQLSTATE[HY000]: General error: 1 near "SHOW": syntax error
[28-Sep-2026 22:54:57 America/Bogota] Stack: #0 C:\xampp\htdocs\nombre_de_empresa\Config\setup_precio_compra.php(31): PDO->query('SHOW COLUMNS FR...')
#1 C:\xampp\htdocs\nombre_de_empresa\Config\database.php(284): require_once('C:\\xampp\\htdocs...')
#2 C:\xampp\htdocs\nombre_de_empresa\Views\productos.php(10): require_once('C:\\xampp\\htdocs...')
#3 {main}
[28-Sep-2026 22:54:58 America/Bogota] PRECIO_COMPRA: Lock existe - No se requiere migración
[28-Sep-2026 22:54:58 America/Bogota] === INICIO SETUP PRECIO_COMPRA ===
[28-Sep-2026 22:54:58 America/Bogota] ❌ ERROR: SQLSTATE[HY000]: General error: 1 near "SHOW": syntax error
[28-Sep-2026 22:54:58 America/Bogota] Stack: #0 C:\xampp\htdocs\nombre_de_empresa\Config\setup_precio_compra.php(31): PDO->query('SHOW COLUMNS FR...')
#1 C:\xampp\htdocs\nombre_de_empresa\Config\database.php(284): require_once('C:\\xampp\\htdocs...')
#2 C:\xampp\htdocs\nombre_de_empresa\Controllers\CreditosController.php(9): require_once('C:\\xampp\\htdocs...')
#3 {main}
[28-Sep-2026 22:54:58 America/Bogota] PRECIO_COMPRA: Lock existe - No se requiere migración
[28-Sep-2026 22:54:58 America/Bogota] === INICIO SETUP PRECIO_COMPRA ===
[28-Sep-2026 22:54:58 America/Bogota] ❌ ERROR: SQLSTATE[HY000]: General error: 1 near "SHOW": syntax error
[28-Sep-2026 22:54:58 America/Bogota] Stack: #0 C:\xampp\htdocs\nombre_de_empresa\Config\setup_precio_compra.php(31): PDO->query('SHOW COLUMNS FR...')
#1 C:\xampp\htdocs\nombre_de_empresa\Config\database.php(284): require_once('C:\\xampp\\htdocs...')
#2 C:\xampp\htdocs\nombre_de_empresa\Views\productos.php(10): require_once('C:\\xampp\\htdocs...')
#3 {main}
[28-Sep-2026 22:58:02 America/Bogota] PRECIO_COMPRA: No hay lock - Verificando productos...
[28-Sep-2026 22:58:02 America/Bogota] PRECIO_COMPRA: Total productos con precio $0: 4
[28-Sep-2026 22:58:02 America/Bogota] PRECIO_COMPRA: De esos, cuántos tienen entradas: 0
[28-Sep-2026 22:58:02 America/Bogota] PRECIO_COMPRA: ⚠️ Hay 4 productos en $0 sin entradas
[28-Sep-2026 22:58:02 America/Bogota] PRECIO_COMPRA: NO se crea lock - esperando entradas o importación
[28-Sep-2026 22:58:02 America/Bogota] === INICIO SETUP PRECIO_COMPRA ===
[28-Sep-2026 22:58:02 America/Bogota] Driver detectado: sqlite
[28-Sep-2026 22:58:02 America/Bogota] ✅ Columna precio_compra YA EXISTE
[28-Sep-2026 22:58:02 America/Bogota] === FIN SETUP PRECIO_COMPRA ===

[28-Sep-2026 22:58:02 America/Bogota] PRECIO_COMPRA: No hay lock - Verificando productos...
[28-Sep-2026 22:58:02 America/Bogota] PRECIO_COMPRA: Total productos con precio $0: 4
[28-Sep-2026 22:58:02 America/Bogota] PRECIO_COMPRA: De esos, cuántos tienen entradas: 0
[28-Sep-2026 22:58:02 America/Bogota] PRECIO_COMPRA: ⚠️ Hay 4 productos en $0 sin entradas
[28-Sep-2026 22:58:02 America/Bogota] PRECIO_COMPRA: NO se crea lock - esperando entradas o importación
[28-Sep-2026 22:58:02 America/Bogota] === INICIO SETUP PRECIO_COMPRA ===
[28-Sep-2026 22:58:02 America/Bogota] Driver detectado: sqlite
[28-Sep-2026 22:58:02 America/Bogota] ✅ Columna precio_compra YA EXISTE
[28-Sep-2026 22:58:02 America/Bogota] === FIN SETUP PRECIO_COMPRA ===

[28-Sep-2026 22:58:16 America/Bogota] PRECIO_COMPRA: No hay lock - Verificando productos...
[28-Sep-2026 22:58:16 America/Bogota] PRECIO_COMPRA: Total productos con precio $0: 4
[28-Sep-2026 22:58:16 America/Bogota] PRECIO_COMPRA: De esos, cuántos tienen entradas: 0
[28-Sep-2026 22:58:16 America/Bogota] PRECIO_COMPRA: ⚠️ Hay 4 productos en $0 sin entradas
[28-Sep-2026 22:58:16 America/Bogota] PRECIO_COMPRA: NO se crea lock - esperando entradas o importación
[28-Sep-2026 22:58:16 America/Bogota] === INICIO SETUP PRECIO_COMPRA ===
[28-Sep-2026 22:58:16 America/Bogota] Driver detectado: sqlite
[28-Sep-2026 22:58:16 America/Bogota] ✅ Columna precio_compra YA EXISTE
[28-Sep-2026 22:58:16 America/Bogota] === FIN SETUP PRECIO_COMPRA ===

[28-Sep-2026 22:58:34 America/Bogota] PRECIO_COMPRA: No hay lock - Verificando productos...
[28-Sep-2026 22:58:34 America/Bogota] PRECIO_COMPRA: Total productos con precio $0: 4
[28-Sep-2026 22:58:34 America/Bogota] PRECIO_COMPRA: De esos, cuántos tienen entradas: 0
[28-Sep-2026 22:58:34 America/Bogota] PRECIO_COMPRA: ⚠️ Hay 4 productos en $0 sin entradas
[28-Sep-2026 22:58:34 America/Bogota] PRECIO_COMPRA: NO se crea lock - esperando entradas o importación
[28-Sep-2026 22:58:34 America/Bogota] === INICIO SETUP PRECIO_COMPRA ===
[28-Sep-2026 22:58:34 America/Bogota] Driver detectado: sqlite
[28-Sep-2026 22:58:34 America/Bogota] ✅ Columna precio_compra YA EXISTE
[28-Sep-2026 22:58:34 America/Bogota] === FIN SETUP PRECIO_COMPRA ===

[28-Sep-2026 22:58:37 America/Bogota] PRECIO_COMPRA: No hay lock - Verificando productos...
[28-Sep-2026 22:58:37 America/Bogota] PRECIO_COMPRA: Total productos con precio $0: 4
[28-Sep-2026 22:58:37 America/Bogota] PRECIO_COMPRA: De esos, cuántos tienen entradas: 0
[28-Sep-2026 22:58:37 America/Bogota] PRECIO_COMPRA: ⚠️ Hay 4 productos en $0 sin entradas
[28-Sep-2026 22:58:37 America/Bogota] PRECIO_COMPRA: NO se crea lock - esperando entradas o importación
[28-Sep-2026 22:58:37 America/Bogota] === INICIO SETUP PRECIO_COMPRA ===
[28-Sep-2026 22:58:37 America/Bogota] Driver detectado: sqlite
[28-Sep-2026 22:58:37 America/Bogota] ✅ Columna precio_compra YA EXISTE
[28-Sep-2026 22:58:37 America/Bogota] === FIN SETUP PRECIO_COMPRA ===

[28-Sep-2026 22:58:37 America/Bogota] PRECIO_COMPRA: No hay lock - Verificando productos...
[28-Sep-2026 22:58:37 America/Bogota] PRECIO_COMPRA: Total productos con precio $0: 4
[28-Sep-2026 22:58:37 America/Bogota] PRECIO_COMPRA: De esos, cuántos tienen entradas: 0
[28-Sep-2026 22:58:37 America/Bogota] PRECIO_COMPRA: ⚠️ Hay 4 productos en $0 sin entradas
[28-Sep-2026 22:58:37 America/Bogota] PRECIO_COMPRA: NO se crea lock - esperando entradas o importación
[28-Sep-2026 22:58:37 America/Bogota] === INICIO SETUP PRECIO_COMPRA ===
[28-Sep-2026 22:58:37 America/Bogota] Driver detectado: sqlite
[28-Sep-2026 22:58:37 America/Bogota] ✅ Columna precio_compra YA EXISTE
[28-Sep-2026 22:58:37 America/Bogota] === FIN SETUP PRECIO_COMPRA ===

[28-Sep-2026 22:58:37 America/Bogota] PRECIO_COMPRA: No hay lock - Verificando productos...
[28-Sep-2026 22:58:37 America/Bogota] PRECIO_COMPRA: Total productos con precio $0: 4
[28-Sep-2026 22:58:37 America/Bogota] PRECIO_COMPRA: De esos, cuántos tienen entradas: 0
[28-Sep-2026 22:58:37 America/Bogota] PRECIO_COMPRA: ⚠️ Hay 4 productos en $0 sin entradas
[28-Sep-2026 22:58:37 America/Bogota] PRECIO_COMPRA: NO se crea lock - esperando entradas o importación
[28-Sep-2026 22:58:37 America/Bogota] === INICIO SETUP PRECIO_COMPRA ===
[28-Sep-2026 22:58:37 America/Bogota] Driver detectado: sqlite
[28-Sep-2026 22:58:37 America/Bogota] ✅ Columna precio_compra YA EXISTE
[28-Sep-2026 22:58:37 America/Bogota] === FIN SETUP PRECIO_COMPRA ===

[28-Sep-2026 22:59:26 America/Bogota] PRECIO_COMPRA: Lock existe - No se requiere migración
[28-Sep-2026 22:59:26 America/Bogota] === INICIO SETUP PRECIO_COMPRA ===
[28-Sep-2026 22:59:26 America/Bogota] ❌ ERROR: SQLSTATE[HY000]: General error: 1 near "SHOW": syntax error
[28-Sep-2026 22:59:26 America/Bogota] Stack: #0 C:\xampp\htdocs\nombre_de_empresa\Config\setup_precio_compra.php(31): PDO->query('SHOW COLUMNS FR...')
#1 C:\xampp\htdocs\nombre_de_empresa\Config\database.php(264): require_once('C:\\xampp\\htdocs...')
#2 C:\xampp\htdocs\nombre_de_empresa\Controllers\CreditosController.php(9): require_once('C:\\xampp\\htdocs...')
#3 {main}
[28-Sep-2026 22:59:26 America/Bogota] PRECIO_COMPRA: Lock existe - No se requiere migración
[28-Sep-2026 22:59:26 America/Bogota] === INICIO SETUP PRECIO_COMPRA ===
[28-Sep-2026 22:59:26 America/Bogota] ❌ ERROR: SQLSTATE[HY000]: General error: 1 near "SHOW": syntax error
[28-Sep-2026 22:59:26 America/Bogota] Stack: #0 C:\xampp\htdocs\nombre_de_empresa\Config\setup_precio_compra.php(31): PDO->query('SHOW COLUMNS FR...')
#1 C:\xampp\htdocs\nombre_de_empresa\Config\database.php(264): require_once('C:\\xampp\\htdocs...')
#2 C:\xampp\htdocs\nombre_de_empresa\Views\inventarios.php(13): require_once('C:\\xampp\\htdocs...')
#3 {main}
[28-Sep-2026 22:59:27 America/Bogota] PRECIO_COMPRA: Lock existe - No se requiere migración
[28-Sep-2026 22:59:27 America/Bogota] === INICIO SETUP PRECIO_COMPRA ===
[28-Sep-2026 22:59:27 America/Bogota] ❌ ERROR: SQLSTATE[HY000]: General error: 1 near "SHOW": syntax error
[28-Sep-2026 22:59:27 America/Bogota] Stack: #0 C:\xampp\htdocs\nombre_de_empresa\Config\setup_precio_compra.php(31): PDO->query('SHOW COLUMNS FR...')
#1 C:\xampp\htdocs\nombre_de_empresa\Config\database.php(264): require_once('C:\\xampp\\htdocs...')
#2 C:\xampp\htdocs\nombre_de_empresa\Controllers\CreditosController.php(9): require_once('C:\\xampp\\htdocs...')
#3 {main}
[28-Sep-2026 22:59:27 America/Bogota] PRECIO_COMPRA: Lock existe - No se requiere migración
[28-Sep-2026 22:59:27 America/Bogota] === INICIO SETUP PRECIO_COMPRA ===
[28-Sep-2026 22:59:27 America/Bogota] ❌ ERROR: SQLSTATE[HY000]: General error: 1 near "SHOW": syntax error
[28-Sep-2026 22:59:27 America/Bogota] Stack: #0 C:\xampp\htdocs\nombre_de_empresa\Config\setup_precio_compra.php(31): PDO->query('SHOW COLUMNS FR...')
#1 C:\xampp\htdocs\nombre_de_empresa\Config\database.php(264): require_once('C:\\xampp\\htdocs...')
#2 C:\xampp\htdocs\nombre_de_empresa\Controllers\CreditosController.php(9): require_once('C:\\xampp\\htdocs...')
#3 {main}
[28-Sep-2026 22:59:32 America/Bogota] PRECIO_COMPRA: Lock existe - No se requiere migración
[28-Sep-2026 22:59:32 America/Bogota] === INICIO SETUP PRECIO_COMPRA ===
[28-Sep-2026 22:59:32 America/Bogota] ❌ ERROR: SQLSTATE[HY000]: General error: 1 near "SHOW": syntax error
[28-Sep-2026 22:59:32 America/Bogota] Stack: #0 C:\xampp\htdocs\nombre_de_empresa\Config\setup_precio_compra.php(31): PDO->query('SHOW COLUMNS FR...')
#1 C:\xampp\htdocs\nombre_de_empresa\Config\database.php(264): require_once('C:\\xampp\\htdocs...')
#2 C:\xampp\htdocs\nombre_de_empresa\Views\productos.php(10): require_once('C:\\xampp\\htdocs...')
#3 {main}
[28-Sep-2026 23:00:00 America/Bogota] PRECIO_COMPRA: Lock existe - No se requiere migración
[28-Sep-2026 23:00:00 America/Bogota] === INICIO SETUP PRECIO_COMPRA ===
[28-Sep-2026 23:00:00 America/Bogota] ❌ ERROR: SQLSTATE[HY000]: General error: 1 near "SHOW": syntax error
[28-Sep-2026 23:00:00 America/Bogota] Stack: #0 C:\xampp\htdocs\nombre_de_empresa\Config\setup_precio_compra.php(31): PDO->query('SHOW COLUMNS FR...')
#1 C:\xampp\htdocs\nombre_de_empresa\Config\database.php(264): require_once('C:\\xampp\\htdocs...')
#2 C:\xampp\htdocs\nombre_de_empresa\Controllers\BaseDatosController.php(10): require_once('C:\\xampp\\htdocs...')
#3 {main}
[28-Sep-2026 23:06:59 America/Bogota] PRECIO_COMPRA: Lock existe - No se requiere migración
[28-Sep-2026 23:06:59 America/Bogota] === INICIO SETUP PRECIO_COMPRA ===
[28-Sep-2026 23:06:59 America/Bogota] 🔍 Driver detectado: sqlite
[28-Sep-2026 23:06:59 America/Bogota] ✅ Columna precio_compra YA EXISTE
[28-Sep-2026 23:06:59 America/Bogota] ⚠️ Sin archivo de bloqueo - Verificando pendientes...
[28-Sep-2026 23:06:59 America/Bogota] ❌ ERROR: SQLSTATE[HY000]: General error: 1 no such column: e.estado
[28-Sep-2026 23:06:59 America/Bogota] Stack: #0 C:\xampp\htdocs\nombre_de_empresa\Config\setup_precio_compra.php(91): PDO->query('\n              ...')
#1 C:\xampp\htdocs\nombre_de_empresa\Config\database.php(264): require_once('C:\\xampp\\htdocs...')
#2 C:\xampp\htdocs\nombre_de_empresa\Controllers\CreditosController.php(9): require_once('C:\\xampp\\htdocs...')
#3 {main}
[28-Sep-2026 23:09:09 America/Bogota] PRECIO_COMPRA: Lock existe - No se requiere migración
[28-Sep-2026 23:09:09 America/Bogota] === INICIO SETUP PRECIO_COMPRA ===
[28-Sep-2026 23:09:09 America/Bogota] 🔍 Driver detectado: sqlite
[28-Sep-2026 23:09:09 America/Bogota] ✅ Columna precio_compra YA EXISTE
[28-Sep-2026 23:09:09 America/Bogota] ✅ Migración ya completada anteriormente
[28-Sep-2026 23:09:09 America/Bogota] === FIN SETUP PRECIO_COMPRA ===

[28-Sep-2026 23:09:10 America/Bogota] PRECIO_COMPRA: Lock existe - No se requiere migración
[28-Sep-2026 23:09:10 America/Bogota] === INICIO SETUP PRECIO_COMPRA ===
[28-Sep-2026 23:09:10 America/Bogota] 🔍 Driver detectado: sqlite
[28-Sep-2026 23:09:10 America/Bogota] ✅ Columna precio_compra YA EXISTE
[28-Sep-2026 23:09:10 America/Bogota] ✅ Migración ya completada anteriormente
[28-Sep-2026 23:09:10 America/Bogota] === FIN SETUP PRECIO_COMPRA ===

[28-Sep-2026 23:10:05 America/Bogota] PRECIO_COMPRA: Lock existe - No se requiere migración
[28-Sep-2026 23:10:05 America/Bogota] === INICIO SETUP PRECIO_COMPRA ===
[28-Sep-2026 23:10:05 America/Bogota] 🔍 Driver detectado: sqlite
[28-Sep-2026 23:10:05 America/Bogota] ✅ Columna precio_compra YA EXISTE
[28-Sep-2026 23:10:05 America/Bogota] ✅ Migración ya completada anteriormente
[28-Sep-2026 23:10:05 America/Bogota] === FIN SETUP PRECIO_COMPRA ===

[28-Sep-2026 23:10:06 America/Bogota] PRECIO_COMPRA: Lock existe - No se requiere migración
[28-Sep-2026 23:10:06 America/Bogota] === INICIO SETUP PRECIO_COMPRA ===
[28-Sep-2026 23:10:06 America/Bogota] 🔍 Driver detectado: sqlite
[28-Sep-2026 23:10:06 America/Bogota] ✅ Columna precio_compra YA EXISTE
[28-Sep-2026 23:10:06 America/Bogota] ✅ Migración ya completada anteriormente
[28-Sep-2026 23:10:06 America/Bogota] === FIN SETUP PRECIO_COMPRA ===

[28-Sep-2026 23:10:06 America/Bogota] PRECIO_COMPRA: Lock existe - No se requiere migración
[28-Sep-2026 23:10:06 America/Bogota] === INICIO SETUP PRECIO_COMPRA ===
[28-Sep-2026 23:10:06 America/Bogota] 🔍 Driver detectado: sqlite
[28-Sep-2026 23:10:06 America/Bogota] ✅ Columna precio_compra YA EXISTE
[28-Sep-2026 23:10:06 America/Bogota] ✅ Migración ya completada anteriormente
[28-Sep-2026 23:10:06 America/Bogota] === FIN SETUP PRECIO_COMPRA ===

[29-Sep-2026 20:21:29 America/Bogota] PRECIO_COMPRA: Lock existe - No se requiere migración
[29-Sep-2026 20:21:29 America/Bogota] === INICIO SETUP PRECIO_COMPRA ===
[29-Sep-2026 20:21:29 America/Bogota] ❌ ERROR: SQLSTATE[HY000]: General error: 1 near "SHOW": syntax error
[29-Sep-2026 20:21:29 America/Bogota] Stack: #0 C:\xampp\htdocs\nombre_de_empresa\Config\setup_precio_compra.php(31): PDO->query('SHOW COLUMNS FR...')
#1 C:\xampp\htdocs\nombre_de_empresa\Config\database.php(264): require_once('C:\\xampp\\htdocs...')
#2 C:\xampp\htdocs\nombre_de_empresa\Controllers\CreditosController.php(9): require_once('C:\\xampp\\htdocs...')
#3 {main}
[29-Sep-2026 20:21:29 America/Bogota] PRECIO_COMPRA: Lock existe - No se requiere migración
[29-Sep-2026 20:21:29 America/Bogota] === INICIO SETUP PRECIO_COMPRA ===
[29-Sep-2026 20:21:29 America/Bogota] ❌ ERROR: SQLSTATE[HY000]: General error: 1 near "SHOW": syntax error
[29-Sep-2026 20:21:29 America/Bogota] Stack: #0 C:\xampp\htdocs\nombre_de_empresa\Config\setup_precio_compra.php(31): PDO->query('SHOW COLUMNS FR...')
#1 C:\xampp\htdocs\nombre_de_empresa\Config\database.php(264): require_once('C:\\xampp\\htdocs...')
#2 C:\xampp\htdocs\nombre_de_empresa\Views\productos.php(10): require_once('C:\\xampp\\htdocs...')
#3 {main}
[29-Sep-2026 20:21:35 America/Bogota] PRECIO_COMPRA: Lock existe - No se requiere migración
[29-Sep-2026 20:21:35 America/Bogota] === INICIO SETUP PRECIO_COMPRA ===
[29-Sep-2026 20:21:35 America/Bogota] ❌ ERROR: SQLSTATE[HY000]: General error: 1 near "SHOW": syntax error
[29-Sep-2026 20:21:35 America/Bogota] Stack: #0 C:\xampp\htdocs\nombre_de_empresa\Config\setup_precio_compra.php(31): PDO->query('SHOW COLUMNS FR...')
#1 C:\xampp\htdocs\nombre_de_empresa\Config\database.php(264): require_once('C:\\xampp\\htdocs...')
#2 C:\xampp\htdocs\nombre_de_empresa\Views\inventarios.php(13): require_once('C:\\xampp\\htdocs...')
#3 {main}
[29-Sep-2026 20:21:35 America/Bogota] PRECIO_COMPRA: Lock existe - No se requiere migración
[29-Sep-2026 20:21:35 America/Bogota] === INICIO SETUP PRECIO_COMPRA ===
[29-Sep-2026 20:21:35 America/Bogota] ❌ ERROR: SQLSTATE[HY000]: General error: 1 near "SHOW": syntax error
[29-Sep-2026 20:21:35 America/Bogota] Stack: #0 C:\xampp\htdocs\nombre_de_empresa\Config\setup_precio_compra.php(31): PDO->query('SHOW COLUMNS FR...')
#1 C:\xampp\htdocs\nombre_de_empresa\Config\database.php(264): require_once('C:\\xampp\\htdocs...')
#2 C:\xampp\htdocs\nombre_de_empresa\Controllers\CreditosController.php(9): require_once('C:\\xampp\\htdocs...')
#3 {main}
[29-Sep-2026 20:21:37 America/Bogota] PRECIO_COMPRA: Lock existe - No se requiere migración
[29-Sep-2026 20:21:37 America/Bogota] === INICIO SETUP PRECIO_COMPRA ===
[29-Sep-2026 20:21:37 America/Bogota] ❌ ERROR: SQLSTATE[HY000]: General error: 1 near "SHOW": syntax error
[29-Sep-2026 20:21:37 America/Bogota] Stack: #0 C:\xampp\htdocs\nombre_de_empresa\Config\setup_precio_compra.php(31): PDO->query('SHOW COLUMNS FR...')
#1 C:\xampp\htdocs\nombre_de_empresa\Config\database.php(264): require_once('C:\\xampp\\htdocs...')
#2 C:\xampp\htdocs\nombre_de_empresa\Controllers\CreditosController.php(9): require_once('C:\\xampp\\htdocs...')
#3 {main}
[29-Sep-2026 20:21:37 America/Bogota] PRECIO_COMPRA: Lock existe - No se requiere migración
[29-Sep-2026 20:21:37 America/Bogota] === INICIO SETUP PRECIO_COMPRA ===
[29-Sep-2026 20:21:37 America/Bogota] ❌ ERROR: SQLSTATE[HY000]: General error: 1 near "SHOW": syntax error
[29-Sep-2026 20:21:37 America/Bogota] Stack: #0 C:\xampp\htdocs\nombre_de_empresa\Config\setup_precio_compra.php(31): PDO->query('SHOW COLUMNS FR...')
#1 C:\xampp\htdocs\nombre_de_empresa\Config\database.php(264): require_once('C:\\xampp\\htdocs...')
#2 C:\xampp\htdocs\nombre_de_empresa\Controllers\CreditosController.php(9): require_once('C:\\xampp\\htdocs...')
#3 {main}
[29-Sep-2026 20:21:39 America/Bogota] PRECIO_COMPRA: Lock existe - No se requiere migración
[29-Sep-2026 20:21:39 America/Bogota] === INICIO SETUP PRECIO_COMPRA ===
[29-Sep-2026 20:21:39 America/Bogota] ❌ ERROR: SQLSTATE[HY000]: General error: 1 near "SHOW": syntax error
[29-Sep-2026 20:21:39 America/Bogota] Stack: #0 C:\xampp\htdocs\nombre_de_empresa\Config\setup_precio_compra.php(31): PDO->query('SHOW COLUMNS FR...')
#1 C:\xampp\htdocs\nombre_de_empresa\Config\database.php(264): require_once('C:\\xampp\\htdocs...')
#2 C:\xampp\htdocs\nombre_de_empresa\Controllers\CreditosController.php(9): require_once('C:\\xampp\\htdocs...')
#3 {main}
[29-Sep-2026 20:21:41 America/Bogota] PRECIO_COMPRA: Lock existe - No se requiere migración
[29-Sep-2026 20:21:41 America/Bogota] === INICIO SETUP PRECIO_COMPRA ===
[29-Sep-2026 20:21:41 America/Bogota] ❌ ERROR: SQLSTATE[HY000]: General error: 1 near "SHOW": syntax error
[29-Sep-2026 20:21:41 America/Bogota] Stack: #0 C:\xampp\htdocs\nombre_de_empresa\Config\setup_precio_compra.php(31): PDO->query('SHOW COLUMNS FR...')
#1 C:\xampp\htdocs\nombre_de_empresa\Config\database.php(264): require_once('C:\\xampp\\htdocs...')
#2 C:\xampp\htdocs\nombre_de_empresa\Views\inventarios.php(13): require_once('C:\\xampp\\htdocs...')
#3 {main}
[29-Sep-2026 20:21:41 America/Bogota] PRECIO_COMPRA: Lock existe - No se requiere migración
[29-Sep-2026 20:21:41 America/Bogota] === INICIO SETUP PRECIO_COMPRA ===
[29-Sep-2026 20:21:41 America/Bogota] ❌ ERROR: SQLSTATE[HY000]: General error: 1 near "SHOW": syntax error
[29-Sep-2026 20:21:41 America/Bogota] Stack: #0 C:\xampp\htdocs\nombre_de_empresa\Config\setup_precio_compra.php(31): PDO->query('SHOW COLUMNS FR...')
#1 C:\xampp\htdocs\nombre_de_empresa\Config\database.php(264): require_once('C:\\xampp\\htdocs...')
#2 C:\xampp\htdocs\nombre_de_empresa\Controllers\CreditosController.php(9): require_once('C:\\xampp\\htdocs...')
#3 {main}
[29-Sep-2026 20:21:42 America/Bogota] PRECIO_COMPRA: Lock existe - No se requiere migración
[29-Sep-2026 20:21:42 America/Bogota] === INICIO SETUP PRECIO_COMPRA ===
[29-Sep-2026 20:21:42 America/Bogota] ❌ ERROR: SQLSTATE[HY000]: General error: 1 near "SHOW": syntax error
[29-Sep-2026 20:21:42 America/Bogota] Stack: #0 C:\xampp\htdocs\nombre_de_empresa\Config\setup_precio_compra.php(31): PDO->query('SHOW COLUMNS FR...')
#1 C:\xampp\htdocs\nombre_de_empresa\Config\database.php(264): require_once('C:\\xampp\\htdocs...')
#2 C:\xampp\htdocs\nombre_de_empresa\Controllers\CreditosController.php(9): require_once('C:\\xampp\\htdocs...')
#3 {main}
[29-Sep-2026 20:21:43 America/Bogota] PRECIO_COMPRA: Lock existe - No se requiere migración
[29-Sep-2026 20:21:43 America/Bogota] === INICIO SETUP PRECIO_COMPRA ===
[29-Sep-2026 20:21:43 America/Bogota] ❌ ERROR: SQLSTATE[HY000]: General error: 1 near "SHOW": syntax error
[29-Sep-2026 20:21:43 America/Bogota] Stack: #0 C:\xampp\htdocs\nombre_de_empresa\Config\setup_precio_compra.php(31): PDO->query('SHOW COLUMNS FR...')
#1 C:\xampp\htdocs\nombre_de_empresa\Config\database.php(264): require_once('C:\\xampp\\htdocs...')
#2 C:\xampp\htdocs\nombre_de_empresa\Views\inventarios.php(13): require_once('C:\\xampp\\htdocs...')
#3 {main}
[29-Sep-2026 20:21:43 America/Bogota] PRECIO_COMPRA: Lock existe - No se requiere migración
[29-Sep-2026 20:21:43 America/Bogota] === INICIO SETUP PRECIO_COMPRA ===
[29-Sep-2026 20:21:43 America/Bogota] ❌ ERROR: SQLSTATE[HY000]: General error: 1 near "SHOW": syntax error
[29-Sep-2026 20:21:43 America/Bogota] Stack: #0 C:\xampp\htdocs\nombre_de_empresa\Config\setup_precio_compra.php(31): PDO->query('SHOW COLUMNS FR...')
#1 C:\xampp\htdocs\nombre_de_empresa\Config\database.php(264): require_once('C:\\xampp\\htdocs...')
#2 C:\xampp\htdocs\nombre_de_empresa\Controllers\CreditosController.php(9): require_once('C:\\xampp\\htdocs...')
#3 {main}
[29-Sep-2026 20:21:45 America/Bogota] PRECIO_COMPRA: Lock existe - No se requiere migración
[29-Sep-2026 20:21:45 America/Bogota] === INICIO SETUP PRECIO_COMPRA ===
[29-Sep-2026 20:21:45 America/Bogota] ❌ ERROR: SQLSTATE[HY000]: General error: 1 near "SHOW": syntax error
[29-Sep-2026 20:21:45 America/Bogota] Stack: #0 C:\xampp\htdocs\nombre_de_empresa\Config\setup_precio_compra.php(31): PDO->query('SHOW COLUMNS FR...')
#1 C:\xampp\htdocs\nombre_de_empresa\Config\database.php(264): require_once('C:\\xampp\\htdocs...')
#2 C:\xampp\htdocs\nombre_de_empresa\Controllers\CreditosController.php(9): require_once('C:\\xampp\\htdocs...')
#3 {main}
[29-Sep-2026 20:21:45 America/Bogota] PRECIO_COMPRA: Lock existe - No se requiere migración
[29-Sep-2026 20:21:45 America/Bogota] === INICIO SETUP PRECIO_COMPRA ===
[29-Sep-2026 20:21:45 America/Bogota] ❌ ERROR: SQLSTATE[HY000]: General error: 1 near "SHOW": syntax error
[29-Sep-2026 20:21:45 America/Bogota] Stack: #0 C:\xampp\htdocs\nombre_de_empresa\Config\setup_precio_compra.php(31): PDO->query('SHOW COLUMNS FR...')
#1 C:\xampp\htdocs\nombre_de_empresa\Config\database.php(264): require_once('C:\\xampp\\htdocs...')
#2 C:\xampp\htdocs\nombre_de_empresa\Controllers\CreditosController.php(9): require_once('C:\\xampp\\htdocs...')
#3 {main}
[29-Sep-2026 20:21:47 America/Bogota] PRECIO_COMPRA: Lock existe - No se requiere migración
[29-Sep-2026 20:21:47 America/Bogota] === INICIO SETUP PRECIO_COMPRA ===
[29-Sep-2026 20:21:47 America/Bogota] ❌ ERROR: SQLSTATE[HY000]: General error: 1 near "SHOW": syntax error
[29-Sep-2026 20:21:47 America/Bogota] Stack: #0 C:\xampp\htdocs\nombre_de_empresa\Config\setup_precio_compra.php(31): PDO->query('SHOW COLUMNS FR...')
#1 C:\xampp\htdocs\nombre_de_empresa\Config\database.php(264): require_once('C:\\xampp\\htdocs...')
#2 C:\xampp\htdocs\nombre_de_empresa\Controllers\CreditosController.php(9): require_once('C:\\xampp\\htdocs...')
#3 {main}
[29-Sep-2026 20:21:51 America/Bogota] PRECIO_COMPRA: Lock existe - No se requiere migración
[29-Sep-2026 20:21:51 America/Bogota] === INICIO SETUP PRECIO_COMPRA ===
[29-Sep-2026 20:21:51 America/Bogota] ❌ ERROR: SQLSTATE[HY000]: General error: 1 near "SHOW": syntax error
[29-Sep-2026 20:21:51 America/Bogota] Stack: #0 C:\xampp\htdocs\nombre_de_empresa\Config\setup_precio_compra.php(31): PDO->query('SHOW COLUMNS FR...')
#1 C:\xampp\htdocs\nombre_de_empresa\Config\database.php(264): require_once('C:\\xampp\\htdocs...')
#2 C:\xampp\htdocs\nombre_de_empresa\Controllers\CreditosController.php(9): require_once('C:\\xampp\\htdocs...')
#3 {main}
[29-Sep-2026 20:21:54 America/Bogota] PRECIO_COMPRA: Lock existe - No se requiere migración
[29-Sep-2026 20:21:54 America/Bogota] === INICIO SETUP PRECIO_COMPRA ===
[29-Sep-2026 20:21:54 America/Bogota] ❌ ERROR: SQLSTATE[HY000]: General error: 1 near "SHOW": syntax error
[29-Sep-2026 20:21:54 America/Bogota] Stack: #0 C:\xampp\htdocs\nombre_de_empresa\Config\setup_precio_compra.php(31): PDO->query('SHOW COLUMNS FR...')
#1 C:\xampp\htdocs\nombre_de_empresa\Config\database.php(264): require_once('C:\\xampp\\htdocs...')
#2 C:\xampp\htdocs\nombre_de_empresa\Controllers\CreditosController.php(9): require_once('C:\\xampp\\htdocs...')
#3 {main}
[29-Sep-2026 20:21:54 America/Bogota] PRECIO_COMPRA: Lock existe - No se requiere migración
[29-Sep-2026 20:21:54 America/Bogota] === INICIO SETUP PRECIO_COMPRA ===
[29-Sep-2026 20:21:54 America/Bogota] ❌ ERROR: SQLSTATE[HY000]: General error: 1 near "SHOW": syntax error
[29-Sep-2026 20:21:54 America/Bogota] Stack: #0 C:\xampp\htdocs\nombre_de_empresa\Config\setup_precio_compra.php(31): PDO->query('SHOW COLUMNS FR...')
#1 C:\xampp\htdocs\nombre_de_empresa\Config\database.php(264): require_once('C:\\xampp\\htdocs...')
#2 C:\xampp\htdocs\nombre_de_empresa\Controllers\CreditosController.php(9): require_once('C:\\xampp\\htdocs...')
#3 {main}
[29-Sep-2026 20:21:54 America/Bogota] PRECIO_COMPRA: Lock existe - No se requiere migración
[29-Sep-2026 20:21:54 America/Bogota] === INICIO SETUP PRECIO_COMPRA ===
[29-Sep-2026 20:21:54 America/Bogota] ❌ ERROR: SQLSTATE[HY000]: General error: 1 near "SHOW": syntax error
[29-Sep-2026 20:21:54 America/Bogota] Stack: #0 C:\xampp\htdocs\nombre_de_empresa\Config\setup_precio_compra.php(31): PDO->query('SHOW COLUMNS FR...')
#1 C:\xampp\htdocs\nombre_de_empresa\Config\database.php(264): require_once('C:\\xampp\\htdocs...')
#2 C:\xampp\htdocs\nombre_de_empresa\Controllers\CreditosController.php(9): require_once('C:\\xampp\\htdocs...')
#3 {main}
[29-Sep-2026 20:22:08 America/Bogota] PRECIO_COMPRA: Lock existe - No se requiere migración
[29-Sep-2026 20:22:08 America/Bogota] === INICIO SETUP PRECIO_COMPRA ===
[29-Sep-2026 20:22:08 America/Bogota] ❌ ERROR: SQLSTATE[HY000]: General error: 1 near "SHOW": syntax error
[29-Sep-2026 20:22:08 America/Bogota] Stack: #0 C:\xampp\htdocs\nombre_de_empresa\Config\setup_precio_compra.php(31): PDO->query('SHOW COLUMNS FR...')
#1 C:\xampp\htdocs\nombre_de_empresa\Config\database.php(264): require_once('C:\\xampp\\htdocs...')
#2 C:\xampp\htdocs\nombre_de_empresa\Controllers\CreditosController.php(9): require_once('C:\\xampp\\htdocs...')
#3 {main}
[29-Sep-2026 20:22:11 America/Bogota] PRECIO_COMPRA: Lock existe - No se requiere migración
[29-Sep-2026 20:22:11 America/Bogota] === INICIO SETUP PRECIO_COMPRA ===
[29-Sep-2026 20:22:11 America/Bogota] ❌ ERROR: SQLSTATE[HY000]: General error: 1 near "SHOW": syntax error
[29-Sep-2026 20:22:11 America/Bogota] Stack: #0 C:\xampp\htdocs\nombre_de_empresa\Config\setup_precio_compra.php(31): PDO->query('SHOW COLUMNS FR...')
#1 C:\xampp\htdocs\nombre_de_empresa\Config\database.php(264): require_once('C:\\xampp\\htdocs...')
#2 C:\xampp\htdocs\nombre_de_empresa\Controllers\CreditosController.php(9): require_once('C:\\xampp\\htdocs...')
#3 {main}
[29-Sep-2026 20:22:12 America/Bogota] PRECIO_COMPRA: Lock existe - No se requiere migración
[29-Sep-2026 20:22:12 America/Bogota] === INICIO SETUP PRECIO_COMPRA ===
[29-Sep-2026 20:22:12 America/Bogota] ❌ ERROR: SQLSTATE[HY000]: General error: 1 near "SHOW": syntax error
[29-Sep-2026 20:22:12 America/Bogota] Stack: #0 C:\xampp\htdocs\nombre_de_empresa\Config\setup_precio_compra.php(31): PDO->query('SHOW COLUMNS FR...')
#1 C:\xampp\htdocs\nombre_de_empresa\Config\database.php(264): require_once('C:\\xampp\\htdocs...')
#2 C:\xampp\htdocs\nombre_de_empresa\Controllers\CreditosController.php(9): require_once('C:\\xampp\\htdocs...')
#3 {main}
[29-Sep-2026 20:22:12 America/Bogota] PRECIO_COMPRA: Lock existe - No se requiere migración
[29-Sep-2026 20:22:12 America/Bogota] === INICIO SETUP PRECIO_COMPRA ===
[29-Sep-2026 20:22:12 America/Bogota] ❌ ERROR: SQLSTATE[HY000]: General error: 1 near "SHOW": syntax error
[29-Sep-2026 20:22:12 America/Bogota] Stack: #0 C:\xampp\htdocs\nombre_de_empresa\Config\setup_precio_compra.php(31): PDO->query('SHOW COLUMNS FR...')
#1 C:\xampp\htdocs\nombre_de_empresa\Config\database.php(264): require_once('C:\\xampp\\htdocs...')
#2 C:\xampp\htdocs\nombre_de_empresa\Controllers\CreditosController.php(9): require_once('C:\\xampp\\htdocs...')
#3 {main}
[29-Sep-2026 20:22:48 America/Bogota] PRECIO_COMPRA: Lock existe - No se requiere migración
[29-Sep-2026 20:22:48 America/Bogota] === INICIO SETUP PRECIO_COMPRA ===
[29-Sep-2026 20:22:48 America/Bogota] ❌ ERROR: SQLSTATE[HY000]: General error: 1 near "SHOW": syntax error
[29-Sep-2026 20:22:48 America/Bogota] Stack: #0 C:\xampp\htdocs\nombre_de_empresa\Config\setup_precio_compra.php(31): PDO->query('SHOW COLUMNS FR...')
#1 C:\xampp\htdocs\nombre_de_empresa\Config\database.php(264): require_once('C:\\xampp\\htdocs...')
#2 C:\xampp\htdocs\nombre_de_empresa\Controllers\CreditosController.php(9): require_once('C:\\xampp\\htdocs...')
#3 {main}
[29-Sep-2026 20:22:50 America/Bogota] PRECIO_COMPRA: Lock existe - No se requiere migración
[29-Sep-2026 20:22:50 America/Bogota] === INICIO SETUP PRECIO_COMPRA ===
[29-Sep-2026 20:22:50 America/Bogota] ❌ ERROR: SQLSTATE[HY000]: General error: 1 near "SHOW": syntax error
[29-Sep-2026 20:22:50 America/Bogota] Stack: #0 C:\xampp\htdocs\nombre_de_empresa\Config\setup_precio_compra.php(31): PDO->query('SHOW COLUMNS FR...')
#1 C:\xampp\htdocs\nombre_de_empresa\Config\database.php(264): require_once('C:\\xampp\\htdocs...')
#2 C:\xampp\htdocs\nombre_de_empresa\Controllers\CreditosController.php(9): require_once('C:\\xampp\\htdocs...')
#3 {main}
[29-Sep-2026 20:22:50 America/Bogota] PRECIO_COMPRA: Lock existe - No se requiere migración
[29-Sep-2026 20:22:50 America/Bogota] === INICIO SETUP PRECIO_COMPRA ===
[29-Sep-2026 20:22:50 America/Bogota] ❌ ERROR: SQLSTATE[HY000]: General error: 1 near "SHOW": syntax error
[29-Sep-2026 20:22:50 America/Bogota] Stack: #0 C:\xampp\htdocs\nombre_de_empresa\Config\setup_precio_compra.php(31): PDO->query('SHOW COLUMNS FR...')
#1 C:\xampp\htdocs\nombre_de_empresa\Config\database.php(264): require_once('C:\\xampp\\htdocs...')
#2 C:\xampp\htdocs\nombre_de_empresa\Controllers\CreditosController.php(9): require_once('C:\\xampp\\htdocs...')
#3 {main}
[29-Sep-2026 20:22:50 America/Bogota] PRECIO_COMPRA: Lock existe - No se requiere migración
[29-Sep-2026 20:22:50 America/Bogota] === INICIO SETUP PRECIO_COMPRA ===
[29-Sep-2026 20:22:50 America/Bogota] ❌ ERROR: SQLSTATE[HY000]: General error: 1 near "SHOW": syntax error
[29-Sep-2026 20:22:50 America/Bogota] Stack: #0 C:\xampp\htdocs\nombre_de_empresa\Config\setup_precio_compra.php(31): PDO->query('SHOW COLUMNS FR...')
#1 C:\xampp\htdocs\nombre_de_empresa\Config\database.php(264): require_once('C:\\xampp\\htdocs...')
#2 C:\xampp\htdocs\nombre_de_empresa\Controllers\CreditosController.php(9): require_once('C:\\xampp\\htdocs...')
#3 {main}
[29-Sep-2026 20:25:36 America/Bogota] PRECIO_COMPRA: Lock existe - No se requiere migración
[29-Sep-2026 20:25:36 America/Bogota] === INICIO SETUP PRECIO_COMPRA ===
[29-Sep-2026 20:25:36 America/Bogota] ❌ ERROR: SQLSTATE[HY000]: General error: 1 near "SHOW": syntax error
[29-Sep-2026 20:25:36 America/Bogota] Stack: #0 C:\xampp\htdocs\nombre_de_empresa\Config\setup_precio_compra.php(31): PDO->query('SHOW COLUMNS FR...')
#1 C:\xampp\htdocs\nombre_de_empresa\Config\database.php(264): require_once('C:\\xampp\\htdocs...')
#2 C:\xampp\htdocs\nombre_de_empresa\Controllers\CreditosController.php(9): require_once('C:\\xampp\\htdocs...')
#3 {main}
[29-Sep-2026 20:25:36 America/Bogota] PRECIO_COMPRA: Lock existe - No se requiere migración
[29-Sep-2026 20:25:36 America/Bogota] === INICIO SETUP PRECIO_COMPRA ===
[29-Sep-2026 20:25:36 America/Bogota] ❌ ERROR: SQLSTATE[HY000]: General error: 1 near "SHOW": syntax error
[29-Sep-2026 20:25:36 America/Bogota] Stack: #0 C:\xampp\htdocs\nombre_de_empresa\Config\setup_precio_compra.php(31): PDO->query('SHOW COLUMNS FR...')
#1 C:\xampp\htdocs\nombre_de_empresa\Config\database.php(264): require_once('C:\\xampp\\htdocs...')
#2 C:\xampp\htdocs\nombre_de_empresa\Controllers\CreditosController.php(9): require_once('C:\\xampp\\htdocs...')
#3 {main}
[29-Sep-2026 20:25:36 America/Bogota] PRECIO_COMPRA: Lock existe - No se requiere migración
[29-Sep-2026 20:25:36 America/Bogota] === INICIO SETUP PRECIO_COMPRA ===
[29-Sep-2026 20:25:36 America/Bogota] ❌ ERROR: SQLSTATE[HY000]: General error: 1 near "SHOW": syntax error
[29-Sep-2026 20:25:36 America/Bogota] Stack: #0 C:\xampp\htdocs\nombre_de_empresa\Config\setup_precio_compra.php(31): PDO->query('SHOW COLUMNS FR...')
#1 C:\xampp\htdocs\nombre_de_empresa\Config\database.php(264): require_once('C:\\xampp\\htdocs...')
#2 C:\xampp\htdocs\nombre_de_empresa\Controllers\CreditosController.php(9): require_once('C:\\xampp\\htdocs...')
#3 {main}
[29-Sep-2026 20:25:38 America/Bogota] PRECIO_COMPRA: Lock existe - No se requiere migración
[29-Sep-2026 20:25:38 America/Bogota] === INICIO SETUP PRECIO_COMPRA ===
[29-Sep-2026 20:25:38 America/Bogota] ❌ ERROR: SQLSTATE[HY000]: General error: 1 near "SHOW": syntax error
[29-Sep-2026 20:25:38 America/Bogota] Stack: #0 C:\xampp\htdocs\nombre_de_empresa\Config\setup_precio_compra.php(31): PDO->query('SHOW COLUMNS FR...')
#1 C:\xampp\htdocs\nombre_de_empresa\Config\database.php(264): require_once('C:\\xampp\\htdocs...')
#2 C:\xampp\htdocs\nombre_de_empresa\Controllers\CreditosController.php(9): require_once('C:\\xampp\\htdocs...')
#3 {main}
[29-Sep-2026 20:25:41 America/Bogota] PRECIO_COMPRA: Lock existe - No se requiere migración
[29-Sep-2026 20:25:41 America/Bogota] === INICIO SETUP PRECIO_COMPRA ===
[29-Sep-2026 20:25:41 America/Bogota] ❌ ERROR: SQLSTATE[HY000]: General error: 1 near "SHOW": syntax error
[29-Sep-2026 20:25:41 America/Bogota] Stack: #0 C:\xampp\htdocs\nombre_de_empresa\Config\setup_precio_compra.php(31): PDO->query('SHOW COLUMNS FR...')
#1 C:\xampp\htdocs\nombre_de_empresa\Config\database.php(264): require_once('C:\\xampp\\htdocs...')
#2 C:\xampp\htdocs\nombre_de_empresa\Controllers\CreditosController.php(9): require_once('C:\\xampp\\htdocs...')
#3 {main}
[29-Sep-2026 20:25:41 America/Bogota] PRECIO_COMPRA: Lock existe - No se requiere migración
[29-Sep-2026 20:25:41 America/Bogota] === INICIO SETUP PRECIO_COMPRA ===
[29-Sep-2026 20:25:41 America/Bogota] ❌ ERROR: SQLSTATE[HY000]: General error: 1 near "SHOW": syntax error
[29-Sep-2026 20:25:41 America/Bogota] Stack: #0 C:\xampp\htdocs\nombre_de_empresa\Config\setup_precio_compra.php(31): PDO->query('SHOW COLUMNS FR...')
#1 C:\xampp\htdocs\nombre_de_empresa\Config\database.php(264): require_once('C:\\xampp\\htdocs...')
#2 C:\xampp\htdocs\nombre_de_empresa\Controllers\CreditosController.php(9): require_once('C:\\xampp\\htdocs...')
#3 {main}
[29-Sep-2026 20:25:41 America/Bogota] PRECIO_COMPRA: Lock existe - No se requiere migración
[29-Sep-2026 20:25:41 America/Bogota] === INICIO SETUP PRECIO_COMPRA ===
[29-Sep-2026 20:25:41 America/Bogota] ❌ ERROR: SQLSTATE[HY000]: General error: 1 near "SHOW": syntax error
[29-Sep-2026 20:25:41 America/Bogota] Stack: #0 C:\xampp\htdocs\nombre_de_empresa\Config\setup_precio_compra.php(31): PDO->query('SHOW COLUMNS FR...')
#1 C:\xampp\htdocs\nombre_de_empresa\Config\database.php(264): require_once('C:\\xampp\\htdocs...')
#2 C:\xampp\htdocs\nombre_de_empresa\Controllers\CreditosController.php(9): require_once('C:\\xampp\\htdocs...')
#3 {main}
[29-Sep-2026 20:25:42 America/Bogota] PRECIO_COMPRA: Lock existe - No se requiere migración
[29-Sep-2026 20:25:42 America/Bogota] === INICIO SETUP PRECIO_COMPRA ===
[29-Sep-2026 20:25:42 America/Bogota] ❌ ERROR: SQLSTATE[HY000]: General error: 1 near "SHOW": syntax error
[29-Sep-2026 20:25:42 America/Bogota] Stack: #0 C:\xampp\htdocs\nombre_de_empresa\Config\setup_precio_compra.php(31): PDO->query('SHOW COLUMNS FR...')
#1 C:\xampp\htdocs\nombre_de_empresa\Config\database.php(264): require_once('C:\\xampp\\htdocs...')
#2 C:\xampp\htdocs\nombre_de_empresa\Controllers\CreditosController.php(9): require_once('C:\\xampp\\htdocs...')
#3 {main}
[29-Sep-2026 20:25:42 America/Bogota] PRECIO_COMPRA: Lock existe - No se requiere migración
[29-Sep-2026 20:25:42 America/Bogota] === INICIO SETUP PRECIO_COMPRA ===
[29-Sep-2026 20:25:42 America/Bogota] ❌ ERROR: SQLSTATE[HY000]: General error: 1 near "SHOW": syntax error
[29-Sep-2026 20:25:42 America/Bogota] Stack: #0 C:\xampp\htdocs\nombre_de_empresa\Config\setup_precio_compra.php(31): PDO->query('SHOW COLUMNS FR...')
#1 C:\xampp\htdocs\nombre_de_empresa\Config\database.php(264): require_once('C:\\xampp\\htdocs...')
#2 C:\xampp\htdocs\nombre_de_empresa\Controllers\CreditosController.php(9): require_once('C:\\xampp\\htdocs...')
#3 {main}
[29-Sep-2026 20:25:42 America/Bogota] PRECIO_COMPRA: Lock existe - No se requiere migración
[29-Sep-2026 20:25:42 America/Bogota] === INICIO SETUP PRECIO_COMPRA ===
[29-Sep-2026 20:25:42 America/Bogota] ❌ ERROR: SQLSTATE[HY000]: General error: 1 near "SHOW": syntax error
[29-Sep-2026 20:25:42 America/Bogota] Stack: #0 C:\xampp\htdocs\nombre_de_empresa\Config\setup_precio_compra.php(31): PDO->query('SHOW COLUMNS FR...')
#1 C:\xampp\htdocs\nombre_de_empresa\Config\database.php(264): require_once('C:\\xampp\\htdocs...')
#2 C:\xampp\htdocs\nombre_de_empresa\Controllers\CreditosController.php(9): require_once('C:\\xampp\\htdocs...')
#3 {main}
[29-Sep-2026 20:25:45 America/Bogota] PRECIO_COMPRA: Lock existe - No se requiere migración
[29-Sep-2026 20:25:45 America/Bogota] === INICIO SETUP PRECIO_COMPRA ===
[29-Sep-2026 20:25:45 America/Bogota] ❌ ERROR: SQLSTATE[HY000]: General error: 1 near "SHOW": syntax error
[29-Sep-2026 20:25:45 America/Bogota] Stack: #0 C:\xampp\htdocs\nombre_de_empresa\Config\setup_precio_compra.php(31): PDO->query('SHOW COLUMNS FR...')
#1 C:\xampp\htdocs\nombre_de_empresa\Config\database.php(264): require_once('C:\\xampp\\htdocs...')
#2 C:\xampp\htdocs\nombre_de_empresa\Controllers\CreditosController.php(9): require_once('C:\\xampp\\htdocs...')
#3 {main}
[29-Sep-2026 20:25:45 America/Bogota] PRECIO_COMPRA: Lock existe - No se requiere migración
[29-Sep-2026 20:25:45 America/Bogota] === INICIO SETUP PRECIO_COMPRA ===
[29-Sep-2026 20:25:45 America/Bogota] ❌ ERROR: SQLSTATE[HY000]: General error: 1 near "SHOW": syntax error
[29-Sep-2026 20:25:45 America/Bogota] Stack: #0 C:\xampp\htdocs\nombre_de_empresa\Config\setup_precio_compra.php(31): PDO->query('SHOW COLUMNS FR...')
#1 C:\xampp\htdocs\nombre_de_empresa\Config\database.php(264): require_once('C:\\xampp\\htdocs...')
#2 C:\xampp\htdocs\nombre_de_empresa\Controllers\CreditosController.php(9): require_once('C:\\xampp\\htdocs...')
#3 {main}
[29-Sep-2026 20:25:46 America/Bogota] PRECIO_COMPRA: Lock existe - No se requiere migración
[29-Sep-2026 20:25:46 America/Bogota] === INICIO SETUP PRECIO_COMPRA ===
[29-Sep-2026 20:25:46 America/Bogota] ❌ ERROR: SQLSTATE[HY000]: General error: 1 near "SHOW": syntax error
[29-Sep-2026 20:25:46 America/Bogota] Stack: #0 C:\xampp\htdocs\nombre_de_empresa\Config\setup_precio_compra.php(31): PDO->query('SHOW COLUMNS FR...')
#1 C:\xampp\htdocs\nombre_de_empresa\Config\database.php(264): require_once('C:\\xampp\\htdocs...')
#2 C:\xampp\htdocs\nombre_de_empresa\Controllers\CreditosController.php(9): require_once('C:\\xampp\\htdocs...')
#3 {main}
[29-Sep-2026 20:25:48 America/Bogota] PRECIO_COMPRA: Lock existe - No se requiere migración
[29-Sep-2026 20:25:48 America/Bogota] === INICIO SETUP PRECIO_COMPRA ===
[29-Sep-2026 20:25:48 America/Bogota] ❌ ERROR: SQLSTATE[HY000]: General error: 1 near "SHOW": syntax error
[29-Sep-2026 20:25:48 America/Bogota] Stack: #0 C:\xampp\htdocs\nombre_de_empresa\Config\setup_precio_compra.php(31): PDO->query('SHOW COLUMNS FR...')
#1 C:\xampp\htdocs\nombre_de_empresa\Config\database.php(264): require_once('C:\\xampp\\htdocs...')
#2 C:\xampp\htdocs\nombre_de_empresa\Controllers\CreditosController.php(9): require_once('C:\\xampp\\htdocs...')
#3 {main}
[29-Sep-2026 20:25:51 America/Bogota] PRECIO_COMPRA: Lock existe - No se requiere migración
[29-Sep-2026 20:25:51 America/Bogota] === INICIO SETUP PRECIO_COMPRA ===
[29-Sep-2026 20:25:51 America/Bogota] ❌ ERROR: SQLSTATE[HY000]: General error: 1 near "SHOW": syntax error
[29-Sep-2026 20:25:51 America/Bogota] Stack: #0 C:\xampp\htdocs\nombre_de_empresa\Config\setup_precio_compra.php(31): PDO->query('SHOW COLUMNS FR...')
#1 C:\xampp\htdocs\nombre_de_empresa\Config\database.php(264): require_once('C:\\xampp\\htdocs...')
#2 C:\xampp\htdocs\nombre_de_empresa\Controllers\CreditosController.php(9): require_once('C:\\xampp\\htdocs...')
#3 {main}
[29-Sep-2026 20:25:51 America/Bogota] PRECIO_COMPRA: Lock existe - No se requiere migración
[29-Sep-2026 20:25:51 America/Bogota] === INICIO SETUP PRECIO_COMPRA ===
[29-Sep-2026 20:25:51 America/Bogota] ❌ ERROR: SQLSTATE[HY000]: General error: 1 near "SHOW": syntax error
[29-Sep-2026 20:25:51 America/Bogota] Stack: #0 C:\xampp\htdocs\nombre_de_empresa\Config\setup_precio_compra.php(31): PDO->query('SHOW COLUMNS FR...')
#1 C:\xampp\htdocs\nombre_de_empresa\Config\database.php(264): require_once('C:\\xampp\\htdocs...')
#2 C:\xampp\htdocs\nombre_de_empresa\Controllers\CreditosController.php(9): require_once('C:\\xampp\\htdocs...')
#3 {main}
[29-Sep-2026 20:25:51 America/Bogota] PRECIO_COMPRA: Lock existe - No se requiere migración
[29-Sep-2026 20:25:51 America/Bogota] === INICIO SETUP PRECIO_COMPRA ===
[29-Sep-2026 20:25:51 America/Bogota] ❌ ERROR: SQLSTATE[HY000]: General error: 1 near "SHOW": syntax error
[29-Sep-2026 20:25:51 America/Bogota] Stack: #0 C:\xampp\htdocs\nombre_de_empresa\Config\setup_precio_compra.php(31): PDO->query('SHOW COLUMNS FR...')
#1 C:\xampp\htdocs\nombre_de_empresa\Config\database.php(264): require_once('C:\\xampp\\htdocs...')
#2 C:\xampp\htdocs\nombre_de_empresa\Controllers\CreditosController.php(9): require_once('C:\\xampp\\htdocs...')
#3 {main}
[29-Sep-2026 20:27:01 America/Bogota] PRECIO_COMPRA: Lock existe - No se requiere migración
[29-Sep-2026 20:27:01 America/Bogota] === INICIO SETUP PRECIO_COMPRA ===
[29-Sep-2026 20:27:01 America/Bogota] ❌ ERROR: SQLSTATE[HY000]: General error: 1 near "SHOW": syntax error
[29-Sep-2026 20:27:01 America/Bogota] Stack: #0 C:\xampp\htdocs\nombre_de_empresa\Config\setup_precio_compra.php(31): PDO->query('SHOW COLUMNS FR...')
#1 C:\xampp\htdocs\nombre_de_empresa\Config\database.php(264): require_once('C:\\xampp\\htdocs...')
#2 C:\xampp\htdocs\nombre_de_empresa\Controllers\CreditosController.php(9): require_once('C:\\xampp\\htdocs...')
#3 {main}
[29-Sep-2026 20:27:01 America/Bogota] PRECIO_COMPRA: Lock existe - No se requiere migración
[29-Sep-2026 20:27:01 America/Bogota] === INICIO SETUP PRECIO_COMPRA ===
[29-Sep-2026 20:27:01 America/Bogota] ❌ ERROR: SQLSTATE[HY000]: General error: 1 near "SHOW": syntax error
[29-Sep-2026 20:27:01 America/Bogota] Stack: #0 C:\xampp\htdocs\nombre_de_empresa\Config\setup_precio_compra.php(31): PDO->query('SHOW COLUMNS FR...')
#1 C:\xampp\htdocs\nombre_de_empresa\Config\database.php(264): require_once('C:\\xampp\\htdocs...')
#2 C:\xampp\htdocs\nombre_de_empresa\Controllers\CreditosController.php(9): require_once('C:\\xampp\\htdocs...')
#3 {main}
[29-Sep-2026 20:27:01 America/Bogota] PRECIO_COMPRA: Lock existe - No se requiere migración
[29-Sep-2026 20:27:01 America/Bogota] === INICIO SETUP PRECIO_COMPRA ===
[29-Sep-2026 20:27:01 America/Bogota] ❌ ERROR: SQLSTATE[HY000]: General error: 1 near "SHOW": syntax error
[29-Sep-2026 20:27:01 America/Bogota] Stack: #0 C:\xampp\htdocs\nombre_de_empresa\Config\setup_precio_compra.php(31): PDO->query('SHOW COLUMNS FR...')
#1 C:\xampp\htdocs\nombre_de_empresa\Config\database.php(264): require_once('C:\\xampp\\htdocs...')
#2 C:\xampp\htdocs\nombre_de_empresa\Controllers\CreditosController.php(9): require_once('C:\\xampp\\htdocs...')
#3 {main}
[29-Sep-2026 20:27:06 America/Bogota] PRECIO_COMPRA: Lock existe - No se requiere migración
[29-Sep-2026 20:27:06 America/Bogota] === INICIO SETUP PRECIO_COMPRA ===
[29-Sep-2026 20:27:06 America/Bogota] ❌ ERROR: SQLSTATE[HY000]: General error: 1 near "SHOW": syntax error
[29-Sep-2026 20:27:06 America/Bogota] Stack: #0 C:\xampp\htdocs\nombre_de_empresa\Config\setup_precio_compra.php(31): PDO->query('SHOW COLUMNS FR...')
#1 C:\xampp\htdocs\nombre_de_empresa\Config\database.php(264): require_once('C:\\xampp\\htdocs...')
#2 C:\xampp\htdocs\nombre_de_empresa\Controllers\CreditosController.php(9): require_once('C:\\xampp\\htdocs...')
#3 {main}
[29-Sep-2026 20:27:06 America/Bogota] PRECIO_COMPRA: Lock existe - No se requiere migración
[29-Sep-2026 20:27:06 America/Bogota] === INICIO SETUP PRECIO_COMPRA ===
[29-Sep-2026 20:27:06 America/Bogota] ❌ ERROR: SQLSTATE[HY000]: General error: 1 near "SHOW": syntax error
[29-Sep-2026 20:27:06 America/Bogota] Stack: #0 C:\xampp\htdocs\nombre_de_empresa\Config\setup_precio_compra.php(31): PDO->query('SHOW COLUMNS FR...')
#1 C:\xampp\htdocs\nombre_de_empresa\Config\database.php(264): require_once('C:\\xampp\\htdocs...')
#2 C:\xampp\htdocs\nombre_de_empresa\Controllers\CreditosController.php(9): require_once('C:\\xampp\\htdocs...')
#3 {main}
[29-Sep-2026 20:27:06 America/Bogota] PRECIO_COMPRA: Lock existe - No se requiere migración
[29-Sep-2026 20:27:06 America/Bogota] === INICIO SETUP PRECIO_COMPRA ===
[29-Sep-2026 20:27:06 America/Bogota] ❌ ERROR: SQLSTATE[HY000]: General error: 1 near "SHOW": syntax error
[29-Sep-2026 20:27:06 America/Bogota] Stack: #0 C:\xampp\htdocs\nombre_de_empresa\Config\setup_precio_compra.php(31): PDO->query('SHOW COLUMNS FR...')
#1 C:\xampp\htdocs\nombre_de_empresa\Config\database.php(264): require_once('C:\\xampp\\htdocs...')
#2 C:\xampp\htdocs\nombre_de_empresa\Controllers\CreditosController.php(9): require_once('C:\\xampp\\htdocs...')
#3 {main}
[29-Sep-2026 20:27:15 America/Bogota] PRECIO_COMPRA: Lock existe - No se requiere migración
[29-Sep-2026 20:27:15 America/Bogota] === INICIO SETUP PRECIO_COMPRA ===
[29-Sep-2026 20:27:15 America/Bogota] ❌ ERROR: SQLSTATE[HY000]: General error: 1 near "SHOW": syntax error
[29-Sep-2026 20:27:15 America/Bogota] Stack: #0 C:\xampp\htdocs\nombre_de_empresa\Config\setup_precio_compra.php(31): PDO->query('SHOW COLUMNS FR...')
#1 C:\xampp\htdocs\nombre_de_empresa\Config\database.php(264): require_once('C:\\xampp\\htdocs...')
#2 C:\xampp\htdocs\nombre_de_empresa\Controllers\CreditosController.php(9): require_once('C:\\xampp\\htdocs...')
#3 {main}
[29-Sep-2026 20:27:18 America/Bogota] PRECIO_COMPRA: Lock existe - No se requiere migración
[29-Sep-2026 20:27:18 America/Bogota] === INICIO SETUP PRECIO_COMPRA ===
[29-Sep-2026 20:27:18 America/Bogota] ❌ ERROR: SQLSTATE[HY000]: General error: 1 near "SHOW": syntax error
[29-Sep-2026 20:27:18 America/Bogota] Stack: #0 C:\xampp\htdocs\nombre_de_empresa\Config\setup_precio_compra.php(31): PDO->query('SHOW COLUMNS FR...')
#1 C:\xampp\htdocs\nombre_de_empresa\Config\database.php(264): require_once('C:\\xampp\\htdocs...')
#2 C:\xampp\htdocs\nombre_de_empresa\Controllers\CreditosController.php(9): require_once('C:\\xampp\\htdocs...')
#3 {main}
[29-Sep-2026 20:27:18 America/Bogota] PRECIO_COMPRA: Lock existe - No se requiere migración
[29-Sep-2026 20:27:18 America/Bogota] === INICIO SETUP PRECIO_COMPRA ===
[29-Sep-2026 20:27:18 America/Bogota] ❌ ERROR: SQLSTATE[HY000]: General error: 1 near "SHOW": syntax error
[29-Sep-2026 20:27:18 America/Bogota] Stack: #0 C:\xampp\htdocs\nombre_de_empresa\Config\setup_precio_compra.php(31): PDO->query('SHOW COLUMNS FR...')
#1 C:\xampp\htdocs\nombre_de_empresa\Config\database.php(264): require_once('C:\\xampp\\htdocs...')
#2 C:\xampp\htdocs\nombre_de_empresa\Controllers\CreditosController.php(9): require_once('C:\\xampp\\htdocs...')
#3 {main}
[29-Sep-2026 20:27:18 America/Bogota] PRECIO_COMPRA: Lock existe - No se requiere migración
[29-Sep-2026 20:27:18 America/Bogota] === INICIO SETUP PRECIO_COMPRA ===
[29-Sep-2026 20:27:18 America/Bogota] ❌ ERROR: SQLSTATE[HY000]: General error: 1 near "SHOW": syntax error
[29-Sep-2026 20:27:18 America/Bogota] Stack: #0 C:\xampp\htdocs\nombre_de_empresa\Config\setup_precio_compra.php(31): PDO->query('SHOW COLUMNS FR...')
#1 C:\xampp\htdocs\nombre_de_empresa\Config\database.php(264): require_once('C:\\xampp\\htdocs...')
#2 C:\xampp\htdocs\nombre_de_empresa\Controllers\CreditosController.php(9): require_once('C:\\xampp\\htdocs...')
#3 {main}
[29-Sep-2026 20:29:25 America/Bogota] PRECIO_COMPRA: Lock existe - No se requiere migración
[29-Sep-2026 20:29:25 America/Bogota] === INICIO SETUP PRECIO_COMPRA ===
[29-Sep-2026 20:29:25 America/Bogota] ❌ ERROR: SQLSTATE[HY000]: General error: 1 near "SHOW": syntax error
[29-Sep-2026 20:29:25 America/Bogota] Stack: #0 C:\xampp\htdocs\nombre_de_empresa\Config\setup_precio_compra.php(31): PDO->query('SHOW COLUMNS FR...')
#1 C:\xampp\htdocs\nombre_de_empresa\Config\database.php(264): require_once('C:\\xampp\\htdocs...')
#2 C:\xampp\htdocs\nombre_de_empresa\Controllers\CreditosController.php(9): require_once('C:\\xampp\\htdocs...')
#3 {main}
[29-Sep-2026 20:29:25 America/Bogota] PRECIO_COMPRA: Lock existe - No se requiere migración
[29-Sep-2026 20:29:25 America/Bogota] === INICIO SETUP PRECIO_COMPRA ===
[29-Sep-2026 20:29:25 America/Bogota] ❌ ERROR: SQLSTATE[HY000]: General error: 1 near "SHOW": syntax error
[29-Sep-2026 20:29:25 America/Bogota] Stack: #0 C:\xampp\htdocs\nombre_de_empresa\Config\setup_precio_compra.php(31): PDO->query('SHOW COLUMNS FR...')
#1 C:\xampp\htdocs\nombre_de_empresa\Config\database.php(264): require_once('C:\\xampp\\htdocs...')
#2 C:\xampp\htdocs\nombre_de_empresa\Controllers\CreditosController.php(9): require_once('C:\\xampp\\htdocs...')
#3 {main}
[29-Sep-2026 20:29:25 America/Bogota] PRECIO_COMPRA: Lock existe - No se requiere migración
[29-Sep-2026 20:29:25 America/Bogota] === INICIO SETUP PRECIO_COMPRA ===
[29-Sep-2026 20:29:25 America/Bogota] ❌ ERROR: SQLSTATE[HY000]: General error: 1 near "SHOW": syntax error
[29-Sep-2026 20:29:25 America/Bogota] Stack: #0 C:\xampp\htdocs\nombre_de_empresa\Config\setup_precio_compra.php(31): PDO->query('SHOW COLUMNS FR...')
#1 C:\xampp\htdocs\nombre_de_empresa\Config\database.php(264): require_once('C:\\xampp\\htdocs...')
#2 C:\xampp\htdocs\nombre_de_empresa\Controllers\CreditosController.php(9): require_once('C:\\xampp\\htdocs...')
#3 {main}
[29-Sep-2026 20:29:28 America/Bogota] PRECIO_COMPRA: Lock existe - No se requiere migración
[29-Sep-2026 20:29:28 America/Bogota] === INICIO SETUP PRECIO_COMPRA ===
[29-Sep-2026 20:29:28 America/Bogota] ❌ ERROR: SQLSTATE[HY000]: General error: 1 near "SHOW": syntax error
[29-Sep-2026 20:29:28 America/Bogota] Stack: #0 C:\xampp\htdocs\nombre_de_empresa\Config\setup_precio_compra.php(31): PDO->query('SHOW COLUMNS FR...')
#1 C:\xampp\htdocs\nombre_de_empresa\Config\database.php(264): require_once('C:\\xampp\\htdocs...')
#2 C:\xampp\htdocs\nombre_de_empresa\Controllers\CreditosController.php(9): require_once('C:\\xampp\\htdocs...')
#3 {main}
[29-Sep-2026 20:29:28 America/Bogota] PRECIO_COMPRA: Lock existe - No se requiere migración
[29-Sep-2026 20:29:28 America/Bogota] === INICIO SETUP PRECIO_COMPRA ===
[29-Sep-2026 20:29:28 America/Bogota] ❌ ERROR: SQLSTATE[HY000]: General error: 1 near "SHOW": syntax error
[29-Sep-2026 20:29:28 America/Bogota] Stack: #0 C:\xampp\htdocs\nombre_de_empresa\Config\setup_precio_compra.php(31): PDO->query('SHOW COLUMNS FR...')
#1 C:\xampp\htdocs\nombre_de_empresa\Config\database.php(264): require_once('C:\\xampp\\htdocs...')
#2 C:\xampp\htdocs\nombre_de_empresa\Controllers\CreditosController.php(9): require_once('C:\\xampp\\htdocs...')
#3 {main}
[29-Sep-2026 20:29:28 America/Bogota] PRECIO_COMPRA: Lock existe - No se requiere migración
[29-Sep-2026 20:29:28 America/Bogota] === INICIO SETUP PRECIO_COMPRA ===
[29-Sep-2026 20:29:28 America/Bogota] ❌ ERROR: SQLSTATE[HY000]: General error: 1 near "SHOW": syntax error
[29-Sep-2026 20:29:28 America/Bogota] Stack: #0 C:\xampp\htdocs\nombre_de_empresa\Config\setup_precio_compra.php(31): PDO->query('SHOW COLUMNS FR...')
#1 C:\xampp\htdocs\nombre_de_empresa\Config\database.php(264): require_once('C:\\xampp\\htdocs...')
#2 C:\xampp\htdocs\nombre_de_empresa\Controllers\CreditosController.php(9): require_once('C:\\xampp\\htdocs...')
#3 {main}
[29-Sep-2026 20:29:31 America/Bogota] PRECIO_COMPRA: Lock existe - No se requiere migración
[29-Sep-2026 20:29:31 America/Bogota] === INICIO SETUP PRECIO_COMPRA ===
[29-Sep-2026 20:29:31 America/Bogota] ❌ ERROR: SQLSTATE[HY000]: General error: 1 near "SHOW": syntax error
[29-Sep-2026 20:29:31 America/Bogota] Stack: #0 C:\xampp\htdocs\nombre_de_empresa\Config\setup_precio_compra.php(31): PDO->query('SHOW COLUMNS FR...')
#1 C:\xampp\htdocs\nombre_de_empresa\Config\database.php(264): require_once('C:\\xampp\\htdocs...')
#2 C:\xampp\htdocs\nombre_de_empresa\Controllers\CreditosController.php(9): require_once('C:\\xampp\\htdocs...')
#3 {main}
[29-Sep-2026 20:29:33 America/Bogota] PRECIO_COMPRA: Lock existe - No se requiere migración
[29-Sep-2026 20:29:33 America/Bogota] === INICIO SETUP PRECIO_COMPRA ===
[29-Sep-2026 20:29:33 America/Bogota] ❌ ERROR: SQLSTATE[HY000]: General error: 1 near "SHOW": syntax error
[29-Sep-2026 20:29:33 America/Bogota] Stack: #0 C:\xampp\htdocs\nombre_de_empresa\Config\setup_precio_compra.php(31): PDO->query('SHOW COLUMNS FR...')
#1 C:\xampp\htdocs\nombre_de_empresa\Config\database.php(264): require_once('C:\\xampp\\htdocs...')
#2 C:\xampp\htdocs\nombre_de_empresa\Controllers\CreditosController.php(9): require_once('C:\\xampp\\htdocs...')
#3 {main}
[29-Sep-2026 20:29:33 America/Bogota] PRECIO_COMPRA: Lock existe - No se requiere migración
[29-Sep-2026 20:29:33 America/Bogota] === INICIO SETUP PRECIO_COMPRA ===
[29-Sep-2026 20:29:33 America/Bogota] ❌ ERROR: SQLSTATE[HY000]: General error: 1 near "SHOW": syntax error
[29-Sep-2026 20:29:33 America/Bogota] Stack: #0 C:\xampp\htdocs\nombre_de_empresa\Config\setup_precio_compra.php(31): PDO->query('SHOW COLUMNS FR...')
#1 C:\xampp\htdocs\nombre_de_empresa\Config\database.php(264): require_once('C:\\xampp\\htdocs...')
#2 C:\xampp\htdocs\nombre_de_empresa\Controllers\CreditosController.php(9): require_once('C:\\xampp\\htdocs...')
#3 {main}
[29-Sep-2026 20:29:33 America/Bogota] PRECIO_COMPRA: Lock existe - No se requiere migración
[29-Sep-2026 20:29:33 America/Bogota] === INICIO SETUP PRECIO_COMPRA ===
[29-Sep-2026 20:29:33 America/Bogota] ❌ ERROR: SQLSTATE[HY000]: General error: 1 near "SHOW": syntax error
[29-Sep-2026 20:29:33 America/Bogota] Stack: #0 C:\xampp\htdocs\nombre_de_empresa\Config\setup_precio_compra.php(31): PDO->query('SHOW COLUMNS FR...')
#1 C:\xampp\htdocs\nombre_de_empresa\Config\database.php(264): require_once('C:\\xampp\\htdocs...')
#2 C:\xampp\htdocs\nombre_de_empresa\Controllers\CreditosController.php(9): require_once('C:\\xampp\\htdocs...')
#3 {main}
[29-Sep-2026 20:29:34 America/Bogota] PRECIO_COMPRA: Lock existe - No se requiere migración
[29-Sep-2026 20:29:34 America/Bogota] === INICIO SETUP PRECIO_COMPRA ===
[29-Sep-2026 20:29:34 America/Bogota] ❌ ERROR: SQLSTATE[HY000]: General error: 1 near "SHOW": syntax error
[29-Sep-2026 20:29:34 America/Bogota] Stack: #0 C:\xampp\htdocs\nombre_de_empresa\Config\setup_precio_compra.php(31): PDO->query('SHOW COLUMNS FR...')
#1 C:\xampp\htdocs\nombre_de_empresa\Config\database.php(264): require_once('C:\\xampp\\htdocs...')
#2 C:\xampp\htdocs\nombre_de_empresa\Controllers\CreditosController.php(9): require_once('C:\\xampp\\htdocs...')
#3 {main}
[29-Sep-2026 20:29:34 America/Bogota] PRECIO_COMPRA: Lock existe - No se requiere migración
[29-Sep-2026 20:29:34 America/Bogota] === INICIO SETUP PRECIO_COMPRA ===
[29-Sep-2026 20:29:34 America/Bogota] ❌ ERROR: SQLSTATE[HY000]: General error: 1 near "SHOW": syntax error
[29-Sep-2026 20:29:34 America/Bogota] Stack: #0 C:\xampp\htdocs\nombre_de_empresa\Config\setup_precio_compra.php(31): PDO->query('SHOW COLUMNS FR...')
#1 C:\xampp\htdocs\nombre_de_empresa\Config\database.php(264): require_once('C:\\xampp\\htdocs...')
#2 C:\xampp\htdocs\nombre_de_empresa\Controllers\CreditosController.php(9): require_once('C:\\xampp\\htdocs...')
#3 {main}
[29-Sep-2026 20:29:34 America/Bogota] PRECIO_COMPRA: Lock existe - No se requiere migración
[29-Sep-2026 20:29:34 America/Bogota] === INICIO SETUP PRECIO_COMPRA ===
[29-Sep-2026 20:29:34 America/Bogota] ❌ ERROR: SQLSTATE[HY000]: General error: 1 near "SHOW": syntax error
[29-Sep-2026 20:29:34 America/Bogota] Stack: #0 C:\xampp\htdocs\nombre_de_empresa\Config\setup_precio_compra.php(31): PDO->query('SHOW COLUMNS FR...')
#1 C:\xampp\htdocs\nombre_de_empresa\Config\database.php(264): require_once('C:\\xampp\\htdocs...')
#2 C:\xampp\htdocs\nombre_de_empresa\Controllers\CreditosController.php(9): require_once('C:\\xampp\\htdocs...')
#3 {main}
[29-Sep-2026 20:29:47 America/Bogota] PRECIO_COMPRA: Lock existe - No se requiere migración
[29-Sep-2026 20:29:47 America/Bogota] === INICIO SETUP PRECIO_COMPRA ===
[29-Sep-2026 20:29:47 America/Bogota] ❌ ERROR: SQLSTATE[HY000]: General error: 1 near "SHOW": syntax error
[29-Sep-2026 20:29:47 America/Bogota] Stack: #0 C:\xampp\htdocs\nombre_de_empresa\Config\setup_precio_compra.php(31): PDO->query('SHOW COLUMNS FR...')
#1 C:\xampp\htdocs\nombre_de_empresa\Config\database.php(264): require_once('C:\\xampp\\htdocs...')
#2 C:\xampp\htdocs\nombre_de_empresa\Controllers\CreditosController.php(9): require_once('C:\\xampp\\htdocs...')
#3 {main}
[29-Sep-2026 20:29:47 America/Bogota] PRECIO_COMPRA: Lock existe - No se requiere migración
[29-Sep-2026 20:29:47 America/Bogota] === INICIO SETUP PRECIO_COMPRA ===
[29-Sep-2026 20:29:47 America/Bogota] ❌ ERROR: SQLSTATE[HY000]: General error: 1 near "SHOW": syntax error
[29-Sep-2026 20:29:47 America/Bogota] Stack: #0 C:\xampp\htdocs\nombre_de_empresa\Config\setup_precio_compra.php(31): PDO->query('SHOW COLUMNS FR...')
#1 C:\xampp\htdocs\nombre_de_empresa\Config\database.php(264): require_once('C:\\xampp\\htdocs...')
#2 C:\xampp\htdocs\nombre_de_empresa\Controllers\CreditosController.php(9): require_once('C:\\xampp\\htdocs...')
#3 {main}
[29-Sep-2026 20:29:47 America/Bogota] PRECIO_COMPRA: Lock existe - No se requiere migración
[29-Sep-2026 20:29:47 America/Bogota] === INICIO SETUP PRECIO_COMPRA ===
[29-Sep-2026 20:29:47 America/Bogota] ❌ ERROR: SQLSTATE[HY000]: General error: 1 near "SHOW": syntax error
[29-Sep-2026 20:29:47 America/Bogota] Stack: #0 C:\xampp\htdocs\nombre_de_empresa\Config\setup_precio_compra.php(31): PDO->query('SHOW COLUMNS FR...')
#1 C:\xampp\htdocs\nombre_de_empresa\Config\database.php(264): require_once('C:\\xampp\\htdocs...')
#2 C:\xampp\htdocs\nombre_de_empresa\Controllers\CreditosController.php(9): require_once('C:\\xampp\\htdocs...')
#3 {main}
[29-Sep-2026 20:29:50 America/Bogota] PRECIO_COMPRA: Lock existe - No se requiere migración
[29-Sep-2026 20:29:50 America/Bogota] === INICIO SETUP PRECIO_COMPRA ===
[29-Sep-2026 20:29:50 America/Bogota] ❌ ERROR: SQLSTATE[HY000]: General error: 1 near "SHOW": syntax error
[29-Sep-2026 20:29:50 America/Bogota] Stack: #0 C:\xampp\htdocs\nombre_de_empresa\Config\setup_precio_compra.php(31): PDO->query('SHOW COLUMNS FR...')
#1 C:\xampp\htdocs\nombre_de_empresa\Config\database.php(264): require_once('C:\\xampp\\htdocs...')
#2 C:\xampp\htdocs\nombre_de_empresa\Controllers\CreditosController.php(9): require_once('C:\\xampp\\htdocs...')
#3 {main}
[29-Sep-2026 20:29:52 America/Bogota] PRECIO_COMPRA: Lock existe - No se requiere migración
[29-Sep-2026 20:29:52 America/Bogota] === INICIO SETUP PRECIO_COMPRA ===
[29-Sep-2026 20:29:52 America/Bogota] ❌ ERROR: SQLSTATE[HY000]: General error: 1 near "SHOW": syntax error
[29-Sep-2026 20:29:52 America/Bogota] Stack: #0 C:\xampp\htdocs\nombre_de_empresa\Config\setup_precio_compra.php(31): PDO->query('SHOW COLUMNS FR...')
#1 C:\xampp\htdocs\nombre_de_empresa\Config\database.php(264): require_once('C:\\xampp\\htdocs...')
#2 C:\xampp\htdocs\nombre_de_empresa\Controllers\CreditosController.php(9): require_once('C:\\xampp\\htdocs...')
#3 {main}
[29-Sep-2026 20:29:52 America/Bogota] PRECIO_COMPRA: Lock existe - No se requiere migración
[29-Sep-2026 20:29:52 America/Bogota] === INICIO SETUP PRECIO_COMPRA ===
[29-Sep-2026 20:29:52 America/Bogota] ❌ ERROR: SQLSTATE[HY000]: General error: 1 near "SHOW": syntax error
[29-Sep-2026 20:29:52 America/Bogota] Stack: #0 C:\xampp\htdocs\nombre_de_empresa\Config\setup_precio_compra.php(31): PDO->query('SHOW COLUMNS FR...')
#1 C:\xampp\htdocs\nombre_de_empresa\Config\database.php(264): require_once('C:\\xampp\\htdocs...')
#2 C:\xampp\htdocs\nombre_de_empresa\Controllers\CreditosController.php(9): require_once('C:\\xampp\\htdocs...')
#3 {main}
[29-Sep-2026 20:29:52 America/Bogota] PRECIO_COMPRA: Lock existe - No se requiere migración
[29-Sep-2026 20:29:52 America/Bogota] === INICIO SETUP PRECIO_COMPRA ===
[29-Sep-2026 20:29:52 America/Bogota] ❌ ERROR: SQLSTATE[HY000]: General error: 1 near "SHOW": syntax error
[29-Sep-2026 20:29:52 America/Bogota] Stack: #0 C:\xampp\htdocs\nombre_de_empresa\Config\setup_precio_compra.php(31): PDO->query('SHOW COLUMNS FR...')
#1 C:\xampp\htdocs\nombre_de_empresa\Config\database.php(264): require_once('C:\\xampp\\htdocs...')
#2 C:\xampp\htdocs\nombre_de_empresa\Controllers\CreditosController.php(9): require_once('C:\\xampp\\htdocs...')
#3 {main}
[29-Sep-2026 20:31:33 America/Bogota] PRECIO_COMPRA: Lock existe - No se requiere migración
[29-Sep-2026 20:31:33 America/Bogota] === INICIO SETUP PRECIO_COMPRA ===
[29-Sep-2026 20:31:33 America/Bogota] ❌ ERROR: SQLSTATE[HY000]: General error: 1 near "SHOW": syntax error
[29-Sep-2026 20:31:33 America/Bogota] Stack: #0 C:\xampp\htdocs\nombre_de_empresa\Config\setup_precio_compra.php(31): PDO->query('SHOW COLUMNS FR...')
#1 C:\xampp\htdocs\nombre_de_empresa\Config\database.php(264): require_once('C:\\xampp\\htdocs...')
#2 C:\xampp\htdocs\nombre_de_empresa\Controllers\CreditosController.php(9): require_once('C:\\xampp\\htdocs...')
#3 {main}
[29-Sep-2026 20:31:33 America/Bogota] PRECIO_COMPRA: Lock existe - No se requiere migración
[29-Sep-2026 20:31:33 America/Bogota] === INICIO SETUP PRECIO_COMPRA ===
[29-Sep-2026 20:31:33 America/Bogota] ❌ ERROR: SQLSTATE[HY000]: General error: 1 near "SHOW": syntax error
[29-Sep-2026 20:31:33 America/Bogota] Stack: #0 C:\xampp\htdocs\nombre_de_empresa\Config\setup_precio_compra.php(31): PDO->query('SHOW COLUMNS FR...')
#1 C:\xampp\htdocs\nombre_de_empresa\Config\database.php(264): require_once('C:\\xampp\\htdocs...')
#2 C:\xampp\htdocs\nombre_de_empresa\Controllers\CreditosController.php(9): require_once('C:\\xampp\\htdocs...')
#3 {main}
[29-Sep-2026 20:31:33 America/Bogota] PRECIO_COMPRA: Lock existe - No se requiere migración
[29-Sep-2026 20:31:33 America/Bogota] === INICIO SETUP PRECIO_COMPRA ===
[29-Sep-2026 20:31:33 America/Bogota] ❌ ERROR: SQLSTATE[HY000]: General error: 1 near "SHOW": syntax error
[29-Sep-2026 20:31:33 America/Bogota] Stack: #0 C:\xampp\htdocs\nombre_de_empresa\Config\setup_precio_compra.php(31): PDO->query('SHOW COLUMNS FR...')
#1 C:\xampp\htdocs\nombre_de_empresa\Config\database.php(264): require_once('C:\\xampp\\htdocs...')
#2 C:\xampp\htdocs\nombre_de_empresa\Controllers\CreditosController.php(9): require_once('C:\\xampp\\htdocs...')
#3 {main}
[29-Sep-2026 20:31:35 America/Bogota] PRECIO_COMPRA: Lock existe - No se requiere migración
[29-Sep-2026 20:31:35 America/Bogota] === INICIO SETUP PRECIO_COMPRA ===
[29-Sep-2026 20:31:35 America/Bogota] ❌ ERROR: SQLSTATE[HY000]: General error: 1 near "SHOW": syntax error
[29-Sep-2026 20:31:35 America/Bogota] Stack: #0 C:\xampp\htdocs\nombre_de_empresa\Config\setup_precio_compra.php(31): PDO->query('SHOW COLUMNS FR...')
#1 C:\xampp\htdocs\nombre_de_empresa\Config\database.php(264): require_once('C:\\xampp\\htdocs...')
#2 C:\xampp\htdocs\nombre_de_empresa\Controllers\CreditosController.php(9): require_once('C:\\xampp\\htdocs...')
#3 {main}
[29-Sep-2026 20:31:37 America/Bogota] PRECIO_COMPRA: Lock existe - No se requiere migración
[29-Sep-2026 20:31:37 America/Bogota] === INICIO SETUP PRECIO_COMPRA ===
[29-Sep-2026 20:31:37 America/Bogota] ❌ ERROR: SQLSTATE[HY000]: General error: 1 near "SHOW": syntax error
[29-Sep-2026 20:31:37 America/Bogota] Stack: #0 C:\xampp\htdocs\nombre_de_empresa\Config\setup_precio_compra.php(31): PDO->query('SHOW COLUMNS FR...')
#1 C:\xampp\htdocs\nombre_de_empresa\Config\database.php(264): require_once('C:\\xampp\\htdocs...')
#2 C:\xampp\htdocs\nombre_de_empresa\Controllers\CreditosController.php(9): require_once('C:\\xampp\\htdocs...')
#3 {main}
[29-Sep-2026 20:31:37 America/Bogota] PRECIO_COMPRA: Lock existe - No se requiere migración
[29-Sep-2026 20:31:37 America/Bogota] === INICIO SETUP PRECIO_COMPRA ===
[29-Sep-2026 20:31:37 America/Bogota] ❌ ERROR: SQLSTATE[HY000]: General error: 1 near "SHOW": syntax error
[29-Sep-2026 20:31:37 America/Bogota] Stack: #0 C:\xampp\htdocs\nombre_de_empresa\Config\setup_precio_compra.php(31): PDO->query('SHOW COLUMNS FR...')
#1 C:\xampp\htdocs\nombre_de_empresa\Config\database.php(264): require_once('C:\\xampp\\htdocs...')
#2 C:\xampp\htdocs\nombre_de_empresa\Controllers\CreditosController.php(9): require_once('C:\\xampp\\htdocs...')
#3 {main}
[29-Sep-2026 20:31:37 America/Bogota] PRECIO_COMPRA: Lock existe - No se requiere migración
[29-Sep-2026 20:31:37 America/Bogota] === INICIO SETUP PRECIO_COMPRA ===
[29-Sep-2026 20:31:37 America/Bogota] ❌ ERROR: SQLSTATE[HY000]: General error: 1 near "SHOW": syntax error
[29-Sep-2026 20:31:37 America/Bogota] Stack: #0 C:\xampp\htdocs\nombre_de_empresa\Config\setup_precio_compra.php(31): PDO->query('SHOW COLUMNS FR...')
#1 C:\xampp\htdocs\nombre_de_empresa\Config\database.php(264): require_once('C:\\xampp\\htdocs...')
#2 C:\xampp\htdocs\nombre_de_empresa\Controllers\CreditosController.php(9): require_once('C:\\xampp\\htdocs...')
#3 {main}
[29-Sep-2026 20:31:38 America/Bogota] PRECIO_COMPRA: Lock existe - No se requiere migración
[29-Sep-2026 20:31:38 America/Bogota] === INICIO SETUP PRECIO_COMPRA ===
[29-Sep-2026 20:31:38 America/Bogota] ❌ ERROR: SQLSTATE[HY000]: General error: 1 near "SHOW": syntax error
[29-Sep-2026 20:31:38 America/Bogota] Stack: #0 C:\xampp\htdocs\nombre_de_empresa\Config\setup_precio_compra.php(31): PDO->query('SHOW COLUMNS FR...')
#1 C:\xampp\htdocs\nombre_de_empresa\Config\database.php(264): require_once('C:\\xampp\\htdocs...')
#2 C:\xampp\htdocs\nombre_de_empresa\Controllers\CreditosController.php(9): require_once('C:\\xampp\\htdocs...')
#3 {main}
[29-Sep-2026 20:31:38 America/Bogota] PRECIO_COMPRA: Lock existe - No se requiere migración
[29-Sep-2026 20:31:38 America/Bogota] === INICIO SETUP PRECIO_COMPRA ===
[29-Sep-2026 20:31:38 America/Bogota] ❌ ERROR: SQLSTATE[HY000]: General error: 1 near "SHOW": syntax error
[29-Sep-2026 20:31:38 America/Bogota] Stack: #0 C:\xampp\htdocs\nombre_de_empresa\Config\setup_precio_compra.php(31): PDO->query('SHOW COLUMNS FR...')
#1 C:\xampp\htdocs\nombre_de_empresa\Config\database.php(264): require_once('C:\\xampp\\htdocs...')
#2 C:\xampp\htdocs\nombre_de_empresa\Controllers\CreditosController.php(9): require_once('C:\\xampp\\htdocs...')
#3 {main}
[29-Sep-2026 20:31:38 America/Bogota] PRECIO_COMPRA: Lock existe - No se requiere migración
[29-Sep-2026 20:31:38 America/Bogota] === INICIO SETUP PRECIO_COMPRA ===
[29-Sep-2026 20:31:38 America/Bogota] ❌ ERROR: SQLSTATE[HY000]: General error: 1 near "SHOW": syntax error
[29-Sep-2026 20:31:38 America/Bogota] Stack: #0 C:\xampp\htdocs\nombre_de_empresa\Config\setup_precio_compra.php(31): PDO->query('SHOW COLUMNS FR...')
#1 C:\xampp\htdocs\nombre_de_empresa\Config\database.php(264): require_once('C:\\xampp\\htdocs...')
#2 C:\xampp\htdocs\nombre_de_empresa\Controllers\CreditosController.php(9): require_once('C:\\xampp\\htdocs...')
#3 {main}
[29-Sep-2026 20:31:39 America/Bogota] PRECIO_COMPRA: Lock existe - No se requiere migración
[29-Sep-2026 20:31:39 America/Bogota] === INICIO SETUP PRECIO_COMPRA ===
[29-Sep-2026 20:31:39 America/Bogota] ❌ ERROR: SQLSTATE[HY000]: General error: 1 near "SHOW": syntax error
[29-Sep-2026 20:31:39 America/Bogota] Stack: #0 C:\xampp\htdocs\nombre_de_empresa\Config\setup_precio_compra.php(31): PDO->query('SHOW COLUMNS FR...')
#1 C:\xampp\htdocs\nombre_de_empresa\Config\database.php(264): require_once('C:\\xampp\\htdocs...')
#2 C:\xampp\htdocs\nombre_de_empresa\Controllers\CreditosController.php(9): require_once('C:\\xampp\\htdocs...')
#3 {main}
[29-Sep-2026 20:31:39 America/Bogota] PRECIO_COMPRA: Lock existe - No se requiere migración
[29-Sep-2026 20:31:39 America/Bogota] === INICIO SETUP PRECIO_COMPRA ===
[29-Sep-2026 20:31:39 America/Bogota] ❌ ERROR: SQLSTATE[HY000]: General error: 1 near "SHOW": syntax error
[29-Sep-2026 20:31:39 America/Bogota] Stack: #0 C:\xampp\htdocs\nombre_de_empresa\Config\setup_precio_compra.php(31): PDO->query('SHOW COLUMNS FR...')
#1 C:\xampp\htdocs\nombre_de_empresa\Config\database.php(264): require_once('C:\\xampp\\htdocs...')
#2 C:\xampp\htdocs\nombre_de_empresa\Controllers\CreditosController.php(9): require_once('C:\\xampp\\htdocs...')
#3 {main}
[29-Sep-2026 20:31:39 America/Bogota] PRECIO_COMPRA: Lock existe - No se requiere migración
[29-Sep-2026 20:31:39 America/Bogota] === INICIO SETUP PRECIO_COMPRA ===
[29-Sep-2026 20:31:39 America/Bogota] ❌ ERROR: SQLSTATE[HY000]: General error: 1 near "SHOW": syntax error
[29-Sep-2026 20:31:39 America/Bogota] Stack: #0 C:\xampp\htdocs\nombre_de_empresa\Config\setup_precio_compra.php(31): PDO->query('SHOW COLUMNS FR...')
#1 C:\xampp\htdocs\nombre_de_empresa\Config\database.php(264): require_once('C:\\xampp\\htdocs...')
#2 C:\xampp\htdocs\nombre_de_empresa\Controllers\CreditosController.php(9): require_once('C:\\xampp\\htdocs...')
#3 {main}
[29-Sep-2026 20:31:39 America/Bogota] PRECIO_COMPRA: Lock existe - No se requiere migración
[29-Sep-2026 20:31:39 America/Bogota] === INICIO SETUP PRECIO_COMPRA ===
[29-Sep-2026 20:31:39 America/Bogota] ❌ ERROR: SQLSTATE[HY000]: General error: 1 near "SHOW": syntax error
[29-Sep-2026 20:31:39 America/Bogota] Stack: #0 C:\xampp\htdocs\nombre_de_empresa\Config\setup_precio_compra.php(31): PDO->query('SHOW COLUMNS FR...')
#1 C:\xampp\htdocs\nombre_de_empresa\Config\database.php(264): require_once('C:\\xampp\\htdocs...')
#2 C:\xampp\htdocs\nombre_de_empresa\Controllers\CreditosController.php(9): require_once('C:\\xampp\\htdocs...')
#3 {main}
[29-Sep-2026 20:31:40 America/Bogota] PRECIO_COMPRA: Lock existe - No se requiere migración
[29-Sep-2026 20:31:40 America/Bogota] === INICIO SETUP PRECIO_COMPRA ===
[29-Sep-2026 20:31:40 America/Bogota] ❌ ERROR: SQLSTATE[HY000]: General error: 1 near "SHOW": syntax error
[29-Sep-2026 20:31:40 America/Bogota] Stack: #0 C:\xampp\htdocs\nombre_de_empresa\Config\setup_precio_compra.php(31): PDO->query('SHOW COLUMNS FR...')
#1 C:\xampp\htdocs\nombre_de_empresa\Config\database.php(264): require_once('C:\\xampp\\htdocs...')
#2 C:\xampp\htdocs\nombre_de_empresa\Controllers\CreditosController.php(9): require_once('C:\\xampp\\htdocs...')
#3 {main}
[29-Sep-2026 20:31:40 America/Bogota] PRECIO_COMPRA: Lock existe - No se requiere migración
[29-Sep-2026 20:31:40 America/Bogota] === INICIO SETUP PRECIO_COMPRA ===
[29-Sep-2026 20:31:40 America/Bogota] ❌ ERROR: SQLSTATE[HY000]: General error: 1 near "SHOW": syntax error
[29-Sep-2026 20:31:40 America/Bogota] Stack: #0 C:\xampp\htdocs\nombre_de_empresa\Config\setup_precio_compra.php(31): PDO->query('SHOW COLUMNS FR...')
#1 C:\xampp\htdocs\nombre_de_empresa\Config\database.php(264): require_once('C:\\xampp\\htdocs...')
#2 C:\xampp\htdocs\nombre_de_empresa\Controllers\CreditosController.php(9): require_once('C:\\xampp\\htdocs...')
#3 {main}
[29-Sep-2026 20:31:41 America/Bogota] PRECIO_COMPRA: Lock existe - No se requiere migración
[29-Sep-2026 20:31:41 America/Bogota] === INICIO SETUP PRECIO_COMPRA ===
[29-Sep-2026 20:31:41 America/Bogota] ❌ ERROR: SQLSTATE[HY000]: General error: 1 near "SHOW": syntax error
[29-Sep-2026 20:31:41 America/Bogota] Stack: #0 C:\xampp\htdocs\nombre_de_empresa\Config\setup_precio_compra.php(31): PDO->query('SHOW COLUMNS FR...')
#1 C:\xampp\htdocs\nombre_de_empresa\Config\database.php(264): require_once('C:\\xampp\\htdocs...')
#2 C:\xampp\htdocs\nombre_de_empresa\Controllers\CreditosController.php(9): require_once('C:\\xampp\\htdocs...')
#3 {main}
[29-Sep-2026 20:31:41 America/Bogota] PRECIO_COMPRA: Lock existe - No se requiere migración
[29-Sep-2026 20:31:41 America/Bogota] === INICIO SETUP PRECIO_COMPRA ===
[29-Sep-2026 20:31:41 America/Bogota] ❌ ERROR: SQLSTATE[HY000]: General error: 1 near "SHOW": syntax error
[29-Sep-2026 20:31:41 America/Bogota] Stack: #0 C:\xampp\htdocs\nombre_de_empresa\Config\setup_precio_compra.php(31): PDO->query('SHOW COLUMNS FR...')
#1 C:\xampp\htdocs\nombre_de_empresa\Config\database.php(264): require_once('C:\\xampp\\htdocs...')
#2 C:\xampp\htdocs\nombre_de_empresa\Controllers\CreditosController.php(9): require_once('C:\\xampp\\htdocs...')
#3 {main}
[29-Sep-2026 20:31:41 America/Bogota] PRECIO_COMPRA: Lock existe - No se requiere migración
[29-Sep-2026 20:31:41 America/Bogota] === INICIO SETUP PRECIO_COMPRA ===
[29-Sep-2026 20:31:41 America/Bogota] ❌ ERROR: SQLSTATE[HY000]: General error: 1 near "SHOW": syntax error
[29-Sep-2026 20:31:41 America/Bogota] Stack: #0 C:\xampp\htdocs\nombre_de_empresa\Config\setup_precio_compra.php(31): PDO->query('SHOW COLUMNS FR...')
#1 C:\xampp\htdocs\nombre_de_empresa\Config\database.php(264): require_once('C:\\xampp\\htdocs...')
#2 C:\xampp\htdocs\nombre_de_empresa\Controllers\CreditosController.php(9): require_once('C:\\xampp\\htdocs...')
#3 {main}
[29-Sep-2026 20:31:48 America/Bogota] PRECIO_COMPRA: Lock existe - No se requiere migración
[29-Sep-2026 20:31:48 America/Bogota] === INICIO SETUP PRECIO_COMPRA ===
[29-Sep-2026 20:31:48 America/Bogota] ❌ ERROR: SQLSTATE[HY000]: General error: 1 near "SHOW": syntax error
[29-Sep-2026 20:31:48 America/Bogota] Stack: #0 C:\xampp\htdocs\nombre_de_empresa\Config\setup_precio_compra.php(31): PDO->query('SHOW COLUMNS FR...')
#1 C:\xampp\htdocs\nombre_de_empresa\Config\database.php(264): require_once('C:\\xampp\\htdocs...')
#2 C:\xampp\htdocs\nombre_de_empresa\Controllers\CreditosController.php(9): require_once('C:\\xampp\\htdocs...')
#3 {main}
[29-Sep-2026 20:31:51 America/Bogota] PRECIO_COMPRA: Lock existe - No se requiere migración
[29-Sep-2026 20:31:51 America/Bogota] === INICIO SETUP PRECIO_COMPRA ===
[29-Sep-2026 20:31:51 America/Bogota] ❌ ERROR: SQLSTATE[HY000]: General error: 1 near "SHOW": syntax error
[29-Sep-2026 20:31:51 America/Bogota] Stack: #0 C:\xampp\htdocs\nombre_de_empresa\Config\setup_precio_compra.php(31): PDO->query('SHOW COLUMNS FR...')
#1 C:\xampp\htdocs\nombre_de_empresa\Config\database.php(264): require_once('C:\\xampp\\htdocs...')
#2 C:\xampp\htdocs\nombre_de_empresa\Controllers\CreditosController.php(9): require_once('C:\\xampp\\htdocs...')
#3 {main}
[29-Sep-2026 20:31:51 America/Bogota] PRECIO_COMPRA: Lock existe - No se requiere migración
[29-Sep-2026 20:31:51 America/Bogota] === INICIO SETUP PRECIO_COMPRA ===
[29-Sep-2026 20:31:51 America/Bogota] ❌ ERROR: SQLSTATE[HY000]: General error: 1 near "SHOW": syntax error
[29-Sep-2026 20:31:51 America/Bogota] Stack: #0 C:\xampp\htdocs\nombre_de_empresa\Config\setup_precio_compra.php(31): PDO->query('SHOW COLUMNS FR...')
#1 C:\xampp\htdocs\nombre_de_empresa\Config\database.php(264): require_once('C:\\xampp\\htdocs...')
#2 C:\xampp\htdocs\nombre_de_empresa\Controllers\CreditosController.php(9): require_once('C:\\xampp\\htdocs...')
#3 {main}
[29-Sep-2026 20:31:53 America/Bogota] PRECIO_COMPRA: Lock existe - No se requiere migración
[29-Sep-2026 20:31:53 America/Bogota] === INICIO SETUP PRECIO_COMPRA ===
[29-Sep-2026 20:31:53 America/Bogota] ❌ ERROR: SQLSTATE[HY000]: General error: 1 near "SHOW": syntax error
[29-Sep-2026 20:31:53 America/Bogota] Stack: #0 C:\xampp\htdocs\nombre_de_empresa\Config\setup_precio_compra.php(31): PDO->query('SHOW COLUMNS FR...')
#1 C:\xampp\htdocs\nombre_de_empresa\Config\database.php(264): require_once('C:\\xampp\\htdocs...')
#2 C:\xampp\htdocs\nombre_de_empresa\Controllers\CreditosController.php(9): require_once('C:\\xampp\\htdocs...')
#3 {main}
[29-Sep-2026 20:31:55 America/Bogota] PRECIO_COMPRA: Lock existe - No se requiere migración
[29-Sep-2026 20:31:55 America/Bogota] === INICIO SETUP PRECIO_COMPRA ===
[29-Sep-2026 20:31:55 America/Bogota] ❌ ERROR: SQLSTATE[HY000]: General error: 1 near "SHOW": syntax error
[29-Sep-2026 20:31:55 America/Bogota] Stack: #0 C:\xampp\htdocs\nombre_de_empresa\Config\setup_precio_compra.php(31): PDO->query('SHOW COLUMNS FR...')
#1 C:\xampp\htdocs\nombre_de_empresa\Config\database.php(264): require_once('C:\\xampp\\htdocs...')
#2 C:\xampp\htdocs\nombre_de_empresa\Controllers\CreditosController.php(9): require_once('C:\\xampp\\htdocs...')
#3 {main}
[29-Sep-2026 20:31:55 America/Bogota] PRECIO_COMPRA: Lock existe - No se requiere migración
[29-Sep-2026 20:31:55 America/Bogota] === INICIO SETUP PRECIO_COMPRA ===
[29-Sep-2026 20:31:55 America/Bogota] ❌ ERROR: SQLSTATE[HY000]: General error: 1 near "SHOW": syntax error
[29-Sep-2026 20:31:55 America/Bogota] Stack: #0 C:\xampp\htdocs\nombre_de_empresa\Config\setup_precio_compra.php(31): PDO->query('SHOW COLUMNS FR...')
#1 C:\xampp\htdocs\nombre_de_empresa\Config\database.php(264): require_once('C:\\xampp\\htdocs...')
#2 C:\xampp\htdocs\nombre_de_empresa\Controllers\CreditosController.php(9): require_once('C:\\xampp\\htdocs...')
#3 {main}
[29-Sep-2026 20:31:55 America/Bogota] PRECIO_COMPRA: Lock existe - No se requiere migración
[29-Sep-2026 20:31:55 America/Bogota] === INICIO SETUP PRECIO_COMPRA ===
[29-Sep-2026 20:31:55 America/Bogota] ❌ ERROR: SQLSTATE[HY000]: General error: 1 near "SHOW": syntax error
[29-Sep-2026 20:31:55 America/Bogota] Stack: #0 C:\xampp\htdocs\nombre_de_empresa\Config\setup_precio_compra.php(31): PDO->query('SHOW COLUMNS FR...')
#1 C:\xampp\htdocs\nombre_de_empresa\Config\database.php(264): require_once('C:\\xampp\\htdocs...')
#2 C:\xampp\htdocs\nombre_de_empresa\Controllers\CreditosController.php(9): require_once('C:\\xampp\\htdocs...')
#3 {main}
[29-Sep-2026 20:33:15 America/Bogota] PRECIO_COMPRA: Lock existe - No se requiere migración
[29-Sep-2026 20:33:15 America/Bogota] === INICIO SETUP PRECIO_COMPRA ===
[29-Sep-2026 20:33:15 America/Bogota] ❌ ERROR: SQLSTATE[HY000]: General error: 1 near "SHOW": syntax error
[29-Sep-2026 20:33:15 America/Bogota] Stack: #0 C:\xampp\htdocs\nombre_de_empresa\Config\setup_precio_compra.php(31): PDO->query('SHOW COLUMNS FR...')
#1 C:\xampp\htdocs\nombre_de_empresa\Config\database.php(260): require_once('C:\\xampp\\htdocs...')
#2 C:\xampp\htdocs\nombre_de_empresa\Controllers\CreditosController.php(9): require_once('C:\\xampp\\htdocs...')
#3 {main}
[29-Sep-2026 20:33:15 America/Bogota] PRECIO_COMPRA: Lock existe - No se requiere migración
[29-Sep-2026 20:33:15 America/Bogota] === INICIO SETUP PRECIO_COMPRA ===
[29-Sep-2026 20:33:15 America/Bogota] ❌ ERROR: SQLSTATE[HY000]: General error: 1 near "SHOW": syntax error
[29-Sep-2026 20:33:15 America/Bogota] Stack: #0 C:\xampp\htdocs\nombre_de_empresa\Config\setup_precio_compra.php(31): PDO->query('SHOW COLUMNS FR...')
#1 C:\xampp\htdocs\nombre_de_empresa\Config\database.php(260): require_once('C:\\xampp\\htdocs...')
#2 C:\xampp\htdocs\nombre_de_empresa\Controllers\CreditosController.php(9): require_once('C:\\xampp\\htdocs...')
#3 {main}
[29-Sep-2026 20:33:15 America/Bogota] PRECIO_COMPRA: Lock existe - No se requiere migración
[29-Sep-2026 20:33:15 America/Bogota] === INICIO SETUP PRECIO_COMPRA ===
[29-Sep-2026 20:33:15 America/Bogota] ❌ ERROR: SQLSTATE[HY000]: General error: 1 near "SHOW": syntax error
[29-Sep-2026 20:33:15 America/Bogota] Stack: #0 C:\xampp\htdocs\nombre_de_empresa\Config\setup_precio_compra.php(31): PDO->query('SHOW COLUMNS FR...')
#1 C:\xampp\htdocs\nombre_de_empresa\Config\database.php(260): require_once('C:\\xampp\\htdocs...')
#2 C:\xampp\htdocs\nombre_de_empresa\Controllers\CreditosController.php(9): require_once('C:\\xampp\\htdocs...')
#3 {main}
[29-Sep-2026 20:33:17 America/Bogota] PRECIO_COMPRA: Lock existe - No se requiere migración
[29-Sep-2026 20:33:17 America/Bogota] === INICIO SETUP PRECIO_COMPRA ===
[29-Sep-2026 20:33:17 America/Bogota] ❌ ERROR: SQLSTATE[HY000]: General error: 1 near "SHOW": syntax error
[29-Sep-2026 20:33:17 America/Bogota] Stack: #0 C:\xampp\htdocs\nombre_de_empresa\Config\setup_precio_compra.php(31): PDO->query('SHOW COLUMNS FR...')
#1 C:\xampp\htdocs\nombre_de_empresa\Config\database.php(260): require_once('C:\\xampp\\htdocs...')
#2 C:\xampp\htdocs\nombre_de_empresa\Controllers\CreditosController.php(9): require_once('C:\\xampp\\htdocs...')
#3 {main}
[29-Sep-2026 20:33:19 America/Bogota] PRECIO_COMPRA: Lock existe - No se requiere migración
[29-Sep-2026 20:33:19 America/Bogota] === INICIO SETUP PRECIO_COMPRA ===
[29-Sep-2026 20:33:19 America/Bogota] ❌ ERROR: SQLSTATE[HY000]: General error: 1 near "SHOW": syntax error
[29-Sep-2026 20:33:19 America/Bogota] Stack: #0 C:\xampp\htdocs\nombre_de_empresa\Config\setup_precio_compra.php(31): PDO->query('SHOW COLUMNS FR...')
#1 C:\xampp\htdocs\nombre_de_empresa\Config\database.php(260): require_once('C:\\xampp\\htdocs...')
#2 C:\xampp\htdocs\nombre_de_empresa\Controllers\CreditosController.php(9): require_once('C:\\xampp\\htdocs...')
#3 {main}
[29-Sep-2026 20:33:19 America/Bogota] PRECIO_COMPRA: Lock existe - No se requiere migración
[29-Sep-2026 20:33:19 America/Bogota] === INICIO SETUP PRECIO_COMPRA ===
[29-Sep-2026 20:33:19 America/Bogota] ❌ ERROR: SQLSTATE[HY000]: General error: 1 near "SHOW": syntax error
[29-Sep-2026 20:33:19 America/Bogota] Stack: #0 C:\xampp\htdocs\nombre_de_empresa\Config\setup_precio_compra.php(31): PDO->query('SHOW COLUMNS FR...')
#1 C:\xampp\htdocs\nombre_de_empresa\Config\database.php(260): require_once('C:\\xampp\\htdocs...')
#2 C:\xampp\htdocs\nombre_de_empresa\Controllers\CreditosController.php(9): require_once('C:\\xampp\\htdocs...')
#3 {main}
[29-Sep-2026 20:33:19 America/Bogota] PRECIO_COMPRA: Lock existe - No se requiere migración
[29-Sep-2026 20:33:19 America/Bogota] === INICIO SETUP PRECIO_COMPRA ===
[29-Sep-2026 20:33:19 America/Bogota] ❌ ERROR: SQLSTATE[HY000]: General error: 1 near "SHOW": syntax error
[29-Sep-2026 20:33:19 America/Bogota] Stack: #0 C:\xampp\htdocs\nombre_de_empresa\Config\setup_precio_compra.php(31): PDO->query('SHOW COLUMNS FR...')
#1 C:\xampp\htdocs\nombre_de_empresa\Config\database.php(260): require_once('C:\\xampp\\htdocs...')
#2 C:\xampp\htdocs\nombre_de_empresa\Controllers\CreditosController.php(9): require_once('C:\\xampp\\htdocs...')
#3 {main}
[29-Sep-2026 20:33:20 America/Bogota] PRECIO_COMPRA: Lock existe - No se requiere migración
[29-Sep-2026 20:33:20 America/Bogota] === INICIO SETUP PRECIO_COMPRA ===
[29-Sep-2026 20:33:20 America/Bogota] ❌ ERROR: SQLSTATE[HY000]: General error: 1 near "SHOW": syntax error
[29-Sep-2026 20:33:20 America/Bogota] Stack: #0 C:\xampp\htdocs\nombre_de_empresa\Config\setup_precio_compra.php(31): PDO->query('SHOW COLUMNS FR...')
#1 C:\xampp\htdocs\nombre_de_empresa\Config\database.php(260): require_once('C:\\xampp\\htdocs...')
#2 C:\xampp\htdocs\nombre_de_empresa\Controllers\CreditosController.php(9): require_once('C:\\xampp\\htdocs...')
#3 {main}
[29-Sep-2026 20:33:20 America/Bogota] PRECIO_COMPRA: Lock existe - No se requiere migración
[29-Sep-2026 20:33:20 America/Bogota] === INICIO SETUP PRECIO_COMPRA ===
[29-Sep-2026 20:33:20 America/Bogota] ❌ ERROR: SQLSTATE[HY000]: General error: 1 near "SHOW": syntax error
[29-Sep-2026 20:33:20 America/Bogota] Stack: #0 C:\xampp\htdocs\nombre_de_empresa\Config\setup_precio_compra.php(31): PDO->query('SHOW COLUMNS FR...')
#1 C:\xampp\htdocs\nombre_de_empresa\Config\database.php(260): require_once('C:\\xampp\\htdocs...')
#2 C:\xampp\htdocs\nombre_de_empresa\Controllers\CreditosController.php(9): require_once('C:\\xampp\\htdocs...')
#3 {main}
[29-Sep-2026 20:33:20 America/Bogota] PRECIO_COMPRA: Lock existe - No se requiere migración
[29-Sep-2026 20:33:20 America/Bogota] === INICIO SETUP PRECIO_COMPRA ===
[29-Sep-2026 20:33:20 America/Bogota] ❌ ERROR: SQLSTATE[HY000]: General error: 1 near "SHOW": syntax error
[29-Sep-2026 20:33:20 America/Bogota] Stack: #0 C:\xampp\htdocs\nombre_de_empresa\Config\setup_precio_compra.php(31): PDO->query('SHOW COLUMNS FR...')
#1 C:\xampp\htdocs\nombre_de_empresa\Config\database.php(260): require_once('C:\\xampp\\htdocs...')
#2 C:\xampp\htdocs\nombre_de_empresa\Controllers\CreditosController.php(9): require_once('C:\\xampp\\htdocs...')
#3 {main}
[29-Sep-2026 20:33:20 America/Bogota] PRECIO_COMPRA: Lock existe - No se requiere migración
[29-Sep-2026 20:33:20 America/Bogota] === INICIO SETUP PRECIO_COMPRA ===
[29-Sep-2026 20:33:20 America/Bogota] ❌ ERROR: SQLSTATE[HY000]: General error: 1 near "SHOW": syntax error
[29-Sep-2026 20:33:20 America/Bogota] Stack: #0 C:\xampp\htdocs\nombre_de_empresa\Config\setup_precio_compra.php(31): PDO->query('SHOW COLUMNS FR...')
#1 C:\xampp\htdocs\nombre_de_empresa\Config\database.php(260): require_once('C:\\xampp\\htdocs...')
#2 C:\xampp\htdocs\nombre_de_empresa\Controllers\CreditosController.php(9): require_once('C:\\xampp\\htdocs...')
#3 {main}
[29-Sep-2026 20:33:20 America/Bogota] PRECIO_COMPRA: Lock existe - No se requiere migración
[29-Sep-2026 20:33:20 America/Bogota] === INICIO SETUP PRECIO_COMPRA ===
[29-Sep-2026 20:33:20 America/Bogota] ❌ ERROR: SQLSTATE[HY000]: General error: 1 near "SHOW": syntax error
[29-Sep-2026 20:33:20 America/Bogota] Stack: #0 C:\xampp\htdocs\nombre_de_empresa\Config\setup_precio_compra.php(31): PDO->query('SHOW COLUMNS FR...')
#1 C:\xampp\htdocs\nombre_de_empresa\Config\database.php(260): require_once('C:\\xampp\\htdocs...')
#2 C:\xampp\htdocs\nombre_de_empresa\Controllers\CreditosController.php(9): require_once('C:\\xampp\\htdocs...')
#3 {main}
[29-Sep-2026 20:33:20 America/Bogota] PRECIO_COMPRA: Lock existe - No se requiere migración
[29-Sep-2026 20:33:20 America/Bogota] === INICIO SETUP PRECIO_COMPRA ===
[29-Sep-2026 20:33:20 America/Bogota] ❌ ERROR: SQLSTATE[HY000]: General error: 1 near "SHOW": syntax error
[29-Sep-2026 20:33:20 America/Bogota] Stack: #0 C:\xampp\htdocs\nombre_de_empresa\Config\setup_precio_compra.php(31): PDO->query('SHOW COLUMNS FR...')
#1 C:\xampp\htdocs\nombre_de_empresa\Config\database.php(260): require_once('C:\\xampp\\htdocs...')
#2 C:\xampp\htdocs\nombre_de_empresa\Controllers\CreditosController.php(9): require_once('C:\\xampp\\htdocs...')
#3 {main}
[29-Sep-2026 20:33:21 America/Bogota] PRECIO_COMPRA: Lock existe - No se requiere migración
[29-Sep-2026 20:33:21 America/Bogota] === INICIO SETUP PRECIO_COMPRA ===
[29-Sep-2026 20:33:21 America/Bogota] ❌ ERROR: SQLSTATE[HY000]: General error: 1 near "SHOW": syntax error
[29-Sep-2026 20:33:21 America/Bogota] Stack: #0 C:\xampp\htdocs\nombre_de_empresa\Config\setup_precio_compra.php(31): PDO->query('SHOW COLUMNS FR...')
#1 C:\xampp\htdocs\nombre_de_empresa\Config\database.php(260): require_once('C:\\xampp\\htdocs...')
#2 C:\xampp\htdocs\nombre_de_empresa\Controllers\CreditosController.php(9): require_once('C:\\xampp\\htdocs...')
#3 {main}
[29-Sep-2026 20:33:23 America/Bogota] PRECIO_COMPRA: Lock existe - No se requiere migración
[29-Sep-2026 20:33:23 America/Bogota] === INICIO SETUP PRECIO_COMPRA ===
[29-Sep-2026 20:33:23 America/Bogota] ❌ ERROR: SQLSTATE[HY000]: General error: 1 near "SHOW": syntax error
[29-Sep-2026 20:33:23 America/Bogota] Stack: #0 C:\xampp\htdocs\nombre_de_empresa\Config\setup_precio_compra.php(31): PDO->query('SHOW COLUMNS FR...')
#1 C:\xampp\htdocs\nombre_de_empresa\Config\database.php(260): require_once('C:\\xampp\\htdocs...')
#2 C:\xampp\htdocs\nombre_de_empresa\Controllers\CreditosController.php(9): require_once('C:\\xampp\\htdocs...')
#3 {main}
[29-Sep-2026 20:33:23 America/Bogota] PRECIO_COMPRA: Lock existe - No se requiere migración
[29-Sep-2026 20:33:23 America/Bogota] === INICIO SETUP PRECIO_COMPRA ===
[29-Sep-2026 20:33:23 America/Bogota] ❌ ERROR: SQLSTATE[HY000]: General error: 1 near "SHOW": syntax error
[29-Sep-2026 20:33:23 America/Bogota] Stack: #0 C:\xampp\htdocs\nombre_de_empresa\Config\setup_precio_compra.php(31): PDO->query('SHOW COLUMNS FR...')
#1 C:\xampp\htdocs\nombre_de_empresa\Config\database.php(260): require_once('C:\\xampp\\htdocs...')
#2 C:\xampp\htdocs\nombre_de_empresa\Controllers\CreditosController.php(9): require_once('C:\\xampp\\htdocs...')
#3 {main}
[29-Sep-2026 20:33:25 America/Bogota] PRECIO_COMPRA: Lock existe - No se requiere migración
[29-Sep-2026 20:33:25 America/Bogota] === INICIO SETUP PRECIO_COMPRA ===
[29-Sep-2026 20:33:25 America/Bogota] ❌ ERROR: SQLSTATE[HY000]: General error: 1 near "SHOW": syntax error
[29-Sep-2026 20:33:25 America/Bogota] Stack: #0 C:\xampp\htdocs\nombre_de_empresa\Config\setup_precio_compra.php(31): PDO->query('SHOW COLUMNS FR...')
#1 C:\xampp\htdocs\nombre_de_empresa\Config\database.php(260): require_once('C:\\xampp\\htdocs...')
#2 C:\xampp\htdocs\nombre_de_empresa\Controllers\CreditosController.php(9): require_once('C:\\xampp\\htdocs...')
#3 {main}
[29-Sep-2026 20:33:31 America/Bogota] PRECIO_COMPRA: Lock existe - No se requiere migración
[29-Sep-2026 20:33:31 America/Bogota] === INICIO SETUP PRECIO_COMPRA ===
[29-Sep-2026 20:33:31 America/Bogota] ❌ ERROR: SQLSTATE[HY000]: General error: 1 near "SHOW": syntax error
[29-Sep-2026 20:33:31 America/Bogota] Stack: #0 C:\xampp\htdocs\nombre_de_empresa\Config\setup_precio_compra.php(31): PDO->query('SHOW COLUMNS FR...')
#1 C:\xampp\htdocs\nombre_de_empresa\Config\database.php(260): require_once('C:\\xampp\\htdocs...')
#2 C:\xampp\htdocs\nombre_de_empresa\Controllers\CreditosController.php(9): require_once('C:\\xampp\\htdocs...')
#3 {main}
[29-Sep-2026 20:33:31 America/Bogota] PRECIO_COMPRA: Lock existe - No se requiere migración
[29-Sep-2026 20:33:31 America/Bogota] === INICIO SETUP PRECIO_COMPRA ===
[29-Sep-2026 20:33:31 America/Bogota] ❌ ERROR: SQLSTATE[HY000]: General error: 1 near "SHOW": syntax error
[29-Sep-2026 20:33:31 America/Bogota] Stack: #0 C:\xampp\htdocs\nombre_de_empresa\Config\setup_precio_compra.php(31): PDO->query('SHOW COLUMNS FR...')
#1 C:\xampp\htdocs\nombre_de_empresa\Config\database.php(260): require_once('C:\\xampp\\htdocs...')
#2 C:\xampp\htdocs\nombre_de_empresa\Controllers\CreditosController.php(9): require_once('C:\\xampp\\htdocs...')
#3 {main}
[29-Sep-2026 20:33:31 America/Bogota] PRECIO_COMPRA: Lock existe - No se requiere migración
[29-Sep-2026 20:33:31 America/Bogota] === INICIO SETUP PRECIO_COMPRA ===
[29-Sep-2026 20:33:31 America/Bogota] ❌ ERROR: SQLSTATE[HY000]: General error: 1 near "SHOW": syntax error
[29-Sep-2026 20:33:31 America/Bogota] Stack: #0 C:\xampp\htdocs\nombre_de_empresa\Config\setup_precio_compra.php(31): PDO->query('SHOW COLUMNS FR...')
#1 C:\xampp\htdocs\nombre_de_empresa\Config\database.php(260): require_once('C:\\xampp\\htdocs...')
#2 C:\xampp\htdocs\nombre_de_empresa\Controllers\CreditosController.php(9): require_once('C:\\xampp\\htdocs...')
#3 {main}
[29-Sep-2026 20:36:06 America/Bogota] PRECIO_COMPRA: Lock existe - No se requiere migración
[29-Sep-2026 20:36:06 America/Bogota] === INICIO SETUP PRECIO_COMPRA ===
[29-Sep-2026 20:36:06 America/Bogota] ❌ ERROR: SQLSTATE[HY000]: General error: 1 near "SHOW": syntax error
[29-Sep-2026 20:36:06 America/Bogota] Stack: #0 C:\xampp\htdocs\nombre_de_empresa\Config\setup_precio_compra.php(31): PDO->query('SHOW COLUMNS FR...')
#1 C:\xampp\htdocs\nombre_de_empresa\Config\database.php(260): require_once('C:\\xampp\\htdocs...')
#2 C:\xampp\htdocs\nombre_de_empresa\Controllers\CreditosController.php(9): require_once('C:\\xampp\\htdocs...')
#3 {main}
[29-Sep-2026 20:36:06 America/Bogota] ========== LISTAR CREDITOS DEBUG ==========
[29-Sep-2026 20:36:06 America/Bogota] Empresa ID: 1
[29-Sep-2026 20:36:06 America/Bogota] Total créditos en BD: 11
[29-Sep-2026 20:36:06 America/Bogota] Primeros 3 IDs: ["24","23","22"]
[29-Sep-2026 20:36:06 America/Bogota] Después de mapear: 11
[29-Sep-2026 20:36:06 America/Bogota] ========== FIN LISTAR CREDITOS DEBUG ==========
[29-Sep-2026 20:36:06 America/Bogota] PRECIO_COMPRA: Lock existe - No se requiere migración
[29-Sep-2026 20:36:06 America/Bogota] === INICIO SETUP PRECIO_COMPRA ===
[29-Sep-2026 20:36:06 America/Bogota] ❌ ERROR: SQLSTATE[HY000]: General error: 1 near "SHOW": syntax error
[29-Sep-2026 20:36:06 America/Bogota] Stack: #0 C:\xampp\htdocs\nombre_de_empresa\Config\setup_precio_compra.php(31): PDO->query('SHOW COLUMNS FR...')
#1 C:\xampp\htdocs\nombre_de_empresa\Config\database.php(260): require_once('C:\\xampp\\htdocs...')
#2 C:\xampp\htdocs\nombre_de_empresa\Controllers\CreditosController.php(9): require_once('C:\\xampp\\htdocs...')
#3 {main}
[29-Sep-2026 20:36:06 America/Bogota] ========== LISTAR CREDITOS DEBUG ==========
[29-Sep-2026 20:36:06 America/Bogota] Empresa ID: 1
[29-Sep-2026 20:36:06 America/Bogota] Total créditos en BD: 11
[29-Sep-2026 20:36:06 America/Bogota] Primeros 3 IDs: ["24","23","22"]
[29-Sep-2026 20:36:06 America/Bogota] Después de mapear: 11
[29-Sep-2026 20:36:06 America/Bogota] ========== FIN LISTAR CREDITOS DEBUG ==========
[29-Sep-2026 20:36:06 America/Bogota] PRECIO_COMPRA: Lock existe - No se requiere migración
[29-Sep-2026 20:36:06 America/Bogota] === INICIO SETUP PRECIO_COMPRA ===
[29-Sep-2026 20:36:06 America/Bogota] ❌ ERROR: SQLSTATE[HY000]: General error: 1 near "SHOW": syntax error
[29-Sep-2026 20:36:06 America/Bogota] Stack: #0 C:\xampp\htdocs\nombre_de_empresa\Config\setup_precio_compra.php(31): PDO->query('SHOW COLUMNS FR...')
#1 C:\xampp\htdocs\nombre_de_empresa\Config\database.php(260): require_once('C:\\xampp\\htdocs...')
#2 C:\xampp\htdocs\nombre_de_empresa\Controllers\CreditosController.php(9): require_once('C:\\xampp\\htdocs...')
#3 {main}
[29-Sep-2026 20:36:09 America/Bogota] PRECIO_COMPRA: Lock existe - No se requiere migración
[29-Sep-2026 20:36:09 America/Bogota] === INICIO SETUP PRECIO_COMPRA ===
[29-Sep-2026 20:36:09 America/Bogota] ❌ ERROR: SQLSTATE[HY000]: General error: 1 near "SHOW": syntax error
[29-Sep-2026 20:36:09 America/Bogota] Stack: #0 C:\xampp\htdocs\nombre_de_empresa\Config\setup_precio_compra.php(31): PDO->query('SHOW COLUMNS FR...')
#1 C:\xampp\htdocs\nombre_de_empresa\Config\database.php(260): require_once('C:\\xampp\\htdocs...')
#2 C:\xampp\htdocs\nombre_de_empresa\Controllers\CreditosController.php(9): require_once('C:\\xampp\\htdocs...')
#3 {main}
[29-Sep-2026 20:36:09 America/Bogota] ========== ELIMINAR CREDITO DEBUG ==========
[29-Sep-2026 20:36:09 America/Bogota] IDs a eliminar: [14]
[29-Sep-2026 20:36:09 America/Bogota] Driver: sqlite
[29-Sep-2026 20:36:09 America/Bogota] Créditos ANTES de DELETE: 1
[29-Sep-2026 20:36:09 America/Bogota] Abonos eliminados: 0
[29-Sep-2026 20:36:09 America/Bogota] Detalles eliminados: 0
[29-Sep-2026 20:36:09 America/Bogota] Créditos eliminados: 1
[29-Sep-2026 20:36:09 America/Bogota] COMMIT ejecutado (SQLite)
[29-Sep-2026 20:36:09 America/Bogota] Créditos DESPUÉS de DELETE: 0
[29-Sep-2026 20:36:09 America/Bogota] ========== FIN ELIMINAR CREDITO DEBUG ==========
[29-Sep-2026 20:36:12 America/Bogota] PRECIO_COMPRA: Lock existe - No se requiere migración
[29-Sep-2026 20:36:12 America/Bogota] === INICIO SETUP PRECIO_COMPRA ===
[29-Sep-2026 20:36:12 America/Bogota] ❌ ERROR: SQLSTATE[HY000]: General error: 1 near "SHOW": syntax error
[29-Sep-2026 20:36:12 America/Bogota] Stack: #0 C:\xampp\htdocs\nombre_de_empresa\Config\setup_precio_compra.php(31): PDO->query('SHOW COLUMNS FR...')
#1 C:\xampp\htdocs\nombre_de_empresa\Config\database.php(260): require_once('C:\\xampp\\htdocs...')
#2 C:\xampp\htdocs\nombre_de_empresa\Controllers\CreditosController.php(9): require_once('C:\\xampp\\htdocs...')
#3 {main}
[29-Sep-2026 20:36:12 America/Bogota] ========== LISTAR CREDITOS DEBUG ==========
[29-Sep-2026 20:36:12 America/Bogota] Empresa ID: 1
[29-Sep-2026 20:36:12 America/Bogota] Total créditos en BD: 10
[29-Sep-2026 20:36:12 America/Bogota] Primeros 3 IDs: ["24","23","22"]
[29-Sep-2026 20:36:12 America/Bogota] Después de mapear: 10
[29-Sep-2026 20:36:12 America/Bogota] ========== FIN LISTAR CREDITOS DEBUG ==========
[29-Sep-2026 20:36:12 America/Bogota] PRECIO_COMPRA: Lock existe - No se requiere migración
[29-Sep-2026 20:36:12 America/Bogota] === INICIO SETUP PRECIO_COMPRA ===
[29-Sep-2026 20:36:12 America/Bogota] ❌ ERROR: SQLSTATE[HY000]: General error: 1 near "SHOW": syntax error
[29-Sep-2026 20:36:12 America/Bogota] Stack: #0 C:\xampp\htdocs\nombre_de_empresa\Config\setup_precio_compra.php(31): PDO->query('SHOW COLUMNS FR...')
#1 C:\xampp\htdocs\nombre_de_empresa\Config\database.php(260): require_once('C:\\xampp\\htdocs...')
#2 C:\xampp\htdocs\nombre_de_empresa\Controllers\CreditosController.php(9): require_once('C:\\xampp\\htdocs...')
#3 {main}
[29-Sep-2026 20:36:12 America/Bogota] ========== LISTAR CREDITOS DEBUG ==========
[29-Sep-2026 20:36:12 America/Bogota] Empresa ID: 1
[29-Sep-2026 20:36:12 America/Bogota] Total créditos en BD: 10
[29-Sep-2026 20:36:12 America/Bogota] Primeros 3 IDs: ["24","23","22"]
[29-Sep-2026 20:36:12 America/Bogota] Después de mapear: 10
[29-Sep-2026 20:36:12 America/Bogota] ========== FIN LISTAR CREDITOS DEBUG ==========
[29-Sep-2026 20:36:13 America/Bogota] PRECIO_COMPRA: Lock existe - No se requiere migración
[29-Sep-2026 20:36:13 America/Bogota] === INICIO SETUP PRECIO_COMPRA ===
[29-Sep-2026 20:36:13 America/Bogota] ❌ ERROR: SQLSTATE[HY000]: General error: 1 near "SHOW": syntax error
[29-Sep-2026 20:36:13 America/Bogota] Stack: #0 C:\xampp\htdocs\nombre_de_empresa\Config\setup_precio_compra.php(31): PDO->query('SHOW COLUMNS FR...')
#1 C:\xampp\htdocs\nombre_de_empresa\Config\database.php(260): require_once('C:\\xampp\\htdocs...')
#2 C:\xampp\htdocs\nombre_de_empresa\Controllers\CreditosController.php(9): require_once('C:\\xampp\\htdocs...')
#3 {main}
[29-Sep-2026 20:36:56 America/Bogota] PRECIO_COMPRA: Lock existe - No se requiere migración
[29-Sep-2026 20:36:56 America/Bogota] === INICIO SETUP PRECIO_COMPRA ===
[29-Sep-2026 20:36:56 America/Bogota] ❌ ERROR: SQLSTATE[HY000]: General error: 1 near "SHOW": syntax error
[29-Sep-2026 20:36:56 America/Bogota] Stack: #0 C:\xampp\htdocs\nombre_de_empresa\Config\setup_precio_compra.php(31): PDO->query('SHOW COLUMNS FR...')
#1 C:\xampp\htdocs\nombre_de_empresa\Config\database.php(260): require_once('C:\\xampp\\htdocs...')
#2 C:\xampp\htdocs\nombre_de_empresa\Controllers\CreditosController.php(9): require_once('C:\\xampp\\htdocs...')
#3 {main}
[29-Sep-2026 20:36:56 America/Bogota] ========== LISTAR CREDITOS DEBUG ==========
[29-Sep-2026 20:36:56 America/Bogota] Empresa ID: 1
[29-Sep-2026 20:36:56 America/Bogota] Total créditos en BD: 10
[29-Sep-2026 20:36:56 America/Bogota] Primeros 3 IDs: ["24","23","22"]
[29-Sep-2026 20:36:56 America/Bogota] Después de mapear: 10
[29-Sep-2026 20:36:56 America/Bogota] ========== FIN LISTAR CREDITOS DEBUG ==========
[29-Sep-2026 20:36:56 America/Bogota] PRECIO_COMPRA: Lock existe - No se requiere migración
[29-Sep-2026 20:36:56 America/Bogota] === INICIO SETUP PRECIO_COMPRA ===
[29-Sep-2026 20:36:56 America/Bogota] ❌ ERROR: SQLSTATE[HY000]: General error: 1 near "SHOW": syntax error
[29-Sep-2026 20:36:56 America/Bogota] Stack: #0 C:\xampp\htdocs\nombre_de_empresa\Config\setup_precio_compra.php(31): PDO->query('SHOW COLUMNS FR...')
#1 C:\xampp\htdocs\nombre_de_empresa\Config\database.php(260): require_once('C:\\xampp\\htdocs...')
#2 C:\xampp\htdocs\nombre_de_empresa\Controllers\CreditosController.php(9): require_once('C:\\xampp\\htdocs...')
#3 {main}
[29-Sep-2026 20:36:56 America/Bogota] ========== LISTAR CREDITOS DEBUG ==========
[29-Sep-2026 20:36:56 America/Bogota] Empresa ID: 1
[29-Sep-2026 20:36:56 America/Bogota] Total créditos en BD: 10
[29-Sep-2026 20:36:56 America/Bogota] Primeros 3 IDs: ["24","23","22"]
[29-Sep-2026 20:36:56 America/Bogota] Después de mapear: 10
[29-Sep-2026 20:36:56 America/Bogota] ========== FIN LISTAR CREDITOS DEBUG ==========
[29-Sep-2026 20:36:56 America/Bogota] PRECIO_COMPRA: Lock existe - No se requiere migración
[29-Sep-2026 20:36:56 America/Bogota] === INICIO SETUP PRECIO_COMPRA ===
[29-Sep-2026 20:36:56 America/Bogota] ❌ ERROR: SQLSTATE[HY000]: General error: 1 near "SHOW": syntax error
[29-Sep-2026 20:36:56 America/Bogota] Stack: #0 C:\xampp\htdocs\nombre_de_empresa\Config\setup_precio_compra.php(31): PDO->query('SHOW COLUMNS FR...')
#1 C:\xampp\htdocs\nombre_de_empresa\Config\database.php(260): require_once('C:\\xampp\\htdocs...')
#2 C:\xampp\htdocs\nombre_de_empresa\Controllers\CreditosController.php(9): require_once('C:\\xampp\\htdocs...')
#3 {main}
[29-Sep-2026 20:37:13 America/Bogota] PRECIO_COMPRA: Lock existe - No se requiere migración
[29-Sep-2026 20:37:13 America/Bogota] === INICIO SETUP PRECIO_COMPRA ===
[29-Sep-2026 20:37:13 America/Bogota] ❌ ERROR: SQLSTATE[HY000]: General error: 1 near "SHOW": syntax error
[29-Sep-2026 20:37:13 America/Bogota] Stack: #0 C:\xampp\htdocs\nombre_de_empresa\Config\setup_precio_compra.php(31): PDO->query('SHOW COLUMNS FR...')
#1 C:\xampp\htdocs\nombre_de_empresa\Config\database.php(260): require_once('C:\\xampp\\htdocs...')
#2 C:\xampp\htdocs\nombre_de_empresa\Controllers\CreditosController.php(9): require_once('C:\\xampp\\htdocs...')
#3 {main}
[29-Sep-2026 20:37:13 America/Bogota] ========== LISTAR CREDITOS DEBUG ==========
[29-Sep-2026 20:37:13 America/Bogota] Empresa ID: 1
[29-Sep-2026 20:37:13 America/Bogota] Total créditos en BD: 10
[29-Sep-2026 20:37:13 America/Bogota] Primeros 3 IDs: ["24","23","22"]
[29-Sep-2026 20:37:13 America/Bogota] Después de mapear: 10
[29-Sep-2026 20:37:13 America/Bogota] ========== FIN LISTAR CREDITOS DEBUG ==========
[29-Sep-2026 20:37:13 America/Bogota] PRECIO_COMPRA: Lock existe - No se requiere migración
[29-Sep-2026 20:37:13 America/Bogota] === INICIO SETUP PRECIO_COMPRA ===
[29-Sep-2026 20:37:13 America/Bogota] ❌ ERROR: SQLSTATE[HY000]: General error: 1 near "SHOW": syntax error
[29-Sep-2026 20:37:13 America/Bogota] Stack: #0 C:\xampp\htdocs\nombre_de_empresa\Config\setup_precio_compra.php(31): PDO->query('SHOW COLUMNS FR...')
#1 C:\xampp\htdocs\nombre_de_empresa\Config\database.php(260): require_once('C:\\xampp\\htdocs...')
#2 C:\xampp\htdocs\nombre_de_empresa\Controllers\CreditosController.php(9): require_once('C:\\xampp\\htdocs...')
#3 {main}
[29-Sep-2026 20:37:13 America/Bogota] ========== LISTAR CREDITOS DEBUG ==========
[29-Sep-2026 20:37:13 America/Bogota] Empresa ID: 1
[29-Sep-2026 20:37:13 America/Bogota] Total créditos en BD: 10
[29-Sep-2026 20:37:13 America/Bogota] Primeros 3 IDs: ["24","23","22"]
[29-Sep-2026 20:37:13 America/Bogota] Después de mapear: 10
[29-Sep-2026 20:37:13 America/Bogota] ========== FIN LISTAR CREDITOS DEBUG ==========
[29-Sep-2026 20:37:13 America/Bogota] PRECIO_COMPRA: Lock existe - No se requiere migración
[29-Sep-2026 20:37:13 America/Bogota] === INICIO SETUP PRECIO_COMPRA ===
[29-Sep-2026 20:37:13 America/Bogota] ❌ ERROR: SQLSTATE[HY000]: General error: 1 near "SHOW": syntax error
[29-Sep-2026 20:37:13 America/Bogota] Stack: #0 C:\xampp\htdocs\nombre_de_empresa\Config\setup_precio_compra.php(31): PDO->query('SHOW COLUMNS FR...')
#1 C:\xampp\htdocs\nombre_de_empresa\Config\database.php(260): require_once('C:\\xampp\\htdocs...')
#2 C:\xampp\htdocs\nombre_de_empresa\Controllers\CreditosController.php(9): require_once('C:\\xampp\\htdocs...')
#3 {main}
[29-Sep-2026 20:37:16 America/Bogota] PRECIO_COMPRA: Lock existe - No se requiere migración
[29-Sep-2026 20:37:16 America/Bogota] === INICIO SETUP PRECIO_COMPRA ===
[29-Sep-2026 20:37:16 America/Bogota] ❌ ERROR: SQLSTATE[HY000]: General error: 1 near "SHOW": syntax error
[29-Sep-2026 20:37:16 America/Bogota] Stack: #0 C:\xampp\htdocs\nombre_de_empresa\Config\setup_precio_compra.php(31): PDO->query('SHOW COLUMNS FR...')
#1 C:\xampp\htdocs\nombre_de_empresa\Config\database.php(260): require_once('C:\\xampp\\htdocs...')
#2 C:\xampp\htdocs\nombre_de_empresa\Controllers\CreditosController.php(9): require_once('C:\\xampp\\htdocs...')
#3 {main}
[29-Sep-2026 20:37:18 America/Bogota] PRECIO_COMPRA: Lock existe - No se requiere migración
[29-Sep-2026 20:37:18 America/Bogota] === INICIO SETUP PRECIO_COMPRA ===
[29-Sep-2026 20:37:18 America/Bogota] ❌ ERROR: SQLSTATE[HY000]: General error: 1 near "SHOW": syntax error
[29-Sep-2026 20:37:18 America/Bogota] Stack: #0 C:\xampp\htdocs\nombre_de_empresa\Config\setup_precio_compra.php(31): PDO->query('SHOW COLUMNS FR...')
#1 C:\xampp\htdocs\nombre_de_empresa\Config\database.php(260): require_once('C:\\xampp\\htdocs...')
#2 C:\xampp\htdocs\nombre_de_empresa\Controllers\CreditosController.php(9): require_once('C:\\xampp\\htdocs...')
#3 {main}
[29-Sep-2026 20:37:18 America/Bogota] ========== LISTAR CREDITOS DEBUG ==========
[29-Sep-2026 20:37:18 America/Bogota] Empresa ID: 1
[29-Sep-2026 20:37:18 America/Bogota] Total créditos en BD: 9
[29-Sep-2026 20:37:18 America/Bogota] Primeros 3 IDs: ["24","23","22"]
[29-Sep-2026 20:37:18 America/Bogota] Después de mapear: 9
[29-Sep-2026 20:37:18 America/Bogota] ========== FIN LISTAR CREDITOS DEBUG ==========
[29-Sep-2026 20:37:18 America/Bogota] PRECIO_COMPRA: Lock existe - No se requiere migración
[29-Sep-2026 20:37:18 America/Bogota] === INICIO SETUP PRECIO_COMPRA ===
[29-Sep-2026 20:37:18 America/Bogota] ❌ ERROR: SQLSTATE[HY000]: General error: 1 near "SHOW": syntax error
[29-Sep-2026 20:37:18 America/Bogota] Stack: #0 C:\xampp\htdocs\nombre_de_empresa\Config\setup_precio_compra.php(31): PDO->query('SHOW COLUMNS FR...')
#1 C:\xampp\htdocs\nombre_de_empresa\Config\database.php(260): require_once('C:\\xampp\\htdocs...')
#2 C:\xampp\htdocs\nombre_de_empresa\Controllers\CreditosController.php(9): require_once('C:\\xampp\\htdocs...')
#3 {main}
[29-Sep-2026 20:37:18 America/Bogota] ========== LISTAR CREDITOS DEBUG ==========
[29-Sep-2026 20:37:18 America/Bogota] Empresa ID: 1
[29-Sep-2026 20:37:18 America/Bogota] Total créditos en BD: 9
[29-Sep-2026 20:37:18 America/Bogota] Primeros 3 IDs: ["24","23","22"]
[29-Sep-2026 20:37:18 America/Bogota] Después de mapear: 9
[29-Sep-2026 20:37:18 America/Bogota] ========== FIN LISTAR CREDITOS DEBUG ==========
[29-Sep-2026 20:37:18 America/Bogota] PRECIO_COMPRA: Lock existe - No se requiere migración
[29-Sep-2026 20:37:18 America/Bogota] === INICIO SETUP PRECIO_COMPRA ===
[29-Sep-2026 20:37:18 America/Bogota] ❌ ERROR: SQLSTATE[HY000]: General error: 1 near "SHOW": syntax error
[29-Sep-2026 20:37:18 America/Bogota] Stack: #0 C:\xampp\htdocs\nombre_de_empresa\Config\setup_precio_compra.php(31): PDO->query('SHOW COLUMNS FR...')
#1 C:\xampp\htdocs\nombre_de_empresa\Config\database.php(260): require_once('C:\\xampp\\htdocs...')
#2 C:\xampp\htdocs\nombre_de_empresa\Controllers\CreditosController.php(9): require_once('C:\\xampp\\htdocs...')
#3 {main}
[29-Sep-2026 20:38:46 America/Bogota] PRECIO_COMPRA: Lock existe - No se requiere migración
[29-Sep-2026 20:38:46 America/Bogota] === INICIO SETUP PRECIO_COMPRA ===
[29-Sep-2026 20:38:46 America/Bogota] ❌ ERROR: SQLSTATE[HY000]: General error: 1 near "SHOW": syntax error
[29-Sep-2026 20:38:46 America/Bogota] Stack: #0 C:\xampp\htdocs\nombre_de_empresa\Config\setup_precio_compra.php(31): PDO->query('SHOW COLUMNS FR...')
#1 C:\xampp\htdocs\nombre_de_empresa\Config\database.php(260): require_once('C:\\xampp\\htdocs...')
#2 C:\xampp\htdocs\nombre_de_empresa\Controllers\CreditosController.php(9): require_once('C:\\xampp\\htdocs...')
#3 {main}
[29-Sep-2026 20:38:46 America/Bogota] ========== LISTAR CREDITOS DEBUG ==========
[29-Sep-2026 20:38:46 America/Bogota] Empresa ID: 1
[29-Sep-2026 20:38:46 America/Bogota] Total créditos en BD: 9
[29-Sep-2026 20:38:46 America/Bogota] Primeros 3 IDs: ["24","23","22"]
[29-Sep-2026 20:38:46 America/Bogota] Después de mapear: 9
[29-Sep-2026 20:38:46 America/Bogota] ========== FIN LISTAR CREDITOS DEBUG ==========
[29-Sep-2026 20:38:46 America/Bogota] PRECIO_COMPRA: Lock existe - No se requiere migración
[29-Sep-2026 20:38:46 America/Bogota] === INICIO SETUP PRECIO_COMPRA ===
[29-Sep-2026 20:38:46 America/Bogota] ❌ ERROR: SQLSTATE[HY000]: General error: 1 near "SHOW": syntax error
[29-Sep-2026 20:38:46 America/Bogota] Stack: #0 C:\xampp\htdocs\nombre_de_empresa\Config\setup_precio_compra.php(31): PDO->query('SHOW COLUMNS FR...')
#1 C:\xampp\htdocs\nombre_de_empresa\Config\database.php(260): require_once('C:\\xampp\\htdocs...')
#2 C:\xampp\htdocs\nombre_de_empresa\Controllers\CreditosController.php(9): require_once('C:\\xampp\\htdocs...')
#3 {main}
[29-Sep-2026 20:38:46 America/Bogota] ========== LISTAR CREDITOS DEBUG ==========
[29-Sep-2026 20:38:46 America/Bogota] Empresa ID: 1
[29-Sep-2026 20:38:46 America/Bogota] Total créditos en BD: 9
[29-Sep-2026 20:38:46 America/Bogota] Primeros 3 IDs: ["24","23","22"]
[29-Sep-2026 20:38:46 America/Bogota] Después de mapear: 9
[29-Sep-2026 20:38:46 America/Bogota] ========== FIN LISTAR CREDITOS DEBUG ==========
[29-Sep-2026 20:38:46 America/Bogota] PRECIO_COMPRA: Lock existe - No se requiere migración
[29-Sep-2026 20:38:46 America/Bogota] === INICIO SETUP PRECIO_COMPRA ===
[29-Sep-2026 20:38:46 America/Bogota] ❌ ERROR: SQLSTATE[HY000]: General error: 1 near "SHOW": syntax error
[29-Sep-2026 20:38:46 America/Bogota] Stack: #0 C:\xampp\htdocs\nombre_de_empresa\Config\setup_precio_compra.php(31): PDO->query('SHOW COLUMNS FR...')
#1 C:\xampp\htdocs\nombre_de_empresa\Config\database.php(260): require_once('C:\\xampp\\htdocs...')
#2 C:\xampp\htdocs\nombre_de_empresa\Controllers\CreditosController.php(9): require_once('C:\\xampp\\htdocs...')
#3 {main}
[29-Sep-2026 20:38:57 America/Bogota] PRECIO_COMPRA: Lock existe - No se requiere migración
[29-Sep-2026 20:38:57 America/Bogota] === INICIO SETUP PRECIO_COMPRA ===
[29-Sep-2026 20:38:57 America/Bogota] ❌ ERROR: SQLSTATE[HY000]: General error: 1 near "SHOW": syntax error
[29-Sep-2026 20:38:57 America/Bogota] Stack: #0 C:\xampp\htdocs\nombre_de_empresa\Config\setup_precio_compra.php(31): PDO->query('SHOW COLUMNS FR...')
#1 C:\xampp\htdocs\nombre_de_empresa\Config\database.php(260): require_once('C:\\xampp\\htdocs...')
#2 C:\xampp\htdocs\nombre_de_empresa\Controllers\CreditosController.php(9): require_once('C:\\xampp\\htdocs...')
#3 {main}
[29-Sep-2026 20:38:59 America/Bogota] PRECIO_COMPRA: Lock existe - No se requiere migración
[29-Sep-2026 20:38:59 America/Bogota] === INICIO SETUP PRECIO_COMPRA ===
[29-Sep-2026 20:38:59 America/Bogota] ❌ ERROR: SQLSTATE[HY000]: General error: 1 near "SHOW": syntax error
[29-Sep-2026 20:38:59 America/Bogota] Stack: #0 C:\xampp\htdocs\nombre_de_empresa\Config\setup_precio_compra.php(31): PDO->query('SHOW COLUMNS FR...')
#1 C:\xampp\htdocs\nombre_de_empresa\Config\database.php(260): require_once('C:\\xampp\\htdocs...')
#2 C:\xampp\htdocs\nombre_de_empresa\Controllers\CreditosController.php(9): require_once('C:\\xampp\\htdocs...')
#3 {main}
[29-Sep-2026 20:38:59 America/Bogota] ========== LISTAR CREDITOS DEBUG ==========
[29-Sep-2026 20:38:59 America/Bogota] Empresa ID: 1
[29-Sep-2026 20:38:59 America/Bogota] Total créditos en BD: 8
[29-Sep-2026 20:38:59 America/Bogota] Primeros 3 IDs: ["24","23","22"]
[29-Sep-2026 20:38:59 America/Bogota] Después de mapear: 8
[29-Sep-2026 20:38:59 America/Bogota] ========== FIN LISTAR CREDITOS DEBUG ==========
[29-Sep-2026 20:39:00 America/Bogota] PRECIO_COMPRA: Lock existe - No se requiere migración
[29-Sep-2026 20:39:00 America/Bogota] === INICIO SETUP PRECIO_COMPRA ===
[29-Sep-2026 20:39:00 America/Bogota] ❌ ERROR: SQLSTATE[HY000]: General error: 1 near "SHOW": syntax error
[29-Sep-2026 20:39:00 America/Bogota] Stack: #0 C:\xampp\htdocs\nombre_de_empresa\Config\setup_precio_compra.php(31): PDO->query('SHOW COLUMNS FR...')
#1 C:\xampp\htdocs\nombre_de_empresa\Config\database.php(260): require_once('C:\\xampp\\htdocs...')
#2 C:\xampp\htdocs\nombre_de_empresa\Controllers\CreditosController.php(9): require_once('C:\\xampp\\htdocs...')
#3 {main}
[29-Sep-2026 20:39:00 America/Bogota] ========== LISTAR CREDITOS DEBUG ==========
[29-Sep-2026 20:39:00 America/Bogota] Empresa ID: 1
[29-Sep-2026 20:39:00 America/Bogota] Total créditos en BD: 8
[29-Sep-2026 20:39:00 America/Bogota] Primeros 3 IDs: ["24","23","22"]
[29-Sep-2026 20:39:00 America/Bogota] Después de mapear: 8
[29-Sep-2026 20:39:00 America/Bogota] ========== FIN LISTAR CREDITOS DEBUG ==========
[29-Sep-2026 20:39:00 America/Bogota] PRECIO_COMPRA: Lock existe - No se requiere migración
[29-Sep-2026 20:39:00 America/Bogota] === INICIO SETUP PRECIO_COMPRA ===
[29-Sep-2026 20:39:00 America/Bogota] ❌ ERROR: SQLSTATE[HY000]: General error: 1 near "SHOW": syntax error
[29-Sep-2026 20:39:00 America/Bogota] Stack: #0 C:\xampp\htdocs\nombre_de_empresa\Config\setup_precio_compra.php(31): PDO->query('SHOW COLUMNS FR...')
#1 C:\xampp\htdocs\nombre_de_empresa\Config\database.php(260): require_once('C:\\xampp\\htdocs...')
#2 C:\xampp\htdocs\nombre_de_empresa\Controllers\CreditosController.php(9): require_once('C:\\xampp\\htdocs...')
#3 {main}
[29-Sep-2026 20:40:29 America/Bogota] PRECIO_COMPRA: Lock existe - No se requiere migración
[29-Sep-2026 20:40:29 America/Bogota] === INICIO SETUP PRECIO_COMPRA ===
[29-Sep-2026 20:40:29 America/Bogota] ❌ ERROR: SQLSTATE[HY000]: General error: 1 near "SHOW": syntax error
[29-Sep-2026 20:40:29 America/Bogota] Stack: #0 C:\xampp\htdocs\nombre_de_empresa\Config\setup_precio_compra.php(31): PDO->query('SHOW COLUMNS FR...')
#1 C:\xampp\htdocs\nombre_de_empresa\Config\database.php(260): require_once('C:\\xampp\\htdocs...')
#2 C:\xampp\htdocs\nombre_de_empresa\Controllers\CreditosController.php(9): require_once('C:\\xampp\\htdocs...')
#3 {main}
[29-Sep-2026 20:40:29 America/Bogota] ========== LISTAR CREDITOS DEBUG ==========
[29-Sep-2026 20:40:29 America/Bogota] Empresa ID: 1
[29-Sep-2026 20:40:29 America/Bogota] Total créditos en BD: 8
[29-Sep-2026 20:40:29 America/Bogota] Primeros 3 IDs: ["24","23","22"]
[29-Sep-2026 20:40:29 America/Bogota] Después de mapear: 8
[29-Sep-2026 20:40:29 America/Bogota] ========== FIN LISTAR CREDITOS DEBUG ==========
[29-Sep-2026 20:40:29 America/Bogota] PRECIO_COMPRA: Lock existe - No se requiere migración
[29-Sep-2026 20:40:29 America/Bogota] === INICIO SETUP PRECIO_COMPRA ===
[29-Sep-2026 20:40:29 America/Bogota] ❌ ERROR: SQLSTATE[HY000]: General error: 1 near "SHOW": syntax error
[29-Sep-2026 20:40:29 America/Bogota] Stack: #0 C:\xampp\htdocs\nombre_de_empresa\Config\setup_precio_compra.php(31): PDO->query('SHOW COLUMNS FR...')
#1 C:\xampp\htdocs\nombre_de_empresa\Config\database.php(260): require_once('C:\\xampp\\htdocs...')
#2 C:\xampp\htdocs\nombre_de_empresa\Controllers\CreditosController.php(9): require_once('C:\\xampp\\htdocs...')
#3 {main}
[29-Sep-2026 20:40:29 America/Bogota] ========== LISTAR CREDITOS DEBUG ==========
[29-Sep-2026 20:40:29 America/Bogota] Empresa ID: 1
[29-Sep-2026 20:40:29 America/Bogota] Total créditos en BD: 8
[29-Sep-2026 20:40:29 America/Bogota] Primeros 3 IDs: ["24","23","22"]
[29-Sep-2026 20:40:29 America/Bogota] Después de mapear: 8
[29-Sep-2026 20:40:29 America/Bogota] ========== FIN LISTAR CREDITOS DEBUG ==========
[29-Sep-2026 20:40:29 America/Bogota] PRECIO_COMPRA: Lock existe - No se requiere migración
[29-Sep-2026 20:40:29 America/Bogota] === INICIO SETUP PRECIO_COMPRA ===
[29-Sep-2026 20:40:29 America/Bogota] ❌ ERROR: SQLSTATE[HY000]: General error: 1 near "SHOW": syntax error
[29-Sep-2026 20:40:29 America/Bogota] Stack: #0 C:\xampp\htdocs\nombre_de_empresa\Config\setup_precio_compra.php(31): PDO->query('SHOW COLUMNS FR...')
#1 C:\xampp\htdocs\nombre_de_empresa\Config\database.php(260): require_once('C:\\xampp\\htdocs...')
#2 C:\xampp\htdocs\nombre_de_empresa\Controllers\CreditosController.php(9): require_once('C:\\xampp\\htdocs...')
#3 {main}
[29-Sep-2026 20:40:32 America/Bogota] PRECIO_COMPRA: Lock existe - No se requiere migración
[29-Sep-2026 20:40:32 America/Bogota] === INICIO SETUP PRECIO_COMPRA ===
[29-Sep-2026 20:40:32 America/Bogota] ❌ ERROR: SQLSTATE[HY000]: General error: 1 near "SHOW": syntax error
[29-Sep-2026 20:40:32 America/Bogota] Stack: #0 C:\xampp\htdocs\nombre_de_empresa\Config\setup_precio_compra.php(31): PDO->query('SHOW COLUMNS FR...')
#1 C:\xampp\htdocs\nombre_de_empresa\Config\database.php(260): require_once('C:\\xampp\\htdocs...')
#2 C:\xampp\htdocs\nombre_de_empresa\Controllers\CreditosController.php(9): require_once('C:\\xampp\\htdocs...')
#3 {main}
[29-Sep-2026 20:40:32 America/Bogota] ========== LISTAR CREDITOS DEBUG ==========
[29-Sep-2026 20:40:32 America/Bogota] Empresa ID: 1
[29-Sep-2026 20:40:32 America/Bogota] Total créditos en BD: 8
[29-Sep-2026 20:40:32 America/Bogota] Primeros 3 IDs: ["24","23","22"]
[29-Sep-2026 20:40:32 America/Bogota] Después de mapear: 8
[29-Sep-2026 20:40:32 America/Bogota] ========== FIN LISTAR CREDITOS DEBUG ==========
[29-Sep-2026 20:40:32 America/Bogota] PRECIO_COMPRA: Lock existe - No se requiere migración
[29-Sep-2026 20:40:32 America/Bogota] === INICIO SETUP PRECIO_COMPRA ===
[29-Sep-2026 20:40:32 America/Bogota] ❌ ERROR: SQLSTATE[HY000]: General error: 1 near "SHOW": syntax error
[29-Sep-2026 20:40:32 America/Bogota] Stack: #0 C:\xampp\htdocs\nombre_de_empresa\Config\setup_precio_compra.php(31): PDO->query('SHOW COLUMNS FR...')
#1 C:\xampp\htdocs\nombre_de_empresa\Config\database.php(260): require_once('C:\\xampp\\htdocs...')
#2 C:\xampp\htdocs\nombre_de_empresa\Controllers\CreditosController.php(9): require_once('C:\\xampp\\htdocs...')
#3 {main}
[29-Sep-2026 20:40:32 America/Bogota] ========== LISTAR CREDITOS DEBUG ==========
[29-Sep-2026 20:40:32 America/Bogota] Empresa ID: 1
[29-Sep-2026 20:40:32 America/Bogota] Total créditos en BD: 8
[29-Sep-2026 20:40:32 America/Bogota] Primeros 3 IDs: ["24","23","22"]
[29-Sep-2026 20:40:32 America/Bogota] Después de mapear: 8
[29-Sep-2026 20:40:32 America/Bogota] ========== FIN LISTAR CREDITOS DEBUG ==========
[29-Sep-2026 20:40:32 America/Bogota] PRECIO_COMPRA: Lock existe - No se requiere migración
[29-Sep-2026 20:40:32 America/Bogota] === INICIO SETUP PRECIO_COMPRA ===
[29-Sep-2026 20:40:32 America/Bogota] ❌ ERROR: SQLSTATE[HY000]: General error: 1 near "SHOW": syntax error
[29-Sep-2026 20:40:32 America/Bogota] Stack: #0 C:\xampp\htdocs\nombre_de_empresa\Config\setup_precio_compra.php(31): PDO->query('SHOW COLUMNS FR...')
#1 C:\xampp\htdocs\nombre_de_empresa\Config\database.php(260): require_once('C:\\xampp\\htdocs...')
#2 C:\xampp\htdocs\nombre_de_empresa\Controllers\CreditosController.php(9): require_once('C:\\xampp\\htdocs...')
#3 {main}
[29-Sep-2026 20:40:39 America/Bogota] PRECIO_COMPRA: Lock existe - No se requiere migración
[29-Sep-2026 20:40:39 America/Bogota] === INICIO SETUP PRECIO_COMPRA ===
[29-Sep-2026 20:40:39 America/Bogota] ❌ ERROR: SQLSTATE[HY000]: General error: 1 near "SHOW": syntax error
[29-Sep-2026 20:40:39 America/Bogota] Stack: #0 C:\xampp\htdocs\nombre_de_empresa\Config\setup_precio_compra.php(31): PDO->query('SHOW COLUMNS FR...')
#1 C:\xampp\htdocs\nombre_de_empresa\Config\database.php(260): require_once('C:\\xampp\\htdocs...')
#2 C:\xampp\htdocs\nombre_de_empresa\Controllers\CreditosController.php(9): require_once('C:\\xampp\\htdocs...')
#3 {main}
[29-Sep-2026 20:40:42 America/Bogota] PRECIO_COMPRA: Lock existe - No se requiere migración
[29-Sep-2026 20:40:42 America/Bogota] === INICIO SETUP PRECIO_COMPRA ===
[29-Sep-2026 20:40:42 America/Bogota] ❌ ERROR: SQLSTATE[HY000]: General error: 1 near "SHOW": syntax error
[29-Sep-2026 20:40:42 America/Bogota] Stack: #0 C:\xampp\htdocs\nombre_de_empresa\Config\setup_precio_compra.php(31): PDO->query('SHOW COLUMNS FR...')
#1 C:\xampp\htdocs\nombre_de_empresa\Config\database.php(260): require_once('C:\\xampp\\htdocs...')
#2 C:\xampp\htdocs\nombre_de_empresa\Controllers\CreditosController.php(9): require_once('C:\\xampp\\htdocs...')
#3 {main}
[29-Sep-2026 20:40:42 America/Bogota] ========== LISTAR CREDITOS DEBUG ==========
[29-Sep-2026 20:40:42 America/Bogota] Empresa ID: 1
[29-Sep-2026 20:40:42 America/Bogota] Total créditos en BD: 7
[29-Sep-2026 20:40:42 America/Bogota] Primeros 3 IDs: ["24","23","22"]
[29-Sep-2026 20:40:42 America/Bogota] Después de mapear: 7
[29-Sep-2026 20:40:42 America/Bogota] ========== FIN LISTAR CREDITOS DEBUG ==========
[29-Sep-2026 20:40:42 America/Bogota] PRECIO_COMPRA: Lock existe - No se requiere migración
[29-Sep-2026 20:40:42 America/Bogota] === INICIO SETUP PRECIO_COMPRA ===
[29-Sep-2026 20:40:42 America/Bogota] ❌ ERROR: SQLSTATE[HY000]: General error: 1 near "SHOW": syntax error
[29-Sep-2026 20:40:42 America/Bogota] Stack: #0 C:\xampp\htdocs\nombre_de_empresa\Config\setup_precio_compra.php(31): PDO->query('SHOW COLUMNS FR...')
#1 C:\xampp\htdocs\nombre_de_empresa\Config\database.php(260): require_once('C:\\xampp\\htdocs...')
#2 C:\xampp\htdocs\nombre_de_empresa\Controllers\CreditosController.php(9): require_once('C:\\xampp\\htdocs...')
#3 {main}
[29-Sep-2026 20:40:42 America/Bogota] ========== LISTAR CREDITOS DEBUG ==========
[29-Sep-2026 20:40:42 America/Bogota] Empresa ID: 1
[29-Sep-2026 20:40:42 America/Bogota] Total créditos en BD: 7
[29-Sep-2026 20:40:42 America/Bogota] Primeros 3 IDs: ["24","23","22"]
[29-Sep-2026 20:40:42 America/Bogota] Después de mapear: 7
[29-Sep-2026 20:40:42 America/Bogota] ========== FIN LISTAR CREDITOS DEBUG ==========
[29-Sep-2026 20:40:43 America/Bogota] PRECIO_COMPRA: Lock existe - No se requiere migración
[29-Sep-2026 20:40:43 America/Bogota] === INICIO SETUP PRECIO_COMPRA ===
[29-Sep-2026 20:40:43 America/Bogota] ❌ ERROR: SQLSTATE[HY000]: General error: 1 near "SHOW": syntax error
[29-Sep-2026 20:40:43 America/Bogota] Stack: #0 C:\xampp\htdocs\nombre_de_empresa\Config\setup_precio_compra.php(31): PDO->query('SHOW COLUMNS FR...')
#1 C:\xampp\htdocs\nombre_de_empresa\Config\database.php(260): require_once('C:\\xampp\\htdocs...')
#2 C:\xampp\htdocs\nombre_de_empresa\Controllers\CreditosController.php(9): require_once('C:\\xampp\\htdocs...')
#3 {main}
[29-Sep-2026 20:41:46 America/Bogota] PRECIO_COMPRA: Lock existe - No se requiere migración
[29-Sep-2026 20:41:46 America/Bogota] === INICIO SETUP PRECIO_COMPRA ===
[29-Sep-2026 20:41:46 America/Bogota] ❌ ERROR: SQLSTATE[HY000]: General error: 1 near "SHOW": syntax error
[29-Sep-2026 20:41:46 America/Bogota] Stack: #0 C:\xampp\htdocs\nombre_de_empresa\Config\setup_precio_compra.php(31): PDO->query('SHOW COLUMNS FR...')
#1 C:\xampp\htdocs\nombre_de_empresa\Config\database.php(273): require_once('C:\\xampp\\htdocs...')
#2 C:\xampp\htdocs\nombre_de_empresa\Controllers\CreditosController.php(9): require_once('C:\\xampp\\htdocs...')
#3 {main}
[29-Sep-2026 20:41:46 America/Bogota] ========== LISTAR CREDITOS DEBUG ==========
[29-Sep-2026 20:41:46 America/Bogota] Empresa ID: 1
[29-Sep-2026 20:41:46 America/Bogota] Total créditos en BD: 7
[29-Sep-2026 20:41:46 America/Bogota] Primeros 3 IDs: ["24","23","22"]
[29-Sep-2026 20:41:46 America/Bogota] Después de mapear: 7
[29-Sep-2026 20:41:46 America/Bogota] ========== FIN LISTAR CREDITOS DEBUG ==========
[29-Sep-2026 20:41:46 America/Bogota] PRECIO_COMPRA: Lock existe - No se requiere migración
[29-Sep-2026 20:41:46 America/Bogota] === INICIO SETUP PRECIO_COMPRA ===
[29-Sep-2026 20:41:46 America/Bogota] ❌ ERROR: SQLSTATE[HY000]: General error: 1 near "SHOW": syntax error
[29-Sep-2026 20:41:46 America/Bogota] Stack: #0 C:\xampp\htdocs\nombre_de_empresa\Config\setup_precio_compra.php(31): PDO->query('SHOW COLUMNS FR...')
#1 C:\xampp\htdocs\nombre_de_empresa\Config\database.php(273): require_once('C:\\xampp\\htdocs...')
#2 C:\xampp\htdocs\nombre_de_empresa\Controllers\CreditosController.php(9): require_once('C:\\xampp\\htdocs...')
#3 {main}
[29-Sep-2026 20:41:46 America/Bogota] ========== LISTAR CREDITOS DEBUG ==========
[29-Sep-2026 20:41:46 America/Bogota] Empresa ID: 1
[29-Sep-2026 20:41:46 America/Bogota] Total créditos en BD: 7
[29-Sep-2026 20:41:46 America/Bogota] Primeros 3 IDs: ["24","23","22"]
[29-Sep-2026 20:41:46 America/Bogota] Después de mapear: 7
[29-Sep-2026 20:41:46 America/Bogota] ========== FIN LISTAR CREDITOS DEBUG ==========
[29-Sep-2026 20:41:46 America/Bogota] PRECIO_COMPRA: Lock existe - No se requiere migración
[29-Sep-2026 20:41:46 America/Bogota] === INICIO SETUP PRECIO_COMPRA ===
[29-Sep-2026 20:41:46 America/Bogota] ❌ ERROR: SQLSTATE[HY000]: General error: 1 near "SHOW": syntax error
[29-Sep-2026 20:41:46 America/Bogota] Stack: #0 C:\xampp\htdocs\nombre_de_empresa\Config\setup_precio_compra.php(31): PDO->query('SHOW COLUMNS FR...')
#1 C:\xampp\htdocs\nombre_de_empresa\Config\database.php(273): require_once('C:\\xampp\\htdocs...')
#2 C:\xampp\htdocs\nombre_de_empresa\Controllers\CreditosController.php(9): require_once('C:\\xampp\\htdocs...')
#3 {main}
[29-Sep-2026 20:41:48 America/Bogota] PRECIO_COMPRA: Lock existe - No se requiere migración
[29-Sep-2026 20:41:48 America/Bogota] === INICIO SETUP PRECIO_COMPRA ===
[29-Sep-2026 20:41:48 America/Bogota] ❌ ERROR: SQLSTATE[HY000]: General error: 1 near "SHOW": syntax error
[29-Sep-2026 20:41:48 America/Bogota] Stack: #0 C:\xampp\htdocs\nombre_de_empresa\Config\setup_precio_compra.php(31): PDO->query('SHOW COLUMNS FR...')
#1 C:\xampp\htdocs\nombre_de_empresa\Config\database.php(273): require_once('C:\\xampp\\htdocs...')
#2 C:\xampp\htdocs\nombre_de_empresa\Controllers\CreditosController.php(9): require_once('C:\\xampp\\htdocs...')
#3 {main}
[29-Sep-2026 20:41:50 America/Bogota] PRECIO_COMPRA: Lock existe - No se requiere migración
[29-Sep-2026 20:41:50 America/Bogota] === INICIO SETUP PRECIO_COMPRA ===
[29-Sep-2026 20:41:50 America/Bogota] ❌ ERROR: SQLSTATE[HY000]: General error: 1 near "SHOW": syntax error
[29-Sep-2026 20:41:50 America/Bogota] Stack: #0 C:\xampp\htdocs\nombre_de_empresa\Config\setup_precio_compra.php(31): PDO->query('SHOW COLUMNS FR...')
#1 C:\xampp\htdocs\nombre_de_empresa\Config\database.php(273): require_once('C:\\xampp\\htdocs...')
#2 C:\xampp\htdocs\nombre_de_empresa\Controllers\CreditosController.php(9): require_once('C:\\xampp\\htdocs...')
#3 {main}
[29-Sep-2026 20:41:50 America/Bogota] ========== LISTAR CREDITOS DEBUG ==========
[29-Sep-2026 20:41:50 America/Bogota] Empresa ID: 1
[29-Sep-2026 20:41:50 America/Bogota] Total créditos en BD: 6
[29-Sep-2026 20:41:50 America/Bogota] Primeros 3 IDs: ["24","23","22"]
[29-Sep-2026 20:41:50 America/Bogota] Después de mapear: 6
[29-Sep-2026 20:41:50 America/Bogota] ========== FIN LISTAR CREDITOS DEBUG ==========
[29-Sep-2026 20:41:50 America/Bogota] PRECIO_COMPRA: Lock existe - No se requiere migración
[29-Sep-2026 20:41:50 America/Bogota] === INICIO SETUP PRECIO_COMPRA ===
[29-Sep-2026 20:41:50 America/Bogota] ❌ ERROR: SQLSTATE[HY000]: General error: 1 near "SHOW": syntax error
[29-Sep-2026 20:41:50 America/Bogota] Stack: #0 C:\xampp\htdocs\nombre_de_empresa\Config\setup_precio_compra.php(31): PDO->query('SHOW COLUMNS FR...')
#1 C:\xampp\htdocs\nombre_de_empresa\Config\database.php(273): require_once('C:\\xampp\\htdocs...')
#2 C:\xampp\htdocs\nombre_de_empresa\Controllers\CreditosController.php(9): require_once('C:\\xampp\\htdocs...')
#3 {main}
[29-Sep-2026 20:41:50 America/Bogota] ========== LISTAR CREDITOS DEBUG ==========
[29-Sep-2026 20:41:50 America/Bogota] Empresa ID: 1
[29-Sep-2026 20:41:50 America/Bogota] Total créditos en BD: 6
[29-Sep-2026 20:41:50 America/Bogota] Primeros 3 IDs: ["24","23","22"]
[29-Sep-2026 20:41:50 America/Bogota] Después de mapear: 6
[29-Sep-2026 20:41:50 America/Bogota] ========== FIN LISTAR CREDITOS DEBUG ==========
[29-Sep-2026 20:41:50 America/Bogota] PRECIO_COMPRA: Lock existe - No se requiere migración
[29-Sep-2026 20:41:50 America/Bogota] === INICIO SETUP PRECIO_COMPRA ===
[29-Sep-2026 20:41:50 America/Bogota] ❌ ERROR: SQLSTATE[HY000]: General error: 1 near "SHOW": syntax error
[29-Sep-2026 20:41:50 America/Bogota] Stack: #0 C:\xampp\htdocs\nombre_de_empresa\Config\setup_precio_compra.php(31): PDO->query('SHOW COLUMNS FR...')
#1 C:\xampp\htdocs\nombre_de_empresa\Config\database.php(273): require_once('C:\\xampp\\htdocs...')
#2 C:\xampp\htdocs\nombre_de_empresa\Controllers\CreditosController.php(9): require_once('C:\\xampp\\htdocs...')
#3 {main}
[29-Sep-2026 20:42:56 America/Bogota] PRECIO_COMPRA: Lock existe - No se requiere migración
[29-Sep-2026 20:42:56 America/Bogota] === INICIO SETUP PRECIO_COMPRA ===
[29-Sep-2026 20:42:56 America/Bogota] ❌ ERROR: SQLSTATE[HY000]: General error: 1 near "SHOW": syntax error
[29-Sep-2026 20:42:56 America/Bogota] Stack: #0 C:\xampp\htdocs\nombre_de_empresa\Config\setup_precio_compra.php(31): PDO->query('SHOW COLUMNS FR...')
#1 C:\xampp\htdocs\nombre_de_empresa\Config\database.php(273): require_once('C:\\xampp\\htdocs...')
#2 C:\xampp\htdocs\nombre_de_empresa\Controllers\CreditosController.php(9): require_once('C:\\xampp\\htdocs...')
#3 {main}
[29-Sep-2026 20:42:56 America/Bogota] ========== LISTAR CREDITOS DEBUG ==========
[29-Sep-2026 20:42:56 America/Bogota] Empresa ID: 1
[29-Sep-2026 20:42:56 America/Bogota] Total créditos en BD: 6
[29-Sep-2026 20:42:56 America/Bogota] Primeros 3 IDs: ["24","23","22"]
[29-Sep-2026 20:42:56 America/Bogota] Después de mapear: 6
[29-Sep-2026 20:42:56 America/Bogota] ========== FIN LISTAR CREDITOS DEBUG ==========
[29-Sep-2026 20:42:56 America/Bogota] PRECIO_COMPRA: Lock existe - No se requiere migración
[29-Sep-2026 20:42:56 America/Bogota] === INICIO SETUP PRECIO_COMPRA ===
[29-Sep-2026 20:42:56 America/Bogota] ❌ ERROR: SQLSTATE[HY000]: General error: 1 near "SHOW": syntax error
[29-Sep-2026 20:42:56 America/Bogota] Stack: #0 C:\xampp\htdocs\nombre_de_empresa\Config\setup_precio_compra.php(31): PDO->query('SHOW COLUMNS FR...')
#1 C:\xampp\htdocs\nombre_de_empresa\Config\database.php(273): require_once('C:\\xampp\\htdocs...')
#2 C:\xampp\htdocs\nombre_de_empresa\Controllers\CreditosController.php(9): require_once('C:\\xampp\\htdocs...')
#3 {main}
[29-Sep-2026 20:42:56 America/Bogota] ========== LISTAR CREDITOS DEBUG ==========
[29-Sep-2026 20:42:56 America/Bogota] Empresa ID: 1
[29-Sep-2026 20:42:56 America/Bogota] Total créditos en BD: 6
[29-Sep-2026 20:42:56 America/Bogota] Primeros 3 IDs: ["24","23","22"]
[29-Sep-2026 20:42:56 America/Bogota] Después de mapear: 6
[29-Sep-2026 20:42:56 America/Bogota] ========== FIN LISTAR CREDITOS DEBUG ==========
[29-Sep-2026 20:42:56 America/Bogota] PRECIO_COMPRA: Lock existe - No se requiere migración
[29-Sep-2026 20:42:56 America/Bogota] === INICIO SETUP PRECIO_COMPRA ===
[29-Sep-2026 20:42:56 America/Bogota] ❌ ERROR: SQLSTATE[HY000]: General error: 1 near "SHOW": syntax error
[29-Sep-2026 20:42:56 America/Bogota] Stack: #0 C:\xampp\htdocs\nombre_de_empresa\Config\setup_precio_compra.php(31): PDO->query('SHOW COLUMNS FR...')
#1 C:\xampp\htdocs\nombre_de_empresa\Config\database.php(273): require_once('C:\\xampp\\htdocs...')
#2 C:\xampp\htdocs\nombre_de_empresa\Controllers\CreditosController.php(9): require_once('C:\\xampp\\htdocs...')
#3 {main}
[29-Sep-2026 20:45:37 America/Bogota] PRECIO_COMPRA: Lock existe - No se requiere migración
[29-Sep-2026 20:45:37 America/Bogota] === INICIO SETUP PRECIO_COMPRA ===
[29-Sep-2026 20:45:37 America/Bogota] ❌ ERROR: SQLSTATE[HY000]: General error: 1 near "SHOW": syntax error
[29-Sep-2026 20:45:37 America/Bogota] Stack: #0 C:\xampp\htdocs\nombre_de_empresa\Config\setup_precio_compra.php(31): PDO->query('SHOW COLUMNS FR...')
#1 C:\xampp\htdocs\nombre_de_empresa\Config\database.php(273): require_once('C:\\xampp\\htdocs...')
#2 C:\xampp\htdocs\nombre_de_empresa\Controllers\CreditosController.php(9): require_once('C:\\xampp\\htdocs...')
#3 {main}
[29-Sep-2026 20:45:37 America/Bogota] ========== LISTAR CREDITOS DEBUG ==========
[29-Sep-2026 20:45:37 America/Bogota] Empresa ID: 1
[29-Sep-2026 20:45:37 America/Bogota] Total créditos en BD: 6
[29-Sep-2026 20:45:37 America/Bogota] IDs en BD: ["24","23","22","21","20","19"]
[29-Sep-2026 20:45:37 America/Bogota] Estados en BD: ["pagado","pagado","pagado","pagado","pagado","pagado"]
[29-Sep-2026 20:45:37 America/Bogota] Saldos en BD: ["0","0","0","0","0","0"]
[29-Sep-2026 20:45:37 America/Bogota] Después de mapear: 6
[29-Sep-2026 20:45:37 America/Bogota] ========== FIN LISTAR CREDITOS DEBUG ==========
[29-Sep-2026 20:45:37 America/Bogota] Después de agrupar por cliente: 1 créditos
[29-Sep-2026 20:45:37 America/Bogota] IDs finales: [24]
[29-Sep-2026 20:45:38 America/Bogota] PRECIO_COMPRA: Lock existe - No se requiere migración
[29-Sep-2026 20:45:38 America/Bogota] === INICIO SETUP PRECIO_COMPRA ===
[29-Sep-2026 20:45:38 America/Bogota] ❌ ERROR: SQLSTATE[HY000]: General error: 1 near "SHOW": syntax error
[29-Sep-2026 20:45:38 America/Bogota] Stack: #0 C:\xampp\htdocs\nombre_de_empresa\Config\setup_precio_compra.php(31): PDO->query('SHOW COLUMNS FR...')
#1 C:\xampp\htdocs\nombre_de_empresa\Config\database.php(273): require_once('C:\\xampp\\htdocs...')
#2 C:\xampp\htdocs\nombre_de_empresa\Controllers\CreditosController.php(9): require_once('C:\\xampp\\htdocs...')
#3 {main}
[29-Sep-2026 20:45:38 America/Bogota] ========== LISTAR CREDITOS DEBUG ==========
[29-Sep-2026 20:45:38 America/Bogota] Empresa ID: 1
[29-Sep-2026 20:45:38 America/Bogota] Total créditos en BD: 6
[29-Sep-2026 20:45:38 America/Bogota] IDs en BD: ["24","23","22","21","20","19"]
[29-Sep-2026 20:45:38 America/Bogota] Estados en BD: ["pagado","pagado","pagado","pagado","pagado","pagado"]
[29-Sep-2026 20:45:38 America/Bogota] Saldos en BD: ["0","0","0","0","0","0"]
[29-Sep-2026 20:45:38 America/Bogota] Después de mapear: 6
[29-Sep-2026 20:45:38 America/Bogota] ========== FIN LISTAR CREDITOS DEBUG ==========
[29-Sep-2026 20:45:38 America/Bogota] Después de agrupar por cliente: 1 créditos
[29-Sep-2026 20:45:38 America/Bogota] IDs finales: [24]
[29-Sep-2026 20:45:38 America/Bogota] PRECIO_COMPRA: Lock existe - No se requiere migración
[29-Sep-2026 20:45:38 America/Bogota] === INICIO SETUP PRECIO_COMPRA ===
[29-Sep-2026 20:45:38 America/Bogota] ❌ ERROR: SQLSTATE[HY000]: General error: 1 near "SHOW": syntax error
[29-Sep-2026 20:45:38 America/Bogota] Stack: #0 C:\xampp\htdocs\nombre_de_empresa\Config\setup_precio_compra.php(31): PDO->query('SHOW COLUMNS FR...')
#1 C:\xampp\htdocs\nombre_de_empresa\Config\database.php(273): require_once('C:\\xampp\\htdocs...')
#2 C:\xampp\htdocs\nombre_de_empresa\Controllers\CreditosController.php(9): require_once('C:\\xampp\\htdocs...')
#3 {main}
[29-Sep-2026 20:45:40 America/Bogota] PRECIO_COMPRA: Lock existe - No se requiere migración
[29-Sep-2026 20:45:40 America/Bogota] === INICIO SETUP PRECIO_COMPRA ===
[29-Sep-2026 20:45:40 America/Bogota] ❌ ERROR: SQLSTATE[HY000]: General error: 1 near "SHOW": syntax error
[29-Sep-2026 20:45:40 America/Bogota] Stack: #0 C:\xampp\htdocs\nombre_de_empresa\Config\setup_precio_compra.php(31): PDO->query('SHOW COLUMNS FR...')
#1 C:\xampp\htdocs\nombre_de_empresa\Config\database.php(273): require_once('C:\\xampp\\htdocs...')
#2 C:\xampp\htdocs\nombre_de_empresa\Controllers\CreditosController.php(9): require_once('C:\\xampp\\htdocs...')
#3 {main}
[29-Sep-2026 20:45:42 America/Bogota] PRECIO_COMPRA: Lock existe - No se requiere migración
[29-Sep-2026 20:45:42 America/Bogota] === INICIO SETUP PRECIO_COMPRA ===
[29-Sep-2026 20:45:42 America/Bogota] ❌ ERROR: SQLSTATE[HY000]: General error: 1 near "SHOW": syntax error
[29-Sep-2026 20:45:42 America/Bogota] Stack: #0 C:\xampp\htdocs\nombre_de_empresa\Config\setup_precio_compra.php(31): PDO->query('SHOW COLUMNS FR...')
#1 C:\xampp\htdocs\nombre_de_empresa\Config\database.php(273): require_once('C:\\xampp\\htdocs...')
#2 C:\xampp\htdocs\nombre_de_empresa\Controllers\CreditosController.php(9): require_once('C:\\xampp\\htdocs...')
#3 {main}
[29-Sep-2026 20:45:42 America/Bogota] ========== LISTAR CREDITOS DEBUG ==========
[29-Sep-2026 20:45:42 America/Bogota] Empresa ID: 1
[29-Sep-2026 20:45:42 America/Bogota] Total créditos en BD: 5
[29-Sep-2026 20:45:42 America/Bogota] IDs en BD: ["24","23","22","21","20"]
[29-Sep-2026 20:45:42 America/Bogota] Estados en BD: ["pagado","pagado","pagado","pagado","pagado"]
[29-Sep-2026 20:45:42 America/Bogota] Saldos en BD: ["0","0","0","0","0"]
[29-Sep-2026 20:45:42 America/Bogota] Después de mapear: 5
[29-Sep-2026 20:45:42 America/Bogota] ========== FIN LISTAR CREDITOS DEBUG ==========
[29-Sep-2026 20:45:42 America/Bogota] Después de agrupar por cliente: 1 créditos
[29-Sep-2026 20:45:42 America/Bogota] IDs finales: [24]
[29-Sep-2026 20:45:42 America/Bogota] PRECIO_COMPRA: Lock existe - No se requiere migración
[29-Sep-2026 20:45:42 America/Bogota] === INICIO SETUP PRECIO_COMPRA ===
[29-Sep-2026 20:45:42 America/Bogota] ❌ ERROR: SQLSTATE[HY000]: General error: 1 near "SHOW": syntax error
[29-Sep-2026 20:45:42 America/Bogota] Stack: #0 C:\xampp\htdocs\nombre_de_empresa\Config\setup_precio_compra.php(31): PDO->query('SHOW COLUMNS FR...')
#1 C:\xampp\htdocs\nombre_de_empresa\Config\database.php(273): require_once('C:\\xampp\\htdocs...')
#2 C:\xampp\htdocs\nombre_de_empresa\Controllers\CreditosController.php(9): require_once('C:\\xampp\\htdocs...')
#3 {main}
[29-Sep-2026 20:45:42 America/Bogota] ========== LISTAR CREDITOS DEBUG ==========
[29-Sep-2026 20:45:42 America/Bogota] Empresa ID: 1
[29-Sep-2026 20:45:42 America/Bogota] Total créditos en BD: 5
[29-Sep-2026 20:45:42 America/Bogota] IDs en BD: ["24","23","22","21","20"]
[29-Sep-2026 20:45:42 America/Bogota] Estados en BD: ["pagado","pagado","pagado","pagado","pagado"]
[29-Sep-2026 20:45:42 America/Bogota] Saldos en BD: ["0","0","0","0","0"]
[29-Sep-2026 20:45:42 America/Bogota] Después de mapear: 5
[29-Sep-2026 20:45:42 America/Bogota] ========== FIN LISTAR CREDITOS DEBUG ==========
[29-Sep-2026 20:45:42 America/Bogota] Después de agrupar por cliente: 1 créditos
[29-Sep-2026 20:45:42 America/Bogota] IDs finales: [24]
[29-Sep-2026 20:45:42 America/Bogota] PRECIO_COMPRA: Lock existe - No se requiere migración
[29-Sep-2026 20:45:42 America/Bogota] === INICIO SETUP PRECIO_COMPRA ===
[29-Sep-2026 20:45:42 America/Bogota] ❌ ERROR: SQLSTATE[HY000]: General error: 1 near "SHOW": syntax error
[29-Sep-2026 20:45:42 America/Bogota] Stack: #0 C:\xampp\htdocs\nombre_de_empresa\Config\setup_precio_compra.php(31): PDO->query('SHOW COLUMNS FR...')
#1 C:\xampp\htdocs\nombre_de_empresa\Config\database.php(273): require_once('C:\\xampp\\htdocs...')
#2 C:\xampp\htdocs\nombre_de_empresa\Controllers\CreditosController.php(9): require_once('C:\\xampp\\htdocs...')
#3 {main}
[29-Sep-2026 20:45:43 America/Bogota] PRECIO_COMPRA: Lock existe - No se requiere migración
[29-Sep-2026 20:45:43 America/Bogota] === INICIO SETUP PRECIO_COMPRA ===
[29-Sep-2026 20:45:43 America/Bogota] ❌ ERROR: SQLSTATE[HY000]: General error: 1 near "SHOW": syntax error
[29-Sep-2026 20:45:43 America/Bogota] Stack: #0 C:\xampp\htdocs\nombre_de_empresa\Config\setup_precio_compra.php(31): PDO->query('SHOW COLUMNS FR...')
#1 C:\xampp\htdocs\nombre_de_empresa\Config\database.php(273): require_once('C:\\xampp\\htdocs...')
#2 C:\xampp\htdocs\nombre_de_empresa\Controllers\CreditosController.php(9): require_once('C:\\xampp\\htdocs...')
#3 {main}
[29-Sep-2026 20:45:43 America/Bogota] ========== LISTAR CREDITOS DEBUG ==========
[29-Sep-2026 20:45:43 America/Bogota] Empresa ID: 1
[29-Sep-2026 20:45:43 America/Bogota] Total créditos en BD: 5
[29-Sep-2026 20:45:43 America/Bogota] IDs en BD: ["24","23","22","21","20"]
[29-Sep-2026 20:45:43 America/Bogota] Estados en BD: ["pagado","pagado","pagado","pagado","pagado"]
[29-Sep-2026 20:45:43 America/Bogota] Saldos en BD: ["0","0","0","0","0"]
[29-Sep-2026 20:45:43 America/Bogota] Después de mapear: 5
[29-Sep-2026 20:45:43 America/Bogota] ========== FIN LISTAR CREDITOS DEBUG ==========
[29-Sep-2026 20:45:43 America/Bogota] Después de agrupar por cliente: 1 créditos
[29-Sep-2026 20:45:43 America/Bogota] IDs finales: [24]
[29-Sep-2026 20:45:43 America/Bogota] PRECIO_COMPRA: Lock existe - No se requiere migración
[29-Sep-2026 20:45:43 America/Bogota] === INICIO SETUP PRECIO_COMPRA ===
[29-Sep-2026 20:45:43 America/Bogota] ❌ ERROR: SQLSTATE[HY000]: General error: 1 near "SHOW": syntax error
[29-Sep-2026 20:45:43 America/Bogota] Stack: #0 C:\xampp\htdocs\nombre_de_empresa\Config\setup_precio_compra.php(31): PDO->query('SHOW COLUMNS FR...')
#1 C:\xampp\htdocs\nombre_de_empresa\Config\database.php(273): require_once('C:\\xampp\\htdocs...')
#2 C:\xampp\htdocs\nombre_de_empresa\Controllers\CreditosController.php(9): require_once('C:\\xampp\\htdocs...')
#3 {main}
[29-Sep-2026 20:45:43 America/Bogota] ========== LISTAR CREDITOS DEBUG ==========
[29-Sep-2026 20:45:43 America/Bogota] Empresa ID: 1
[29-Sep-2026 20:45:43 America/Bogota] Total créditos en BD: 5
[29-Sep-2026 20:45:43 America/Bogota] IDs en BD: ["24","23","22","21","20"]
[29-Sep-2026 20:45:43 America/Bogota] Estados en BD: ["pagado","pagado","pagado","pagado","pagado"]
[29-Sep-2026 20:45:43 America/Bogota] Saldos en BD: ["0","0","0","0","0"]
[29-Sep-2026 20:45:43 America/Bogota] Después de mapear: 5
[29-Sep-2026 20:45:43 America/Bogota] ========== FIN LISTAR CREDITOS DEBUG ==========
[29-Sep-2026 20:45:43 America/Bogota] Después de agrupar por cliente: 1 créditos
[29-Sep-2026 20:45:43 America/Bogota] IDs finales: [24]
[29-Sep-2026 20:45:43 America/Bogota] PRECIO_COMPRA: Lock existe - No se requiere migración
[29-Sep-2026 20:45:43 America/Bogota] === INICIO SETUP PRECIO_COMPRA ===
[29-Sep-2026 20:45:43 America/Bogota] ❌ ERROR: SQLSTATE[HY000]: General error: 1 near "SHOW": syntax error
[29-Sep-2026 20:45:43 America/Bogota] Stack: #0 C:\xampp\htdocs\nombre_de_empresa\Config\setup_precio_compra.php(31): PDO->query('SHOW COLUMNS FR...')
#1 C:\xampp\htdocs\nombre_de_empresa\Config\database.php(273): require_once('C:\\xampp\\htdocs...')
#2 C:\xampp\htdocs\nombre_de_empresa\Controllers\CreditosController.php(9): require_once('C:\\xampp\\htdocs...')
#3 {main}
[29-Sep-2026 20:45:45 America/Bogota] PRECIO_COMPRA: Lock existe - No se requiere migración
[29-Sep-2026 20:45:45 America/Bogota] === INICIO SETUP PRECIO_COMPRA ===
[29-Sep-2026 20:45:45 America/Bogota] ❌ ERROR: SQLSTATE[HY000]: General error: 1 near "SHOW": syntax error
[29-Sep-2026 20:45:45 America/Bogota] Stack: #0 C:\xampp\htdocs\nombre_de_empresa\Config\setup_precio_compra.php(31): PDO->query('SHOW COLUMNS FR...')
#1 C:\xampp\htdocs\nombre_de_empresa\Config\database.php(273): require_once('C:\\xampp\\htdocs...')
#2 C:\xampp\htdocs\nombre_de_empresa\Controllers\CreditosController.php(9): require_once('C:\\xampp\\htdocs...')
#3 {main}
[29-Sep-2026 20:45:46 America/Bogota] PRECIO_COMPRA: Lock existe - No se requiere migración
[29-Sep-2026 20:45:46 America/Bogota] === INICIO SETUP PRECIO_COMPRA ===
[29-Sep-2026 20:45:46 America/Bogota] ❌ ERROR: SQLSTATE[HY000]: General error: 1 near "SHOW": syntax error
[29-Sep-2026 20:45:46 America/Bogota] Stack: #0 C:\xampp\htdocs\nombre_de_empresa\Config\setup_precio_compra.php(31): PDO->query('SHOW COLUMNS FR...')
#1 C:\xampp\htdocs\nombre_de_empresa\Config\database.php(273): require_once('C:\\xampp\\htdocs...')
#2 C:\xampp\htdocs\nombre_de_empresa\Controllers\CreditosController.php(9): require_once('C:\\xampp\\htdocs...')
#3 {main}
[29-Sep-2026 20:45:46 America/Bogota] ========== LISTAR CREDITOS DEBUG ==========
[29-Sep-2026 20:45:46 America/Bogota] Empresa ID: 1
[29-Sep-2026 20:45:46 America/Bogota] Total créditos en BD: 0
[29-Sep-2026 20:45:46 America/Bogota] IDs en BD: []
[29-Sep-2026 20:45:46 America/Bogota] Estados en BD: []
[29-Sep-2026 20:45:46 America/Bogota] Saldos en BD: []
[29-Sep-2026 20:45:46 America/Bogota] Después de mapear: 0
[29-Sep-2026 20:45:46 America/Bogota] ========== FIN LISTAR CREDITOS DEBUG ==========
[29-Sep-2026 20:45:46 America/Bogota] Después de agrupar por cliente: 0 créditos
[29-Sep-2026 20:45:46 America/Bogota] IDs finales: []
[29-Sep-2026 20:45:48 America/Bogota] PRECIO_COMPRA: Lock existe - No se requiere migración
[29-Sep-2026 20:45:48 America/Bogota] === INICIO SETUP PRECIO_COMPRA ===
[29-Sep-2026 20:45:48 America/Bogota] ❌ ERROR: SQLSTATE[HY000]: General error: 1 near "SHOW": syntax error
[29-Sep-2026 20:45:48 America/Bogota] Stack: #0 C:\xampp\htdocs\nombre_de_empresa\Config\setup_precio_compra.php(31): PDO->query('SHOW COLUMNS FR...')
#1 C:\xampp\htdocs\nombre_de_empresa\Config\database.php(273): require_once('C:\\xampp\\htdocs...')
#2 C:\xampp\htdocs\nombre_de_empresa\Controllers\CreditosController.php(9): require_once('C:\\xampp\\htdocs...')
#3 {main}
[29-Sep-2026 20:45:48 America/Bogota] ========== LISTAR CREDITOS DEBUG ==========
[29-Sep-2026 20:45:48 America/Bogota] Empresa ID: 1
[29-Sep-2026 20:45:48 America/Bogota] Total créditos en BD: 0
[29-Sep-2026 20:45:48 America/Bogota] IDs en BD: []
[29-Sep-2026 20:45:48 America/Bogota] Estados en BD: []
[29-Sep-2026 20:45:48 America/Bogota] Saldos en BD: []
[29-Sep-2026 20:45:48 America/Bogota] Después de mapear: 0
[29-Sep-2026 20:45:48 America/Bogota] ========== FIN LISTAR CREDITOS DEBUG ==========
[29-Sep-2026 20:45:48 America/Bogota] Después de agrupar por cliente: 0 créditos
[29-Sep-2026 20:45:48 America/Bogota] IDs finales: []
[29-Sep-2026 20:45:48 America/Bogota] PRECIO_COMPRA: Lock existe - No se requiere migración
[29-Sep-2026 20:45:48 America/Bogota] === INICIO SETUP PRECIO_COMPRA ===
[29-Sep-2026 20:45:48 America/Bogota] ❌ ERROR: SQLSTATE[HY000]: General error: 1 near "SHOW": syntax error
[29-Sep-2026 20:45:48 America/Bogota] Stack: #0 C:\xampp\htdocs\nombre_de_empresa\Config\setup_precio_compra.php(31): PDO->query('SHOW COLUMNS FR...')
#1 C:\xampp\htdocs\nombre_de_empresa\Config\database.php(273): require_once('C:\\xampp\\htdocs...')
#2 C:\xampp\htdocs\nombre_de_empresa\Controllers\CreditosController.php(9): require_once('C:\\xampp\\htdocs...')
#3 {main}
[29-Sep-2026 20:45:48 America/Bogota] ========== LISTAR CREDITOS DEBUG ==========
[29-Sep-2026 20:45:48 America/Bogota] Empresa ID: 1
[29-Sep-2026 20:45:48 America/Bogota] Total créditos en BD: 0
[29-Sep-2026 20:45:48 America/Bogota] IDs en BD: []
[29-Sep-2026 20:45:48 America/Bogota] Estados en BD: []
[29-Sep-2026 20:45:48 America/Bogota] Saldos en BD: []
[29-Sep-2026 20:45:48 America/Bogota] Después de mapear: 0
[29-Sep-2026 20:45:48 America/Bogota] ========== FIN LISTAR CREDITOS DEBUG ==========
[29-Sep-2026 20:45:48 America/Bogota] Después de agrupar por cliente: 0 créditos
[29-Sep-2026 20:45:48 America/Bogota] IDs finales: []
[29-Sep-2026 20:45:49 America/Bogota] PRECIO_COMPRA: Lock existe - No se requiere migración
[29-Sep-2026 20:45:49 America/Bogota] === INICIO SETUP PRECIO_COMPRA ===
[29-Sep-2026 20:45:49 America/Bogota] ❌ ERROR: SQLSTATE[HY000]: General error: 1 near "SHOW": syntax error
[29-Sep-2026 20:45:49 America/Bogota] Stack: #0 C:\xampp\htdocs\nombre_de_empresa\Config\setup_precio_compra.php(31): PDO->query('SHOW COLUMNS FR...')
#1 C:\xampp\htdocs\nombre_de_empresa\Config\database.php(273): require_once('C:\\xampp\\htdocs...')
#2 C:\xampp\htdocs\nombre_de_empresa\Controllers\CreditosController.php(9): require_once('C:\\xampp\\htdocs...')
#3 {main}
[29-Sep-2026 20:45:49 America/Bogota] ========== LISTAR CREDITOS DEBUG ==========
[29-Sep-2026 20:45:49 America/Bogota] Empresa ID: 1
[29-Sep-2026 20:45:49 America/Bogota] Total créditos en BD: 0
[29-Sep-2026 20:45:49 America/Bogota] IDs en BD: []
[29-Sep-2026 20:45:49 America/Bogota] Estados en BD: []
[29-Sep-2026 20:45:49 America/Bogota] Saldos en BD: []
[29-Sep-2026 20:45:49 America/Bogota] Después de mapear: 0
[29-Sep-2026 20:45:49 America/Bogota] ========== FIN LISTAR CREDITOS DEBUG ==========
[29-Sep-2026 20:45:49 America/Bogota] Después de agrupar por cliente: 0 créditos
[29-Sep-2026 20:45:49 America/Bogota] IDs finales: []
[29-Sep-2026 20:45:49 America/Bogota] PRECIO_COMPRA: Lock existe - No se requiere migración
[29-Sep-2026 20:45:49 America/Bogota] === INICIO SETUP PRECIO_COMPRA ===
[29-Sep-2026 20:45:49 America/Bogota] ❌ ERROR: SQLSTATE[HY000]: General error: 1 near "SHOW": syntax error
[29-Sep-2026 20:45:49 America/Bogota] Stack: #0 C:\xampp\htdocs\nombre_de_empresa\Config\setup_precio_compra.php(31): PDO->query('SHOW COLUMNS FR...')
#1 C:\xampp\htdocs\nombre_de_empresa\Config\database.php(273): require_once('C:\\xampp\\htdocs...')
#2 C:\xampp\htdocs\nombre_de_empresa\Controllers\CreditosController.php(9): require_once('C:\\xampp\\htdocs...')
#3 {main}
[29-Sep-2026 20:45:49 America/Bogota] ========== LISTAR CREDITOS DEBUG ==========
[29-Sep-2026 20:45:49 America/Bogota] Empresa ID: 1
[29-Sep-2026 20:45:49 America/Bogota] Total créditos en BD: 0
[29-Sep-2026 20:45:49 America/Bogota] IDs en BD: []
[29-Sep-2026 20:45:49 America/Bogota] Estados en BD: []
[29-Sep-2026 20:45:49 America/Bogota] Saldos en BD: []
[29-Sep-2026 20:45:49 America/Bogota] Después de mapear: 0
[29-Sep-2026 20:45:49 America/Bogota] ========== FIN LISTAR CREDITOS DEBUG ==========
[29-Sep-2026 20:45:49 America/Bogota] Después de agrupar por cliente: 0 créditos
[29-Sep-2026 20:45:49 America/Bogota] IDs finales: []
[29-Sep-2026 20:46:19 America/Bogota] PRECIO_COMPRA: Lock existe - No se requiere migración
[29-Sep-2026 20:46:19 America/Bogota] === INICIO SETUP PRECIO_COMPRA ===
[29-Sep-2026 20:46:19 America/Bogota] ❌ ERROR: SQLSTATE[HY000]: General error: 1 near "SHOW": syntax error
[29-Sep-2026 20:46:19 America/Bogota] Stack: #0 C:\xampp\htdocs\nombre_de_empresa\Config\setup_precio_compra.php(31): PDO->query('SHOW COLUMNS FR...')
#1 C:\xampp\htdocs\nombre_de_empresa\Config\database.php(273): require_once('C:\\xampp\\htdocs...')
#2 C:\xampp\htdocs\nombre_de_empresa\Controllers\CreditosController.php(9): require_once('C:\\xampp\\htdocs...')
#3 {main}
[29-Sep-2026 20:46:19 America/Bogota] ========== LISTAR CREDITOS DEBUG ==========
[29-Sep-2026 20:46:19 America/Bogota] Empresa ID: 1
[29-Sep-2026 20:46:19 America/Bogota] Total créditos en BD: 0
[29-Sep-2026 20:46:19 America/Bogota] IDs en BD: []
[29-Sep-2026 20:46:19 America/Bogota] Estados en BD: []
[29-Sep-2026 20:46:19 America/Bogota] Saldos en BD: []
[29-Sep-2026 20:46:19 America/Bogota] Después de mapear: 0
[29-Sep-2026 20:46:19 America/Bogota] ========== FIN LISTAR CREDITOS DEBUG ==========
[29-Sep-2026 20:46:19 America/Bogota] Después de agrupar por cliente: 0 créditos
[29-Sep-2026 20:46:19 America/Bogota] IDs finales: []
[29-Sep-2026 20:46:19 America/Bogota] PRECIO_COMPRA: Lock existe - No se requiere migración
[29-Sep-2026 20:46:19 America/Bogota] === INICIO SETUP PRECIO_COMPRA ===
[29-Sep-2026 20:46:19 America/Bogota] ❌ ERROR: SQLSTATE[HY000]: General error: 1 near "SHOW": syntax error
[29-Sep-2026 20:46:19 America/Bogota] Stack: #0 C:\xampp\htdocs\nombre_de_empresa\Config\setup_precio_compra.php(31): PDO->query('SHOW COLUMNS FR...')
#1 C:\xampp\htdocs\nombre_de_empresa\Config\database.php(273): require_once('C:\\xampp\\htdocs...')
#2 C:\xampp\htdocs\nombre_de_empresa\Controllers\CreditosController.php(9): require_once('C:\\xampp\\htdocs...')
#3 {main}
[29-Sep-2026 20:46:19 America/Bogota] ========== LISTAR CREDITOS DEBUG ==========
[29-Sep-2026 20:46:19 America/Bogota] Empresa ID: 1
[29-Sep-2026 20:46:19 America/Bogota] Total créditos en BD: 0
[29-Sep-2026 20:46:19 America/Bogota] IDs en BD: []
[29-Sep-2026 20:46:19 America/Bogota] Estados en BD: []
[29-Sep-2026 20:46:19 America/Bogota] Saldos en BD: []
[29-Sep-2026 20:46:19 America/Bogota] Después de mapear: 0
[29-Sep-2026 20:46:19 America/Bogota] ========== FIN LISTAR CREDITOS DEBUG ==========
[29-Sep-2026 20:46:19 America/Bogota] Después de agrupar por cliente: 0 créditos
[29-Sep-2026 20:46:19 America/Bogota] IDs finales: []
[29-Sep-2026 20:46:53 America/Bogota] PRECIO_COMPRA: Lock existe - No se requiere migración
[29-Sep-2026 20:46:53 America/Bogota] === INICIO SETUP PRECIO_COMPRA ===
[29-Sep-2026 20:46:53 America/Bogota] ❌ ERROR: SQLSTATE[HY000]: General error: 1 near "SHOW": syntax error
[29-Sep-2026 20:46:53 America/Bogota] Stack: #0 C:\xampp\htdocs\nombre_de_empresa\Config\setup_precio_compra.php(31): PDO->query('SHOW COLUMNS FR...')
#1 C:\xampp\htdocs\nombre_de_empresa\Config\database.php(273): require_once('C:\\xampp\\htdocs...')
#2 C:\xampp\htdocs\nombre_de_empresa\Controllers\CreditosController.php(9): require_once('C:\\xampp\\htdocs...')
#3 {main}
[29-Sep-2026 20:46:53 America/Bogota] ========== LISTAR CREDITOS DEBUG ==========
[29-Sep-2026 20:46:53 America/Bogota] Empresa ID: 1
[29-Sep-2026 20:46:53 America/Bogota] Total créditos en BD: 0
[29-Sep-2026 20:46:53 America/Bogota] IDs en BD: []
[29-Sep-2026 20:46:53 America/Bogota] Estados en BD: []
[29-Sep-2026 20:46:53 America/Bogota] Saldos en BD: []
[29-Sep-2026 20:46:53 America/Bogota] Después de mapear: 0
[29-Sep-2026 20:46:53 America/Bogota] ========== FIN LISTAR CREDITOS DEBUG ==========
[29-Sep-2026 20:46:55 America/Bogota] PRECIO_COMPRA: Lock existe - No se requiere migración
[29-Sep-2026 20:46:55 America/Bogota] === INICIO SETUP PRECIO_COMPRA ===
[29-Sep-2026 20:46:55 America/Bogota] ❌ ERROR: SQLSTATE[HY000]: General error: 1 near "SHOW": syntax error
[29-Sep-2026 20:46:55 America/Bogota] Stack: #0 C:\xampp\htdocs\nombre_de_empresa\Config\setup_precio_compra.php(31): PDO->query('SHOW COLUMNS FR...')
#1 C:\xampp\htdocs\nombre_de_empresa\Config\database.php(273): require_once('C:\\xampp\\htdocs...')
#2 C:\xampp\htdocs\nombre_de_empresa\Controllers\CreditosController.php(9): require_once('C:\\xampp\\htdocs...')
#3 {main}
[29-Sep-2026 20:46:55 America/Bogota] ========== LISTAR CREDITOS DEBUG ==========
[29-Sep-2026 20:46:55 America/Bogota] Empresa ID: 1
[29-Sep-2026 20:46:55 America/Bogota] Total créditos en BD: 0
[29-Sep-2026 20:46:55 America/Bogota] IDs en BD: []
[29-Sep-2026 20:46:55 America/Bogota] Estados en BD: []
[29-Sep-2026 20:46:55 America/Bogota] Saldos en BD: []
[29-Sep-2026 20:46:55 America/Bogota] Después de mapear: 0
[29-Sep-2026 20:46:55 America/Bogota] ========== FIN LISTAR CREDITOS DEBUG ==========
[29-Sep-2026 20:47:06 America/Bogota] PRECIO_COMPRA: Lock existe - No se requiere migración
[29-Sep-2026 20:47:06 America/Bogota] === INICIO SETUP PRECIO_COMPRA ===
[29-Sep-2026 20:47:06 America/Bogota] ❌ ERROR: SQLSTATE[HY000]: General error: 1 near "SHOW": syntax error
[29-Sep-2026 20:47:06 America/Bogota] Stack: #0 C:\xampp\htdocs\nombre_de_empresa\Config\setup_precio_compra.php(31): PDO->query('SHOW COLUMNS FR...')
#1 C:\xampp\htdocs\nombre_de_empresa\Config\database.php(273): require_once('C:\\xampp\\htdocs...')
#2 C:\xampp\htdocs\nombre_de_empresa\Controllers\BaseDatosController.php(10): require_once('C:\\xampp\\htdocs...')
#3 {main}
[29-Sep-2026 20:47:08 America/Bogota] PRECIO_COMPRA: Lock existe - No se requiere migración
[29-Sep-2026 20:47:08 America/Bogota] === INICIO SETUP PRECIO_COMPRA ===
[29-Sep-2026 20:47:08 America/Bogota] ❌ ERROR: SQLSTATE[HY000]: General error: 1 near "SHOW": syntax error
[29-Sep-2026 20:47:08 America/Bogota] Stack: #0 C:\xampp\htdocs\nombre_de_empresa\Config\setup_precio_compra.php(31): PDO->query('SHOW COLUMNS FR...')
#1 C:\xampp\htdocs\nombre_de_empresa\Config\database.php(273): require_once('C:\\xampp\\htdocs...')
#2 C:\xampp\htdocs\nombre_de_empresa\Controllers\CreditosController.php(9): require_once('C:\\xampp\\htdocs...')
#3 {main}
[29-Sep-2026 20:47:08 America/Bogota] ========== LISTAR CREDITOS DEBUG ==========
[29-Sep-2026 20:47:08 America/Bogota] Empresa ID: 1
[29-Sep-2026 20:47:08 America/Bogota] Total créditos en BD: 24
[29-Sep-2026 20:47:08 America/Bogota] IDs en BD: ["24","23","22","21","20","19","18","17","16","15","14","13","12","11","10","9","8","7","6","5","4","3","2","1"]
[29-Sep-2026 20:47:08 America/Bogota] Estados en BD: ["pagado","pagado","pagado","pagado","pagado","pagado","pagado","pagado","pagado","pagado","pagado","pagado","pagado","pagado","pagado","pagado","pagado","pagado","pagado","pagado","pagado","pagado","pagado","pagado"]
[29-Sep-2026 20:47:08 America/Bogota] Saldos en BD: ["0","0","0","0","0","0","0","0","0","0","0","0","0","0","0","0","0","0","0","0","0","0","0","0"]
[29-Sep-2026 20:47:08 America/Bogota] Después de mapear: 24
[29-Sep-2026 20:47:08 America/Bogota] ========== FIN LISTAR CREDITOS DEBUG ==========
[29-Sep-2026 20:47:10 America/Bogota] PRECIO_COMPRA: Lock existe - No se requiere migración
[29-Sep-2026 20:47:10 America/Bogota] === INICIO SETUP PRECIO_COMPRA ===
[29-Sep-2026 20:47:10 America/Bogota] ❌ ERROR: SQLSTATE[HY000]: General error: 1 near "SHOW": syntax error
[29-Sep-2026 20:47:10 America/Bogota] Stack: #0 C:\xampp\htdocs\nombre_de_empresa\Config\setup_precio_compra.php(31): PDO->query('SHOW COLUMNS FR...')
#1 C:\xampp\htdocs\nombre_de_empresa\Config\database.php(273): require_once('C:\\xampp\\htdocs...')
#2 C:\xampp\htdocs\nombre_de_empresa\Controllers\CreditosController.php(9): require_once('C:\\xampp\\htdocs...')
#3 {main}
[29-Sep-2026 20:47:10 America/Bogota] ========== LISTAR CREDITOS DEBUG ==========
[29-Sep-2026 20:47:10 America/Bogota] Empresa ID: 1
[29-Sep-2026 20:47:10 America/Bogota] Total créditos en BD: 24
[29-Sep-2026 20:47:10 America/Bogota] IDs en BD: ["24","23","22","21","20","19","18","17","16","15","14","13","12","11","10","9","8","7","6","5","4","3","2","1"]
[29-Sep-2026 20:47:10 America/Bogota] Estados en BD: ["pagado","pagado","pagado","pagado","pagado","pagado","pagado","pagado","pagado","pagado","pagado","pagado","pagado","pagado","pagado","pagado","pagado","pagado","pagado","pagado","pagado","pagado","pagado","pagado"]
[29-Sep-2026 20:47:10 America/Bogota] Saldos en BD: ["0","0","0","0","0","0","0","0","0","0","0","0","0","0","0","0","0","0","0","0","0","0","0","0"]
[29-Sep-2026 20:47:10 America/Bogota] Después de mapear: 24
[29-Sep-2026 20:47:10 America/Bogota] ========== FIN LISTAR CREDITOS DEBUG ==========
[29-Sep-2026 20:47:10 America/Bogota] PRECIO_COMPRA: Lock existe - No se requiere migración
[29-Sep-2026 20:47:10 America/Bogota] === INICIO SETUP PRECIO_COMPRA ===
[29-Sep-2026 20:47:10 America/Bogota] ❌ ERROR: SQLSTATE[HY000]: General error: 1 near "SHOW": syntax error
[29-Sep-2026 20:47:10 America/Bogota] Stack: #0 C:\xampp\htdocs\nombre_de_empresa\Config\setup_precio_compra.php(31): PDO->query('SHOW COLUMNS FR...')
#1 C:\xampp\htdocs\nombre_de_empresa\Config\database.php(273): require_once('C:\\xampp\\htdocs...')
#2 C:\xampp\htdocs\nombre_de_empresa\Controllers\CreditosController.php(9): require_once('C:\\xampp\\htdocs...')
#3 {main}
[29-Sep-2026 20:47:12 America/Bogota] PRECIO_COMPRA: Lock existe - No se requiere migración
[29-Sep-2026 20:47:12 America/Bogota] === INICIO SETUP PRECIO_COMPRA ===
[29-Sep-2026 20:47:12 America/Bogota] ❌ ERROR: SQLSTATE[HY000]: General error: 1 near "SHOW": syntax error
[29-Sep-2026 20:47:12 America/Bogota] Stack: #0 C:\xampp\htdocs\nombre_de_empresa\Config\setup_precio_compra.php(31): PDO->query('SHOW COLUMNS FR...')
#1 C:\xampp\htdocs\nombre_de_empresa\Config\database.php(273): require_once('C:\\xampp\\htdocs...')
#2 C:\xampp\htdocs\nombre_de_empresa\Controllers\CreditosController.php(9): require_once('C:\\xampp\\htdocs...')
#3 {main}
[29-Sep-2026 20:47:14 America/Bogota] PRECIO_COMPRA: Lock existe - No se requiere migración
[29-Sep-2026 20:47:14 America/Bogota] === INICIO SETUP PRECIO_COMPRA ===
[29-Sep-2026 20:47:15 America/Bogota] ❌ ERROR: SQLSTATE[HY000]: General error: 1 near "SHOW": syntax error
[29-Sep-2026 20:47:15 America/Bogota] Stack: #0 C:\xampp\htdocs\nombre_de_empresa\Config\setup_precio_compra.php(31): PDO->query('SHOW COLUMNS FR...')
#1 C:\xampp\htdocs\nombre_de_empresa\Config\database.php(273): require_once('C:\\xampp\\htdocs...')
#2 C:\xampp\htdocs\nombre_de_empresa\Controllers\CreditosController.php(9): require_once('C:\\xampp\\htdocs...')
#3 {main}
[29-Sep-2026 20:47:15 America/Bogota] ========== LISTAR CREDITOS DEBUG ==========
[29-Sep-2026 20:47:15 America/Bogota] Empresa ID: 1
[29-Sep-2026 20:47:15 America/Bogota] Total créditos en BD: 23
[29-Sep-2026 20:47:15 America/Bogota] IDs en BD: ["24","23","22","21","20","19","18","17","16","15","14","13","12","11","10","9","8","7","6","5","4","3","2"]
[29-Sep-2026 20:47:15 America/Bogota] Estados en BD: ["pagado","pagado","pagado","pagado","pagado","pagado","pagado","pagado","pagado","pagado","pagado","pagado","pagado","pagado","pagado","pagado","pagado","pagado","pagado","pagado","pagado","pagado","pagado"]
[29-Sep-2026 20:47:15 America/Bogota] Saldos en BD: ["0","0","0","0","0","0","0","0","0","0","0","0","0","0","0","0","0","0","0","0","0","0","0"]
[29-Sep-2026 20:47:15 America/Bogota] Después de mapear: 23
[29-Sep-2026 20:47:15 America/Bogota] ========== FIN LISTAR CREDITOS DEBUG ==========
[29-Sep-2026 20:47:15 America/Bogota] PRECIO_COMPRA: Lock existe - No se requiere migración
[29-Sep-2026 20:47:15 America/Bogota] === INICIO SETUP PRECIO_COMPRA ===
[29-Sep-2026 20:47:15 America/Bogota] ❌ ERROR: SQLSTATE[HY000]: General error: 1 near "SHOW": syntax error
[29-Sep-2026 20:47:15 America/Bogota] Stack: #0 C:\xampp\htdocs\nombre_de_empresa\Config\setup_precio_compra.php(31): PDO->query('SHOW COLUMNS FR...')
#1 C:\xampp\htdocs\nombre_de_empresa\Config\database.php(273): require_once('C:\\xampp\\htdocs...')
#2 C:\xampp\htdocs\nombre_de_empresa\Controllers\CreditosController.php(9): require_once('C:\\xampp\\htdocs...')
#3 {main}
[29-Sep-2026 20:47:15 America/Bogota] ========== LISTAR CREDITOS DEBUG ==========
[29-Sep-2026 20:47:15 America/Bogota] Empresa ID: 1
[29-Sep-2026 20:47:15 America/Bogota] Total créditos en BD: 23
[29-Sep-2026 20:47:15 America/Bogota] IDs en BD: ["24","23","22","21","20","19","18","17","16","15","14","13","12","11","10","9","8","7","6","5","4","3","2"]
[29-Sep-2026 20:47:15 America/Bogota] Estados en BD: ["pagado","pagado","pagado","pagado","pagado","pagado","pagado","pagado","pagado","pagado","pagado","pagado","pagado","pagado","pagado","pagado","pagado","pagado","pagado","pagado","pagado","pagado","pagado"]
[29-Sep-2026 20:47:15 America/Bogota] Saldos en BD: ["0","0","0","0","0","0","0","0","0","0","0","0","0","0","0","0","0","0","0","0","0","0","0"]
[29-Sep-2026 20:47:15 America/Bogota] Después de mapear: 23
[29-Sep-2026 20:47:15 America/Bogota] ========== FIN LISTAR CREDITOS DEBUG ==========
[29-Sep-2026 20:47:15 America/Bogota] PRECIO_COMPRA: Lock existe - No se requiere migración
[29-Sep-2026 20:47:15 America/Bogota] === INICIO SETUP PRECIO_COMPRA ===
[29-Sep-2026 20:47:15 America/Bogota] ❌ ERROR: SQLSTATE[HY000]: General error: 1 near "SHOW": syntax error
[29-Sep-2026 20:47:15 America/Bogota] Stack: #0 C:\xampp\htdocs\nombre_de_empresa\Config\setup_precio_compra.php(31): PDO->query('SHOW COLUMNS FR...')
#1 C:\xampp\htdocs\nombre_de_empresa\Config\database.php(273): require_once('C:\\xampp\\htdocs...')
#2 C:\xampp\htdocs\nombre_de_empresa\Controllers\CreditosController.php(9): require_once('C:\\xampp\\htdocs...')
#3 {main}
[29-Sep-2026 20:47:33 America/Bogota] PRECIO_COMPRA: Lock existe - No se requiere migración
[29-Sep-2026 20:47:33 America/Bogota] === INICIO SETUP PRECIO_COMPRA ===
[29-Sep-2026 20:47:33 America/Bogota] ❌ ERROR: SQLSTATE[HY000]: General error: 1 near "SHOW": syntax error
[29-Sep-2026 20:47:33 America/Bogota] Stack: #0 C:\xampp\htdocs\nombre_de_empresa\Config\setup_precio_compra.php(31): PDO->query('SHOW COLUMNS FR...')
#1 C:\xampp\htdocs\nombre_de_empresa\Config\database.php(273): require_once('C:\\xampp\\htdocs...')
#2 C:\xampp\htdocs\nombre_de_empresa\Controllers\CreditosController.php(9): require_once('C:\\xampp\\htdocs...')
#3 {main}
[29-Sep-2026 20:47:33 America/Bogota] ========== LISTAR CREDITOS DEBUG ==========
[29-Sep-2026 20:47:33 America/Bogota] Empresa ID: 1
[29-Sep-2026 20:47:33 America/Bogota] Total créditos en BD: 23
[29-Sep-2026 20:47:33 America/Bogota] IDs en BD: ["24","23","22","21","20","19","18","17","16","15","14","13","12","11","10","9","8","7","6","5","4","3","2"]
[29-Sep-2026 20:47:33 America/Bogota] Estados en BD: ["pagado","pagado","pagado","pagado","pagado","pagado","pagado","pagado","pagado","pagado","pagado","pagado","pagado","pagado","pagado","pagado","pagado","pagado","pagado","pagado","pagado","pagado","pagado"]
[29-Sep-2026 20:47:33 America/Bogota] Saldos en BD: ["0","0","0","0","0","0","0","0","0","0","0","0","0","0","0","0","0","0","0","0","0","0","0"]
[29-Sep-2026 20:47:33 America/Bogota] Después de mapear: 23
[29-Sep-2026 20:47:33 America/Bogota] ========== FIN LISTAR CREDITOS DEBUG ==========
[29-Sep-2026 20:47:33 America/Bogota] PRECIO_COMPRA: Lock existe - No se requiere migración
[29-Sep-2026 20:47:33 America/Bogota] === INICIO SETUP PRECIO_COMPRA ===
[29-Sep-2026 20:47:33 America/Bogota] ❌ ERROR: SQLSTATE[HY000]: General error: 1 near "SHOW": syntax error
[29-Sep-2026 20:47:33 America/Bogota] Stack: #0 C:\xampp\htdocs\nombre_de_empresa\Config\setup_precio_compra.php(31): PDO->query('SHOW COLUMNS FR...')
#1 C:\xampp\htdocs\nombre_de_empresa\Config\database.php(273): require_once('C:\\xampp\\htdocs...')
#2 C:\xampp\htdocs\nombre_de_empresa\Controllers\CreditosController.php(9): require_once('C:\\xampp\\htdocs...')
#3 {main}
[29-Sep-2026 20:47:33 America/Bogota] ========== LISTAR CREDITOS DEBUG ==========
[29-Sep-2026 20:47:33 America/Bogota] Empresa ID: 1
[29-Sep-2026 20:47:33 America/Bogota] Total créditos en BD: 23
[29-Sep-2026 20:47:33 America/Bogota] IDs en BD: ["24","23","22","21","20","19","18","17","16","15","14","13","12","11","10","9","8","7","6","5","4","3","2"]
[29-Sep-2026 20:47:33 America/Bogota] Estados en BD: ["pagado","pagado","pagado","pagado","pagado","pagado","pagado","pagado","pagado","pagado","pagado","pagado","pagado","pagado","pagado","pagado","pagado","pagado","pagado","pagado","pagado","pagado","pagado"]
[29-Sep-2026 20:47:33 America/Bogota] Saldos en BD: ["0","0","0","0","0","0","0","0","0","0","0","0","0","0","0","0","0","0","0","0","0","0","0"]
[29-Sep-2026 20:47:33 America/Bogota] Después de mapear: 23
[29-Sep-2026 20:47:33 America/Bogota] ========== FIN LISTAR CREDITOS DEBUG ==========
[29-Sep-2026 20:47:33 America/Bogota] PRECIO_COMPRA: Lock existe - No se requiere migración
[29-Sep-2026 20:47:33 America/Bogota] === INICIO SETUP PRECIO_COMPRA ===
[29-Sep-2026 20:47:33 America/Bogota] ❌ ERROR: SQLSTATE[HY000]: General error: 1 near "SHOW": syntax error
[29-Sep-2026 20:47:33 America/Bogota] Stack: #0 C:\xampp\htdocs\nombre_de_empresa\Config\setup_precio_compra.php(31): PDO->query('SHOW COLUMNS FR...')
#1 C:\xampp\htdocs\nombre_de_empresa\Config\database.php(273): require_once('C:\\xampp\\htdocs...')
#2 C:\xampp\htdocs\nombre_de_empresa\Controllers\CreditosController.php(9): require_once('C:\\xampp\\htdocs...')
#3 {main}
[29-Sep-2026 20:47:35 America/Bogota] PRECIO_COMPRA: Lock existe - No se requiere migración
[29-Sep-2026 20:47:35 America/Bogota] === INICIO SETUP PRECIO_COMPRA ===
[29-Sep-2026 20:47:35 America/Bogota] ❌ ERROR: SQLSTATE[HY000]: General error: 1 near "SHOW": syntax error
[29-Sep-2026 20:47:35 America/Bogota] Stack: #0 C:\xampp\htdocs\nombre_de_empresa\Config\setup_precio_compra.php(31): PDO->query('SHOW COLUMNS FR...')
#1 C:\xampp\htdocs\nombre_de_empresa\Config\database.php(273): require_once('C:\\xampp\\htdocs...')
#2 C:\xampp\htdocs\nombre_de_empresa\Controllers\CreditosController.php(9): require_once('C:\\xampp\\htdocs...')
#3 {main}
[29-Sep-2026 20:47:37 America/Bogota] PRECIO_COMPRA: Lock existe - No se requiere migración
[29-Sep-2026 20:47:37 America/Bogota] === INICIO SETUP PRECIO_COMPRA ===
[29-Sep-2026 20:47:37 America/Bogota] ❌ ERROR: SQLSTATE[HY000]: General error: 1 near "SHOW": syntax error
[29-Sep-2026 20:47:37 America/Bogota] Stack: #0 C:\xampp\htdocs\nombre_de_empresa\Config\setup_precio_compra.php(31): PDO->query('SHOW COLUMNS FR...')
#1 C:\xampp\htdocs\nombre_de_empresa\Config\database.php(273): require_once('C:\\xampp\\htdocs...')
#2 C:\xampp\htdocs\nombre_de_empresa\Controllers\CreditosController.php(9): require_once('C:\\xampp\\htdocs...')
#3 {main}
[29-Sep-2026 20:47:37 America/Bogota] ========== LISTAR CREDITOS DEBUG ==========
[29-Sep-2026 20:47:37 America/Bogota] Empresa ID: 1
[29-Sep-2026 20:47:37 America/Bogota] Total créditos en BD: 0
[29-Sep-2026 20:47:37 America/Bogota] IDs en BD: []
[29-Sep-2026 20:47:37 America/Bogota] Estados en BD: []
[29-Sep-2026 20:47:37 America/Bogota] Saldos en BD: []
[29-Sep-2026 20:47:37 America/Bogota] Después de mapear: 0
[29-Sep-2026 20:47:37 America/Bogota] ========== FIN LISTAR CREDITOS DEBUG ==========
[29-Sep-2026 20:47:37 America/Bogota] PRECIO_COMPRA: Lock existe - No se requiere migración
[29-Sep-2026 20:47:37 America/Bogota] === INICIO SETUP PRECIO_COMPRA ===
[29-Sep-2026 20:47:37 America/Bogota] ❌ ERROR: SQLSTATE[HY000]: General error: 1 near "SHOW": syntax error
[29-Sep-2026 20:47:37 America/Bogota] Stack: #0 C:\xampp\htdocs\nombre_de_empresa\Config\setup_precio_compra.php(31): PDO->query('SHOW COLUMNS FR...')
#1 C:\xampp\htdocs\nombre_de_empresa\Config\database.php(273): require_once('C:\\xampp\\htdocs...')
#2 C:\xampp\htdocs\nombre_de_empresa\Controllers\CreditosController.php(9): require_once('C:\\xampp\\htdocs...')
#3 {main}
[29-Sep-2026 20:47:37 America/Bogota] ========== LISTAR CREDITOS DEBUG ==========
[29-Sep-2026 20:47:37 America/Bogota] Empresa ID: 1
[29-Sep-2026 20:47:37 America/Bogota] Total créditos en BD: 0
[29-Sep-2026 20:47:37 America/Bogota] IDs en BD: []
[29-Sep-2026 20:47:37 America/Bogota] Estados en BD: []
[29-Sep-2026 20:47:37 America/Bogota] Saldos en BD: []
[29-Sep-2026 20:47:37 America/Bogota] Después de mapear: 0
[29-Sep-2026 20:47:37 America/Bogota] ========== FIN LISTAR CREDITOS DEBUG ==========
[29-Sep-2026 20:47:38 America/Bogota] PRECIO_COMPRA: Lock existe - No se requiere migración
[29-Sep-2026 20:47:38 America/Bogota] === INICIO SETUP PRECIO_COMPRA ===
[29-Sep-2026 20:47:38 America/Bogota] ❌ ERROR: SQLSTATE[HY000]: General error: 1 near "SHOW": syntax error
[29-Sep-2026 20:47:38 America/Bogota] Stack: #0 C:\xampp\htdocs\nombre_de_empresa\Config\setup_precio_compra.php(31): PDO->query('SHOW COLUMNS FR...')
#1 C:\xampp\htdocs\nombre_de_empresa\Config\database.php(273): require_once('C:\\xampp\\htdocs...')
#2 C:\xampp\htdocs\nombre_de_empresa\Controllers\CreditosController.php(9): require_once('C:\\xampp\\htdocs...')
#3 {main}
[29-Sep-2026 20:47:38 America/Bogota] ========== LISTAR CREDITOS DEBUG ==========
[29-Sep-2026 20:47:38 America/Bogota] Empresa ID: 1
[29-Sep-2026 20:47:38 America/Bogota] Total créditos en BD: 0
[29-Sep-2026 20:47:38 America/Bogota] IDs en BD: []
[29-Sep-2026 20:47:38 America/Bogota] Estados en BD: []
[29-Sep-2026 20:47:38 America/Bogota] Saldos en BD: []
[29-Sep-2026 20:47:38 America/Bogota] Después de mapear: 0
[29-Sep-2026 20:47:38 America/Bogota] ========== FIN LISTAR CREDITOS DEBUG ==========
[29-Sep-2026 20:47:38 America/Bogota] PRECIO_COMPRA: Lock existe - No se requiere migración
[29-Sep-2026 20:47:38 America/Bogota] === INICIO SETUP PRECIO_COMPRA ===
[29-Sep-2026 20:47:38 America/Bogota] ❌ ERROR: SQLSTATE[HY000]: General error: 1 near "SHOW": syntax error
[29-Sep-2026 20:47:38 America/Bogota] Stack: #0 C:\xampp\htdocs\nombre_de_empresa\Config\setup_precio_compra.php(31): PDO->query('SHOW COLUMNS FR...')
#1 C:\xampp\htdocs\nombre_de_empresa\Config\database.php(273): require_once('C:\\xampp\\htdocs...')
#2 C:\xampp\htdocs\nombre_de_empresa\Controllers\CreditosController.php(9): require_once('C:\\xampp\\htdocs...')
#3 {main}
[29-Sep-2026 20:47:38 America/Bogota] ========== LISTAR CREDITOS DEBUG ==========
[29-Sep-2026 20:47:38 America/Bogota] Empresa ID: 1
[29-Sep-2026 20:47:38 America/Bogota] Total créditos en BD: 0
[29-Sep-2026 20:47:38 America/Bogota] IDs en BD: []
[29-Sep-2026 20:47:38 America/Bogota] Estados en BD: []
[29-Sep-2026 20:47:38 America/Bogota] Saldos en BD: []
[29-Sep-2026 20:47:38 America/Bogota] Después de mapear: 0
[29-Sep-2026 20:47:38 America/Bogota] ========== FIN LISTAR CREDITOS DEBUG ==========
[29-Sep-2026 20:47:48 America/Bogota] PRECIO_COMPRA: Lock existe - No se requiere migración
[29-Sep-2026 20:47:48 America/Bogota] === INICIO SETUP PRECIO_COMPRA ===
[29-Sep-2026 20:47:48 America/Bogota] ❌ ERROR: SQLSTATE[HY000]: General error: 1 near "SHOW": syntax error
[29-Sep-2026 20:47:48 America/Bogota] Stack: #0 C:\xampp\htdocs\nombre_de_empresa\Config\setup_precio_compra.php(31): PDO->query('SHOW COLUMNS FR...')
#1 C:\xampp\htdocs\nombre_de_empresa\Config\database.php(273): require_once('C:\\xampp\\htdocs...')
#2 C:\xampp\htdocs\nombre_de_empresa\Controllers\BaseDatosController.php(10): require_once('C:\\xampp\\htdocs...')
#3 {main}
[29-Sep-2026 20:47:50 America/Bogota] PRECIO_COMPRA: No hay lock - Verificando productos...
[29-Sep-2026 20:47:50 America/Bogota] PRECIO_COMPRA ERROR: SQLSTATE[HY000]: General error: 1 no such column: precio_compra
[29-Sep-2026 20:47:50 America/Bogota] === INICIO SETUP PRECIO_COMPRA ===
[29-Sep-2026 20:47:50 America/Bogota] ❌ ERROR: SQLSTATE[HY000]: General error: 1 near "SHOW": syntax error
[29-Sep-2026 20:47:50 America/Bogota] Stack: #0 C:\xampp\htdocs\nombre_de_empresa\Config\setup_precio_compra.php(31): PDO->query('SHOW COLUMNS FR...')
#1 C:\xampp\htdocs\nombre_de_empresa\Config\database.php(273): require_once('C:\\xampp\\htdocs...')
#2 C:\xampp\htdocs\nombre_de_empresa\Controllers\CreditosController.php(9): require_once('C:\\xampp\\htdocs...')
#3 {main}
[29-Sep-2026 20:47:50 America/Bogota] ✅ Columna precio_compra creada en productos
[29-Sep-2026 20:47:50 America/Bogota] ========== LISTAR CREDITOS DEBUG ==========
[29-Sep-2026 20:47:50 America/Bogota] Empresa ID: 1
[29-Sep-2026 20:47:50 America/Bogota] Total créditos en BD: 24
[29-Sep-2026 20:47:50 America/Bogota] IDs en BD: ["24","23","22","21","20","19","18","17","16","15","14","13","12","11","10","9","8","7","6","5","4","3","2","1"]
[29-Sep-2026 20:47:50 America/Bogota] Estados en BD: ["pagado","pagado","pagado","pagado","pagado","pagado","pagado","pagado","pagado","pagado","pagado","pagado","pagado","pagado","pagado","pagado","pagado","pagado","pagado","pagado","pagado","pagado","pagado","pagado"]
[29-Sep-2026 20:47:50 America/Bogota] Saldos en BD: ["0","0","0","0","0","0","0","0","0","0","0","0","0","0","0","0","0","0","0","0","0","0","0","0"]
[29-Sep-2026 20:47:50 America/Bogota] Después de mapear: 24
[29-Sep-2026 20:47:50 America/Bogota] ========== FIN LISTAR CREDITOS DEBUG ==========
[29-Sep-2026 20:47:54 America/Bogota] PRECIO_COMPRA: Lock existe - No se requiere migración
[29-Sep-2026 20:47:54 America/Bogota] === INICIO SETUP PRECIO_COMPRA ===
[29-Sep-2026 20:47:54 America/Bogota] ❌ ERROR: SQLSTATE[HY000]: General error: 1 near "SHOW": syntax error
[29-Sep-2026 20:47:54 America/Bogota] Stack: #0 C:\xampp\htdocs\nombre_de_empresa\Config\setup_precio_compra.php(31): PDO->query('SHOW COLUMNS FR...')
#1 C:\xampp\htdocs\nombre_de_empresa\Config\database.php(273): require_once('C:\\xampp\\htdocs...')
#2 C:\xampp\htdocs\nombre_de_empresa\Controllers\CreditosController.php(9): require_once('C:\\xampp\\htdocs...')
#3 {main}
[29-Sep-2026 20:47:54 America/Bogota] ========== LISTAR CREDITOS DEBUG ==========
[29-Sep-2026 20:47:54 America/Bogota] Empresa ID: 1
[29-Sep-2026 20:47:54 America/Bogota] Total créditos en BD: 24
[29-Sep-2026 20:47:54 America/Bogota] IDs en BD: ["24","23","22","21","20","19","18","17","16","15","14","13","12","11","10","9","8","7","6","5","4","3","2","1"]
[29-Sep-2026 20:47:54 America/Bogota] Estados en BD: ["pagado","pagado","pagado","pagado","pagado","pagado","pagado","pagado","pagado","pagado","pagado","pagado","pagado","pagado","pagado","pagado","pagado","pagado","pagado","pagado","pagado","pagado","pagado","pagado"]
[29-Sep-2026 20:47:54 America/Bogota] Saldos en BD: ["0","0","0","0","0","0","0","0","0","0","0","0","0","0","0","0","0","0","0","0","0","0","0","0"]
[29-Sep-2026 20:47:54 America/Bogota] Después de mapear: 24
[29-Sep-2026 20:47:54 America/Bogota] ========== FIN LISTAR CREDITOS DEBUG ==========
[29-Sep-2026 20:47:54 America/Bogota] PRECIO_COMPRA: Lock existe - No se requiere migración
[29-Sep-2026 20:47:54 America/Bogota] === INICIO SETUP PRECIO_COMPRA ===
[29-Sep-2026 20:47:54 America/Bogota] ❌ ERROR: SQLSTATE[HY000]: General error: 1 near "SHOW": syntax error
[29-Sep-2026 20:47:54 America/Bogota] Stack: #0 C:\xampp\htdocs\nombre_de_empresa\Config\setup_precio_compra.php(31): PDO->query('SHOW COLUMNS FR...')
#1 C:\xampp\htdocs\nombre_de_empresa\Config\database.php(273): require_once('C:\\xampp\\htdocs...')
#2 C:\xampp\htdocs\nombre_de_empresa\Controllers\CreditosController.php(9): require_once('C:\\xampp\\htdocs...')
#3 {main}
[29-Sep-2026 20:47:54 America/Bogota] ========== LISTAR CREDITOS DEBUG ==========
[29-Sep-2026 20:47:54 America/Bogota] Empresa ID: 1
[29-Sep-2026 20:47:54 America/Bogota] Total créditos en BD: 24
[29-Sep-2026 20:47:54 America/Bogota] IDs en BD: ["24","23","22","21","20","19","18","17","16","15","14","13","12","11","10","9","8","7","6","5","4","3","2","1"]
[29-Sep-2026 20:47:54 America/Bogota] Estados en BD: ["pagado","pagado","pagado","pagado","pagado","pagado","pagado","pagado","pagado","pagado","pagado","pagado","pagado","pagado","pagado","pagado","pagado","pagado","pagado","pagado","pagado","pagado","pagado","pagado"]
[29-Sep-2026 20:47:54 America/Bogota] Saldos en BD: ["0","0","0","0","0","0","0","0","0","0","0","0","0","0","0","0","0","0","0","0","0","0","0","0"]
[29-Sep-2026 20:47:54 America/Bogota] Después de mapear: 24
[29-Sep-2026 20:47:54 America/Bogota] ========== FIN LISTAR CREDITOS DEBUG ==========
[29-Sep-2026 20:47:54 America/Bogota] PRECIO_COMPRA: Lock existe - No se requiere migración
[29-Sep-2026 20:47:54 America/Bogota] === INICIO SETUP PRECIO_COMPRA ===
[29-Sep-2026 20:47:54 America/Bogota] ❌ ERROR: SQLSTATE[HY000]: General error: 1 near "SHOW": syntax error
[29-Sep-2026 20:47:54 America/Bogota] Stack: #0 C:\xampp\htdocs\nombre_de_empresa\Config\setup_precio_compra.php(31): PDO->query('SHOW COLUMNS FR...')
#1 C:\xampp\htdocs\nombre_de_empresa\Config\database.php(273): require_once('C:\\xampp\\htdocs...')
#2 C:\xampp\htdocs\nombre_de_empresa\Controllers\CreditosController.php(9): require_once('C:\\xampp\\htdocs...')
#3 {main}
[29-Sep-2026 20:47:58 America/Bogota] PRECIO_COMPRA: Lock existe - No se requiere migración
[29-Sep-2026 20:47:58 America/Bogota] === INICIO SETUP PRECIO_COMPRA ===
[29-Sep-2026 20:47:58 America/Bogota] ❌ ERROR: SQLSTATE[HY000]: General error: 1 near "SHOW": syntax error
[29-Sep-2026 20:47:58 America/Bogota] Stack: #0 C:\xampp\htdocs\nombre_de_empresa\Config\setup_precio_compra.php(31): PDO->query('SHOW COLUMNS FR...')
#1 C:\xampp\htdocs\nombre_de_empresa\Config\database.php(273): require_once('C:\\xampp\\htdocs...')
#2 C:\xampp\htdocs\nombre_de_empresa\Controllers\CreditosController.php(9): require_once('C:\\xampp\\htdocs...')
#3 {main}
[29-Sep-2026 20:48:00 America/Bogota] PRECIO_COMPRA: Lock existe - No se requiere migración
[29-Sep-2026 20:48:00 America/Bogota] === INICIO SETUP PRECIO_COMPRA ===
[29-Sep-2026 20:48:00 America/Bogota] ❌ ERROR: SQLSTATE[HY000]: General error: 1 near "SHOW": syntax error
[29-Sep-2026 20:48:00 America/Bogota] Stack: #0 C:\xampp\htdocs\nombre_de_empresa\Config\setup_precio_compra.php(31): PDO->query('SHOW COLUMNS FR...')
#1 C:\xampp\htdocs\nombre_de_empresa\Config\database.php(273): require_once('C:\\xampp\\htdocs...')
#2 C:\xampp\htdocs\nombre_de_empresa\Controllers\CreditosController.php(9): require_once('C:\\xampp\\htdocs...')
#3 {main}
[29-Sep-2026 20:48:00 America/Bogota] ========== LISTAR CREDITOS DEBUG ==========
[29-Sep-2026 20:48:00 America/Bogota] Empresa ID: 1
[29-Sep-2026 20:48:00 America/Bogota] Total créditos en BD: 0
[29-Sep-2026 20:48:00 America/Bogota] IDs en BD: []
[29-Sep-2026 20:48:00 America/Bogota] Estados en BD: []
[29-Sep-2026 20:48:00 America/Bogota] Saldos en BD: []
[29-Sep-2026 20:48:00 America/Bogota] Después de mapear: 0
[29-Sep-2026 20:48:00 America/Bogota] ========== FIN LISTAR CREDITOS DEBUG ==========
[29-Sep-2026 20:48:00 America/Bogota] PRECIO_COMPRA: Lock existe - No se requiere migración
[29-Sep-2026 20:48:00 America/Bogota] === INICIO SETUP PRECIO_COMPRA ===
[29-Sep-2026 20:48:00 America/Bogota] ❌ ERROR: SQLSTATE[HY000]: General error: 1 near "SHOW": syntax error
[29-Sep-2026 20:48:00 America/Bogota] Stack: #0 C:\xampp\htdocs\nombre_de_empresa\Config\setup_precio_compra.php(31): PDO->query('SHOW COLUMNS FR...')
#1 C:\xampp\htdocs\nombre_de_empresa\Config\database.php(273): require_once('C:\\xampp\\htdocs...')
#2 C:\xampp\htdocs\nombre_de_empresa\Controllers\CreditosController.php(9): require_once('C:\\xampp\\htdocs...')
#3 {main}
[29-Sep-2026 20:48:00 America/Bogota] ========== LISTAR CREDITOS DEBUG ==========
[29-Sep-2026 20:48:00 America/Bogota] Empresa ID: 1
[29-Sep-2026 20:48:00 America/Bogota] Total créditos en BD: 0
[29-Sep-2026 20:48:00 America/Bogota] IDs en BD: []
[29-Sep-2026 20:48:00 America/Bogota] Estados en BD: []
[29-Sep-2026 20:48:00 America/Bogota] Saldos en BD: []
[29-Sep-2026 20:48:00 America/Bogota] Después de mapear: 0
[29-Sep-2026 20:48:00 America/Bogota] ========== FIN LISTAR CREDITOS DEBUG ==========
[29-Sep-2026 20:53:16 America/Bogota] PRECIO_COMPRA: Lock existe - No se requiere migración
[29-Sep-2026 20:53:16 America/Bogota] === INICIO SETUP PRECIO_COMPRA ===
[29-Sep-2026 20:53:16 America/Bogota] ❌ ERROR: SQLSTATE[HY000]: General error: 1 near "SHOW": syntax error
[29-Sep-2026 20:53:16 America/Bogota] Stack: #0 C:\xampp\htdocs\nombre_de_empresa\Config\setup_precio_compra.php(31): PDO->query('SHOW COLUMNS FR...')
#1 C:\xampp\htdocs\nombre_de_empresa\Config\database.php(273): require_once('C:\\xampp\\htdocs...')
#2 C:\xampp\htdocs\nombre_de_empresa\Controllers\BaseDatosController.php(10): require_once('C:\\xampp\\htdocs...')
#3 {main}
[29-Sep-2026 20:53:17 America/Bogota] PRECIO_COMPRA: No hay lock - Verificando productos...
[29-Sep-2026 20:53:17 America/Bogota] PRECIO_COMPRA ERROR: SQLSTATE[HY000]: General error: 1 no such column: precio_compra
[29-Sep-2026 20:53:17 America/Bogota] === INICIO SETUP PRECIO_COMPRA ===
[29-Sep-2026 20:53:17 America/Bogota] ❌ ERROR: SQLSTATE[HY000]: General error: 1 near "SHOW": syntax error
[29-Sep-2026 20:53:17 America/Bogota] Stack: #0 C:\xampp\htdocs\nombre_de_empresa\Config\setup_precio_compra.php(31): PDO->query('SHOW COLUMNS FR...')
#1 C:\xampp\htdocs\nombre_de_empresa\Config\database.php(273): require_once('C:\\xampp\\htdocs...')
#2 C:\xampp\htdocs\nombre_de_empresa\Controllers\CreditosController.php(9): require_once('C:\\xampp\\htdocs...')
#3 {main}
[29-Sep-2026 20:53:17 America/Bogota] ✅ Columna precio_compra creada en productos
[29-Sep-2026 20:53:20 America/Bogota] PRECIO_COMPRA: Lock existe - No se requiere migración
[29-Sep-2026 20:53:20 America/Bogota] === INICIO SETUP PRECIO_COMPRA ===
[29-Sep-2026 20:53:20 America/Bogota] ❌ ERROR: SQLSTATE[HY000]: General error: 1 near "SHOW": syntax error
[29-Sep-2026 20:53:20 America/Bogota] Stack: #0 C:\xampp\htdocs\nombre_de_empresa\Config\setup_precio_compra.php(31): PDO->query('SHOW COLUMNS FR...')
#1 C:\xampp\htdocs\nombre_de_empresa\Config\database.php(273): require_once('C:\\xampp\\htdocs...')
#2 C:\xampp\htdocs\nombre_de_empresa\Controllers\CreditosController.php(9): require_once('C:\\xampp\\htdocs...')
#3 {main}
[29-Sep-2026 20:53:20 America/Bogota] PRECIO_COMPRA: Lock existe - No se requiere migración
[29-Sep-2026 20:53:20 America/Bogota] === INICIO SETUP PRECIO_COMPRA ===
[29-Sep-2026 20:53:20 America/Bogota] ❌ ERROR: SQLSTATE[HY000]: General error: 1 near "SHOW": syntax error
[29-Sep-2026 20:53:20 America/Bogota] Stack: #0 C:\xampp\htdocs\nombre_de_empresa\Config\setup_precio_compra.php(31): PDO->query('SHOW COLUMNS FR...')
#1 C:\xampp\htdocs\nombre_de_empresa\Config\database.php(273): require_once('C:\\xampp\\htdocs...')
#2 C:\xampp\htdocs\nombre_de_empresa\Controllers\CreditosController.php(9): require_once('C:\\xampp\\htdocs...')
#3 {main}
[29-Sep-2026 20:53:22 America/Bogota] PRECIO_COMPRA: Lock existe - No se requiere migración
[29-Sep-2026 20:53:22 America/Bogota] === INICIO SETUP PRECIO_COMPRA ===
[29-Sep-2026 20:53:22 America/Bogota] ❌ ERROR: SQLSTATE[HY000]: General error: 1 near "SHOW": syntax error
[29-Sep-2026 20:53:22 America/Bogota] Stack: #0 C:\xampp\htdocs\nombre_de_empresa\Config\setup_precio_compra.php(31): PDO->query('SHOW COLUMNS FR...')
#1 C:\xampp\htdocs\nombre_de_empresa\Config\database.php(273): require_once('C:\\xampp\\htdocs...')
#2 C:\xampp\htdocs\nombre_de_empresa\Controllers\CreditosController.php(9): require_once('C:\\xampp\\htdocs...')
#3 {main}
[29-Sep-2026 21:46:22 America/Bogota] PRECIO_COMPRA: Lock existe - No se requiere migración
[29-Sep-2026 21:46:22 America/Bogota] No hay rol definido en la sesión
[29-Sep-2026 21:46:42 America/Bogota] PRECIO_COMPRA: Lock existe - No se requiere migración
[29-Sep-2026 21:46:45 America/Bogota] PRECIO_COMPRA: Lock existe - No se requiere migración
[29-Sep-2026 21:46:46 America/Bogota] PRECIO_COMPRA: Lock existe - No se requiere migración
[29-Sep-2026 21:46:47 America/Bogota] PRECIO_COMPRA: Lock existe - No se requiere migración
[29-Sep-2026 21:46:50 America/Bogota] PRECIO_COMPRA: Lock existe - No se requiere migración
[29-Sep-2026 21:46:52 America/Bogota] PRECIO_COMPRA: Lock existe - No se requiere migración
[29-Sep-2026 21:47:30 America/Bogota] PRECIO_COMPRA: Lock existe - No se requiere migración
[29-Sep-2026 21:47:30 America/Bogota] PRECIO_COMPRA: Lock existe - No se requiere migración
[29-Sep-2026 21:47:31 America/Bogota] PRECIO_COMPRA: Lock existe - No se requiere migración
[29-Sep-2026 21:47:36 America/Bogota] PRECIO_COMPRA: Lock existe - No se requiere migración
[29-Sep-2026 21:47:53 America/Bogota] PRECIO_COMPRA: Lock existe - No se requiere migración
[29-Sep-2026 21:48:00 America/Bogota] PRECIO_COMPRA: Lock existe - No se requiere migración
[29-Sep-2026 21:48:01 America/Bogota] PRECIO_COMPRA: No hay lock - Verificando productos...
[29-Sep-2026 21:48:01 America/Bogota] PRECIO_COMPRA ERROR: SQLSTATE[HY000]: General error: 1 no such column: precio_compra
[29-Sep-2026 21:48:01 America/Bogota] ✅ Columna precio_compra creada en productos
[29-Sep-2026 21:48:02 America/Bogota] PRECIO_COMPRA: Lock existe - No se requiere migración
[29-Sep-2026 21:48:03 America/Bogota] PRECIO_COMPRA: Lock existe - No se requiere migración
[29-Sep-2026 21:48:04 America/Bogota] PRECIO_COMPRA: Lock existe - No se requiere migración
[29-Sep-2026 21:48:06 America/Bogota] PRECIO_COMPRA: Lock existe - No se requiere migración
[29-Sep-2026 21:48:09 America/Bogota] PRECIO_COMPRA: Lock existe - No se requiere migración
[29-Sep-2026 21:48:11 America/Bogota] PRECIO_COMPRA: Lock existe - No se requiere migración
[29-Sep-2026 21:48:12 America/Bogota] PRECIO_COMPRA: Lock existe - No se requiere migración
[29-Sep-2026 21:48:15 America/Bogota] PRECIO_COMPRA: Lock existe - No se requiere migración
[29-Sep-2026 21:48:15 America/Bogota] PRECIO_COMPRA: Lock existe - No se requiere migración
[29-Sep-2026 21:48:15 America/Bogota] PRECIO_COMPRA: Lock existe - No se requiere migración
[29-Sep-2026 21:48:16 America/Bogota] PRECIO_COMPRA: Lock existe - No se requiere migración
[29-Sep-2026 21:48:25 America/Bogota] PRECIO_COMPRA: Lock existe - No se requiere migración
[29-Sep-2026 21:48:29 America/Bogota] PRECIO_COMPRA: Lock existe - No se requiere migración
[29-Sep-2026 21:48:38 America/Bogota] PRECIO_COMPRA: Lock existe - No se requiere migración
[29-Sep-2026 21:48:40 America/Bogota] PRECIO_COMPRA: No hay lock - Verificando productos...
[29-Sep-2026 21:48:40 America/Bogota] PRECIO_COMPRA ERROR: SQLSTATE[HY000]: General error: 1 no such column: precio_compra
[29-Sep-2026 21:48:40 America/Bogota] ✅ Columna precio_compra creada en productos
[29-Sep-2026 21:48:44 America/Bogota] PRECIO_COMPRA: Lock existe - No se requiere migración
[29-Sep-2026 21:48:45 America/Bogota] PRECIO_COMPRA: Lock existe - No se requiere migración
[29-Sep-2026 21:48:46 America/Bogota] PRECIO_COMPRA: Lock existe - No se requiere migración
[29-Sep-2026 21:48:50 America/Bogota] PRECIO_COMPRA: Lock existe - No se requiere migración
[29-Sep-2026 21:48:55 America/Bogota] PRECIO_COMPRA: Lock existe - No se requiere migración
[29-Sep-2026 21:48:59 America/Bogota] PRECIO_COMPRA: Lock existe - No se requiere migración
[29-Sep-2026 21:49:01 America/Bogota] PRECIO_COMPRA: Lock existe - No se requiere migración
[29-Sep-2026 21:49:01 America/Bogota] PRECIO_COMPRA: Lock existe - No se requiere migración
[29-Sep-2026 21:49:01 America/Bogota] PRECIO_COMPRA: Lock existe - No se requiere migración
[29-Sep-2026 21:49:03 America/Bogota] PRECIO_COMPRA: Lock existe - No se requiere migración
[29-Sep-2026 21:49:14 America/Bogota] PRECIO_COMPRA: Lock existe - No se requiere migración
[29-Sep-2026 21:49:15 America/Bogota] PRECIO_COMPRA: Lock existe - No se requiere migración
[29-Sep-2026 21:49:34 America/Bogota] PRECIO_COMPRA: Lock existe - No se requiere migración
[29-Sep-2026 21:49:36 America/Bogota] PRECIO_COMPRA: No hay lock - Verificando productos...
[29-Sep-2026 21:49:36 America/Bogota] PRECIO_COMPRA ERROR: SQLSTATE[HY000]: General error: 1 no such column: precio_compra
[29-Sep-2026 21:49:36 America/Bogota] ✅ Columna precio_compra creada en productos
[29-Sep-2026 21:49:36 America/Bogota] PRECIO_COMPRA: Lock existe - No se requiere migración
[29-Sep-2026 21:49:37 America/Bogota] PRECIO_COMPRA: Lock existe - No se requiere migración
[29-Sep-2026 21:49:40 America/Bogota] PRECIO_COMPRA: Lock existe - No se requiere migración
[29-Sep-2026 21:49:43 America/Bogota] PRECIO_COMPRA: Lock existe - No se requiere migración
[29-Sep-2026 21:49:51 America/Bogota] PRECIO_COMPRA: Lock existe - No se requiere migración
[29-Sep-2026 21:49:52 America/Bogota] PRECIO_COMPRA: Lock existe - No se requiere migración
[29-Sep-2026 21:49:57 America/Bogota] PRECIO_COMPRA: Lock existe - No se requiere migración
[29-Sep-2026 21:49:59 America/Bogota] PRECIO_COMPRA: Lock existe - No se requiere migración
[29-Sep-2026 21:51:35 America/Bogota] PRECIO_COMPRA: Lock existe - No se requiere migración
[29-Sep-2026 21:51:35 America/Bogota] PRECIO_COMPRA: Lock existe - No se requiere migración
[29-Sep-2026 21:51:36 America/Bogota] PRECIO_COMPRA: Lock existe - No se requiere migración
[29-Sep-2026 21:51:42 America/Bogota] PRECIO_COMPRA: Lock existe - No se requiere migración
[29-Sep-2026 21:51:43 America/Bogota] PRECIO_COMPRA: No hay lock - Verificando productos...
[29-Sep-2026 21:51:43 America/Bogota] PRECIO_COMPRA ERROR: SQLSTATE[HY000]: General error: 1 no such column: precio_compra
[29-Sep-2026 21:51:43 America/Bogota] ✅ Columna precio_compra creada en productos
[29-Sep-2026 21:51:46 America/Bogota] PRECIO_COMPRA: Lock existe - No se requiere migración
[29-Sep-2026 21:51:46 America/Bogota] PRECIO_COMPRA: Lock existe - No se requiere migración
[29-Sep-2026 21:51:47 America/Bogota] PRECIO_COMPRA: Lock existe - No se requiere migración
[29-Sep-2026 21:51:48 America/Bogota] PRECIO_COMPRA: Lock existe - No se requiere migración
[29-Sep-2026 21:51:51 America/Bogota] PRECIO_COMPRA: Lock existe - No se requiere migración
[29-Sep-2026 21:51:52 America/Bogota] PRECIO_COMPRA: Lock existe - No se requiere migración
[29-Sep-2026 21:51:54 America/Bogota] PRECIO_COMPRA: Lock existe - No se requiere migración
[29-Sep-2026 21:52:03 America/Bogota] PRECIO_COMPRA: Lock existe - No se requiere migración
[29-Sep-2026 21:52:09 America/Bogota] PRECIO_COMPRA: Lock existe - No se requiere migración
[29-Sep-2026 21:52:10 America/Bogota] PRECIO_COMPRA: No hay lock - Verificando productos...
[29-Sep-2026 21:52:10 America/Bogota] PRECIO_COMPRA ERROR: SQLSTATE[HY000]: General error: 1 no such column: precio_compra
[29-Sep-2026 21:52:10 America/Bogota] ✅ Columna precio_compra creada en productos
[29-Sep-2026 21:52:12 America/Bogota] PRECIO_COMPRA: Lock existe - No se requiere migración
[29-Sep-2026 21:52:13 America/Bogota] PRECIO_COMPRA: Lock existe - No se requiere migración
[29-Sep-2026 21:52:15 America/Bogota] PRECIO_COMPRA: Lock existe - No se requiere migración
[29-Sep-2026 21:52:19 America/Bogota] PRECIO_COMPRA: Lock existe - No se requiere migración
[29-Sep-2026 21:52:23 America/Bogota] PRECIO_COMPRA: Lock existe - No se requiere migración
[29-Sep-2026 21:52:25 America/Bogota] PRECIO_COMPRA: Lock existe - No se requiere migración
[29-Sep-2026 21:52:27 America/Bogota] PRECIO_COMPRA: Lock existe - No se requiere migración
[29-Sep-2026 21:52:29 America/Bogota] PRECIO_COMPRA: Lock existe - No se requiere migración
[29-Sep-2026 21:52:32 America/Bogota] PRECIO_COMPRA: Lock existe - No se requiere migración
[29-Sep-2026 21:52:34 America/Bogota] PRECIO_COMPRA: Lock existe - No se requiere migración
[29-Sep-2026 21:52:36 America/Bogota] PRECIO_COMPRA: Lock existe - No se requiere migración
[29-Sep-2026 21:52:46 America/Bogota] PRECIO_COMPRA: Lock existe - No se requiere migración
[29-Sep-2026 21:52:47 America/Bogota] PRECIO_COMPRA: No hay lock - Verificando productos...
[29-Sep-2026 21:52:47 America/Bogota] PRECIO_COMPRA ERROR: SQLSTATE[HY000]: General error: 1 no such column: precio_compra
[29-Sep-2026 21:52:47 America/Bogota] ✅ Columna precio_compra creada en productos
[29-Sep-2026 21:52:52 America/Bogota] PRECIO_COMPRA: Lock existe - No se requiere migración
[29-Sep-2026 21:52:53 America/Bogota] PRECIO_COMPRA: Lock existe - No se requiere migración
[29-Sep-2026 21:53:01 America/Bogota] PRECIO_COMPRA: Lock existe - No se requiere migración
